<?xml version="1.0" encoding="utf-8" ?>
<kml xmlns="http://www.opengis.net/kml/2.2">
<Document id="root_doc">
<Schema name="limites_apabf_linha" id="limites_apabf_linha">
	<SimpleField name="fid" type="float"></SimpleField>
	<SimpleField name="Id" type="int"></SimpleField>
	<SimpleField name="area" type="float"></SimpleField>
	<SimpleField name="PERÍMETRO" type="float"></SimpleField>
	<SimpleField name="CODIGO" type="string"></SimpleField>
	<SimpleField name="NM_ILHA" type="string"></SimpleField>
	<SimpleField name="NM_MUN" type="string"></SimpleField>
	<SimpleField name="AREA_KM2" type="string"></SimpleField>
	<SimpleField name="AREA_M2" type="string"></SimpleField>
	<SimpleField name="LATITUDE" type="string"></SimpleField>
	<SimpleField name="LONGITUDE" type="string"></SimpleField>
	<SimpleField name="LOCALIDADE" type="string"></SimpleField>
	<SimpleField name="PERT_UC" type="string"></SimpleField>
	<SimpleField name="layer" type="string"></SimpleField>
	<SimpleField name="path" type="string"></SimpleField>
</Schema>
<Folder><name>limites_apabf_linha</name>
  <Placemark id="limites_apabf_linha.1">
	<Style><LineStyle><color>ff0000ff</color></LineStyle><PolyStyle><fill>0</fill></PolyStyle></Style>
	<ExtendedData><SchemaData schemaUrl="#limites_apabf_linha">
		<SimpleData name="fid">1</SimpleData>
		<SimpleData name="Id">0</SimpleData>
		<SimpleData name="area">154362.81833</SimpleData>
		<SimpleData name="PERÍMETRO">426.067209715</SimpleData>
		<SimpleData name="layer">limite_apabf_linha_teste</SimpleData>
		<SimpleData name="path">C:\Users\HenriqueGerhardRodri\Documents\_GIS\Shapefiles\Limites APA\Limites APABF\limite_apabf_linha_teste\limite_apabf_linha_teste.shp</SimpleData>
	</SchemaData></ExtendedData>
      <MultiGeometry><LineString><coordinates>-48.4817013288185,-27.7699778064457,0 -48.4816853166582,-27.7699771626887,0 -48.481616520028,-27.76998391307,0 -48.4815708661931,-27.7699982537057,0 -48.4815412685991,-27.770024088751,0 -48.4815406475074,-27.7700246314313,0 -48.4815092617336,-27.7700528652031,0 -48.4814770533019,-27.7700763088712,0 -48.4814376595409,-27.7700937549649,0 -48.4813533859573,-27.7701103509547,0 -48.4812880283771,-27.7701124812789,0 -48.4812360664452,-27.7701246659138,0 -48.4812204490355,-27.770137358934,0 -48.4812151650656,-27.7701571268151,0 -48.4812253690164,-27.7702089154111,0 -48.4812119912005,-27.7702407270762,0 -48.4811890982594,-27.7702702522406,0 -48.4810648890077,-27.7703336815068,0 -48.4810242470322,-27.7703381209207,0 -48.4809995555669,-27.770315576196,0 -48.4809929897173,-27.7702926383305,0 -48.4809821667344,-27.7702695705294,0 -48.4809576617311,-27.7702422937498,0 -48.4809363453905,-27.7702151153064,0 -48.4809160192739,-27.7701898603285,0 -48.4808924684138,-27.7701654557517,0 -48.4808611411814,-27.7701493389073,0 -48.4808490525869,-27.7701504572341,0 -48.4808226617057,-27.7701528974792,0 -48.4807983062761,-27.7701767837498,0 -48.4807887355267,-27.7702039640326,0 -48.4807729627015,-27.7702262186791,0 -48.4807477246278,-27.7702453396297,0 -48.4807251299665,-27.7702512793715,0 -48.4806991563261,-27.770234378995,0 -48.4806724125016,-27.7702098770601,0 -48.4806360598545,-27.7701860276,0 -48.4806001113493,-27.7701792422528,0 -48.4805644145704,-27.7701658332925,0 -48.4805255694907,-27.7701513817132,0 -48.4804594674326,-27.7701531483734,0 -48.4804227868127,-27.7701652875631,0 -48.4803970688017,-27.7701692362419,0 -48.4803644593754,-27.7701587636824,0 -48.4801986468942,-27.7700674782633,0 -48.4801248019677,-27.7699941652039,0 -48.4800973243072,-27.7699611123203,0 -48.4800718629887,-27.7699309653416,0 -48.4800382597691,-27.7698910948808,0 -48.4800062707774,-27.769864537226,0 -48.4799605277773,-27.7698356624761,0 -48.4799134260552,-27.769814325104,0 -48.4798404988272,-27.7697997770336,0 -48.4797738848149,-27.7698147898704,0 -48.4797401386428,-27.769833650802,0 -48.4796954230223,-27.7698607020449,0 -48.4796586299261,-27.7698756800275,0 -48.4796016650662,-27.7698890933508,0 -48.4795570601511,-27.7698858323358,0 -48.4795110207246,-27.7698645290772,0 -48.4794500910693,-27.7698427685674,0 -48.4794200905489,-27.7698405757613,0 -48.4794054843123,-27.7698395080216,0 -48.4793684369363,-27.7698611089266,0 -48.4793125370725,-27.7699295016863,0 -48.479284735803,-27.7699873870788,0 -48.4792561600898,-27.7700376702782,0 -48.479219885132,-27.7700668749389,0 -48.4791901723223,-27.770064069998,0 -48.479125205624,-27.7700365007247,0 -48.4790369463153,-27.7700053773492,0 -48.4789878240502,-27.769981135869,0 -48.4789587721432,-27.7699612994156,0 -48.4789294616339,-27.7699480858768,0 -48.478896263665,-27.7699527530174,0 -48.4788548869023,-27.7699761168575,0 -48.4788403604535,-27.7699922586943,0 -48.478809258255,-27.7700268250528,0 -48.4787552667265,-27.770100960363,0 -48.4787462203993,-27.7701126567408,0 -48.4786879945637,-27.7701879505122,0 -48.4786253798035,-27.770264664256,0 -48.4785818754849,-27.7703154364643,0 -48.478525391401,-27.7703714952589,0 -48.4784903975433,-27.7704225273868,0 -48.4784761661067,-27.7704599876355,0 -48.4784758367948,-27.7704959762772,0 -48.47846046913,-27.7705352942131,0 -48.4784350162504,-27.7705875666048,0 -48.4784047898821,-27.7706254838609,0 -48.4782995187114,-27.7708136261145,0 -48.4782475413718,-27.7708631911609,0 -48.4782092470706,-27.7708894911896,0 -48.4781937659508,-27.7709041737962,0 -48.4781598491047,-27.7709154591128,0 -48.4781311862196,-27.7709249943893,0 -48.4780727181308,-27.7709497283639,0 -48.4780394490128,-27.7709837620913,0 -48.4780407844638,-27.7710166867469,0 -48.4780498039145,-27.771238919315,0 -48.4780465015424,-27.7712691335868,0 -48.4780258881551,-27.771306396321,0 -48.4779926207495,-27.7713404306117,0 -48.4779497407074,-27.771375115458,0 -48.4778988220366,-27.7713972402849,0 -48.4778560507237,-27.7714016134332,0 -48.4777947542979,-27.771389315255,0 -48.4777425923266,-27.7713886641893,0 -48.4776756450342,-27.7714121913447,0 -48.4775547022039,-27.7714549068411,0 -48.4775037156295,-27.7714789230208,0 -48.4774698945363,-27.7714996769286,0 -48.4774167410945,-27.7715245742745,0 -48.4773316729277,-27.7715210197452,0 -48.4772142876307,-27.7714994234635,0 -48.4771395606952,-27.7714488189049,0 -48.4770919477401,-27.7714132555499,0 -48.4770431931252,-27.7713520777103,0 -48.4770123016842,-27.7712147111982,0 -48.4770264211232,-27.7711800912322,0 -48.4770453859853,-27.7711579350022,0 -48.4770656712041,-27.7711291895662,0 -48.4770697,-27.7711085,0 -48.4770515179825,-27.7710961773284,0 -48.4770447606559,-27.7710916020978,0 -48.4769858482831,-27.7711002185069,0 -48.4769541526212,-27.7710935616372,0 -48.4769253571201,-27.7710671012606,0 -48.476902171582,-27.7710332329326,0 -48.4768609687369,-27.770804603342,0 -48.4768443056283,-27.7705748325994,0 -48.4768146613614,-27.7703778203109,0 -48.4767719211161,-27.770271353918,0 -48.4767518186624,-27.7702404220219,0 -48.4767269459251,-27.7702226065006,0 -48.4767021444758,-27.7702213087668,0 -48.4766833672135,-27.7702203237101,0 -48.4766511981178,-27.770253444306,0 -48.4766229900524,-27.7702942638347,0 -48.4765928761973,-27.7703568126233,0 -48.4765629426569,-27.7704146331127,0 -48.476542367897,-27.7704784222645,0 -48.476552749829,-27.7705403196308,0 -48.4765531551872,-27.7705573832051,0 -48.4765333085071,-27.7705747751579,0 -48.476499380827,-27.7705708931345,0 -48.4764512850946,-27.7705476315833,0 -48.4764125867746,-27.7705293916529,0 -48.4763805960852,-27.7705028331608,0 -48.4763520211326,-27.770470694069,0 -48.4763299385575,-27.7704359129244,0 -48.4763132035112,-27.7701805593492,0 -48.4762972074535,-27.7701260703678,0 -48.4762834608503,-27.7700993538944,0 -48.4762803678267,-27.7700933443667,0 -48.4762630516772,-27.7700729188256,0 -48.4762402002106,-27.7700646605835,0 -48.476231542957,-27.7700615319845,0 -48.4761909009932,-27.7700659705196,0 -48.4761556110547,-27.770097098288,0 -48.476152457137,-27.7701016367853,0 -48.4761330506919,-27.7701295660391,0 -48.4761143810304,-27.7701716241984,0 -48.4761037813493,-27.7702252991309,0 -48.4760885591085,-27.7702608317316,0 -48.4760536021169,-27.7703109183166,0 -48.4760202241393,-27.7703203163518,0 -48.4759635468179,-27.7703261580127,0 -48.475925508541,-27.7703458344384,0 -48.4758977407092,-27.7703752982287,0 -48.4758720276891,-27.7704067198317,0 -48.4758443338391,-27.7704342922181,0 -48.4758178129958,-27.7704590582039,0 -48.4757788542575,-27.7704749174134,0 -48.4757142194811,-27.7704663037376,0 -48.4756597846408,-27.7704418990496,0 -48.4756361609519,-27.7704193855919,0 -48.4756360861555,-27.7703938049356,0 -48.4756595988466,-27.7703642089356,0 -48.4757219558648,-27.7702391743932,0 -48.4757168180264,-27.7702068069654,0 -48.4757026588538,-27.7701874258868,0 -48.4756818573542,-27.7701744734257,0 -48.4756495427767,-27.7701564297816,0 -48.4756294767461,-27.7701245523069,0 -48.4756296943823,-27.770091402166,0 -48.4756360297017,-27.7700688314384,0 -48.4756397879024,-27.7700554454949,0 -48.4756729392951,-27.7699373585432,0 -48.475678182909,-27.7698569943186,0 -48.4756449838226,-27.7697792412425,0 -48.4756394768356,-27.7697485175042,0 -48.4755284101899,-27.7697260016818,0 -48.4082979734319,-27.842201965892,0 -48.4207381102051,-27.848550028728,0 -48.4230937466222,-27.849745916872,0 -48.4254635828792,-27.8509489508718,0 -48.4717764595987,-27.874446313798,0 -48.4988956333635,-27.930415672484,0 -48.5325193577987,-28.0845909038454,0 -48.57659166927,-28.2511124250831,0 -48.5861288812674,-28.3359210426752,0 -48.5922211474771,-28.3646534268429,0 -48.6594522526776,-28.4334476637446,0 -48.6855758618732,-28.5089139985017,0 -48.7504038650427,-28.6144820612229,0 -48.7898026244459,-28.6619311983459,0 -48.8472105714237,-28.6805544099178,0 -48.9659137890711,-28.7422740788963,0 -49.0214449152503,-28.7651964809323,0 -49.1350822291105,-28.8359207775571,0 -49.213935814469,-28.8275827599552,0 -49.213523115856,-28.8272705280783,0 -49.2165192517019,-28.8244286397647,0 -49.2165201134477,-28.8244267741265,0 -49.216520545004,-28.8244254893732,0 -49.2165211129606,-28.8244228438133,0 -49.2165213259718,-28.8244187499876,0 -49.2165211476255,-28.8244160042346,0 -49.2165203074481,-28.8244105878512,0 -49.2165191995095,-28.8244052494421,0 -49.216518402166,-28.8244026034571,0 -49.2165172973643,-28.8244000894481,0 -49.216516592177,-28.8243988981686,0 -49.2165147930967,-28.824396717561,0 -49.2165136745078,-28.8243957460819,0 -49.2165116855874,-28.8243944656798,0 -49.2165108540122,-28.8243940845672,0 -49.2165101808471,-28.82439391319,0 -49.2165091889155,-28.824393656635,0 -49.216507279658,-28.8243936099136,0 -49.2175334126491,-28.8232870159639,0 -49.2194356232649,-28.8214355069211,0 -49.2206040389095,-28.8203239899684,0 -49.22143105974,-28.8195183468593,0 -49.2226932064418,-28.8183125427507,0 -49.2235580590943,-28.8175121589394,0 -49.2239749040309,-28.8172311368401,0 -49.2248458816396,-28.8167077824415,0 -49.2268100630696,-28.8156639780779,0 -49.22873033349,-28.8146191426889,0 -49.2290146333785,-28.8144796184435,0 -49.229944708745,-28.8139856574724,0 -49.2318269967478,-28.812969351372,0 -49.2340812308006,-28.8117573290237,0 -49.2355147759684,-28.8109834030464,0 -49.237320270185,-28.8100137652747,0 -49.239191097781,-28.8090258526138,0 -49.2403411036884,-28.8083436782199,0 -49.2411736655858,-28.8078388118964,0 -49.2422425320414,-28.8068213005321,0 -49.2441095329371,-28.8050571145834,0 -49.2438280684784,-28.8047733350714,0 -49.2432464233636,-28.8042844263794,0 -49.2427335186769,-28.8038346122698,0 -49.2421608114445,-28.8033305363926,0 -49.241562606535,-28.8027955655788,0 -49.2412827114772,-28.8024175441907,0 -49.2409681288461,-28.8020390701981,0 -49.2403854848041,-28.8016112599083,0 -49.2399820056074,-28.8013615096802,0 -49.2398313014405,-28.8010386532752,0 -49.2398356666712,-28.8007789398825,0 -49.2401193324169,-28.8004159063288,0 -49.2403495532453,-28.8001362163161,0 -49.2404227775386,-28.7999079631511,0 -49.2403651546819,-28.7997238454356,0 -49.2399202480971,-28.799358951523,0 -49.2393893972456,-28.798947093474,0 -49.2391621929248,-28.7985315533625,0 -49.2388846274482,-28.7980160330445,0 -49.2387605881906,-28.7976553215086,0 -49.2386638497358,-28.7972185644466,0 -49.2385859970913,-28.7966903680184,0 -49.2385332585552,-28.7962159825033,0 -49.2385651827344,-28.7958649456976,0 -49.2385881780487,-28.7955290731288,0 -49.2386299306201,-28.7951094021188,0 -49.2386707811663,-28.7947432020107,0 -49.2386921060196,-28.7945066304089,0 -49.2386107846573,-28.794184677998,0 -49.2384627913597,-28.7937014101544,0 -49.2383724149853,-28.7934022584126,0 -49.2382468411731,-28.7931332093907,0 -49.2381868473783,-28.7925746852007,0 -49.2380907572037,-28.7920997341569,0 -49.238035583013,-28.7917704811606,0 -49.2379362821461,-28.7914864956429,0 -49.2377825132533,-28.791346963193,0 -49.2373942348568,-28.7912272907445,0 -49.2369283050697,-28.7910836797759,0 -49.2365255167152,-28.7907957296195,0 -49.2362376405711,-28.7903793924863,0 -49.2360807350043,-28.7899112849681,0 -49.2359586408724,-28.7894359922988,0 -49.235843548101,-28.7890601143978,0 -49.235709828878,-28.7887603963279,0 -49.2354387893988,-28.7883748397601,0 -49.234898696596,-28.7880010473462,0 -49.2341687485588,-28.7875712861091,0 -49.2336696997518,-28.7873355505179,0 -49.2330021732424,-28.7873191744785,0 -49.232535491797,-28.7872213825273,0 -49.2319334303189,-28.7869231690563,0 -49.2316008120387,-28.7865902826199,0 -49.2312402479544,-28.7863716306202,0 -49.2304035691339,-28.7861008972406,0 -49.229852899721,-28.7858415502541,0 -49.2287697153566,-28.7847986321583,0 -49.2283999275599,-28.7845771288432,0 -49.2278214507814,-28.7844243731962,0 -49.2270497688474,-28.7844142426786,0 -49.2264656071711,-28.7845975763986,0 -49.2262031620123,-28.7847316539283,0 -49.2261743376044,-28.7847435438022,0 -49.2258885636818,-28.7848726865918,0 -49.2254789749936,-28.7849895473553,0 -49.2250640773214,-28.7849076918943,0 -49.2247736749743,-28.7846441048887,0 -49.2245553591834,-28.7842210207772,0 -49.2244035579683,-28.7839668947161,0 -49.2239831046742,-28.7837015969613,0 -49.2236478015941,-28.7835290998254,0 -49.2234888898725,-28.7831831981756,0 -49.2232980157666,-28.7826764281031,0 -49.2231643383781,-28.7823766997827,0 -49.2230143587261,-28.7820156338742,0 -49.2226552558686,-28.7817129361234,0 -49.2223644795881,-28.7814722609999,0 -49.2221601497221,-28.7812480036447,0 -49.2220161229394,-28.7810474600193,0 -49.2218674448544,-28.7806100080878,0 -49.2218127154516,-28.7802578349984,0 -49.2216897902722,-28.7798360010806,0 -49.2214201213659,-28.7793740347559,0 -49.2212591467999,-28.7791503466302,0 -49.2209335713805,-28.7789168506415,0 -49.2205214269785,-28.7786745711602,0 -49.2202904479431,-28.7784881612781,0 -49.2200448527118,-28.7781411112814,0 -49.2197220761712,-28.7777683758056,0 -49.2193603309896,-28.7775972687953,0 -49.2189122191394,-28.7774309145379,0 -49.2186204402657,-28.7773859130962,0 -49.2184184184649,-28.7774014798293,0 -49.2179076700753,-28.7773488996959,0 -49.2176755298404,-28.7772312323452,0 -49.2172376477187,-28.7769733244564,0 -49.2166077321701,-28.7767892813005,0 -49.2159410595777,-28.7767269926269,0 -49.2151347585998,-28.7767163383533,0 -49.2147013936273,-28.7767029701775,0 -49.2142165305656,-28.7766583576754,0 -49.2141341497397,-28.7766494610472,0 -49.2139896041692,-28.7766786567028,0 -49.2136619181101,-28.7766357435467,0 -49.2126697744795,-28.7768441835376,0 -49.2119747503687,-28.7769190241289,0 -49.211252410063,-28.7770699032935,0 -49.2108899479625,-28.7771399944388,0 -49.2104428502805,-28.7772501846708,0 -49.2100181539665,-28.7772369162737,0 -49.2096469124877,-28.7771403120296,0 -49.2094669320997,-28.7770156814559,0 -49.2092984928186,-28.7767231189409,0 -49.2090555489221,-28.7762232817427,0 -49.2088968265948,-28.7758697254542,0 -49.2086712267638,-28.7753701182038,0 -49.208521043062,-28.7750243156619,0 -49.2083775738881,-28.774793204406,0 -49.2083576895845,-28.7747734272319,0 -49.2083582123338,-28.774772943427,0 -49.208111347714,-28.7745146239142,0 -49.2078940241591,-28.7744441877976,0 -49.2075580013384,-28.774545482595,0 -49.2067874822204,-28.7752324247341,0 -49.2056343809651,-28.7761052854387,0 -49.2050623411444,-28.7765942985178,0 -49.204240222059,-28.7771277358127,0 -49.2037801439256,-28.7774081249914,0 -49.2033520862857,-28.7777175908562,0 -49.2029701573748,-28.7778653122084,0 -49.2021409464739,-28.7781789845116,0 -49.2016714968926,-28.7783732905032,0 -49.2009383385126,-28.7787741867529,0 -49.2003370308104,-28.7790717839016,0 -49.1996590358976,-28.7794161061904,0 -49.1991659312833,-28.7797246891604,0 -49.1988250435069,-28.7800066500404,0 -49.1983401460525,-28.7804681455288,0 -49.1978015488736,-28.7809002701566,0 -49.1973931636846,-28.7813245798706,0 -49.1971475064768,-28.7817415122519,0 -49.196990029401,-28.7820736692219,0 -49.1966249888684,-28.7824985550693,0 -49.19587305695,-28.7833575840775,0 -49.1949342334102,-28.7843669122149,0 -49.1941714349774,-28.7852257853988,0 -49.193674174152,-28.7857730476264,0 -49.193101827039,-28.7864097935367,0 -49.1922928814587,-28.7872921495213,0 -49.1921390042985,-28.7874142422352,0 -49.190816767947,-28.786766215046,0 -49.1893878180362,-28.7860212429474,0 -49.18819485096,-28.7854226745855,0 -49.1873900852505,-28.784943912357,0 -49.1865216231298,-28.7843878888652,0 -49.1861856093306,-28.7841762049576,0 -49.1849132880045,-28.7833635048684,0 -49.1830802065783,-28.7821737237849,0 -49.1818476146622,-28.7813644651506,0 -49.1806787405717,-28.7806324547784,0 -49.1797786677453,-28.7800282121907,0 -49.1792317592759,-28.7796865809661,0 -49.1782344965505,-28.7790619179001,0 -49.1778716686392,-28.7787323155822,0 -49.1774914831843,-28.7781541716031,0 -49.1770802865529,-28.7774896572221,0 -49.1767434595288,-28.7769120988002,0 -49.1763204377092,-28.776304722989,0 -49.1759412683744,-28.7756692900282,0 -49.1756149578975,-28.7751109689846,0 -49.1752989879906,-28.7745814390334,0 -49.1750468803751,-28.7741196220663,0 -49.1746769007113,-28.773579810603,0 -49.1740443187567,-28.7725589391971,0 -49.1737710458771,-28.7720681829018,0 -49.1732266962808,-28.7715833107383,0 -49.1718372513827,-28.7704566883298,0 -49.1711225336912,-28.7697975988589,0 -49.1686975237885,-28.7677687493041,0 -49.166989604555,-28.7662653027504,0 -49.1649493339976,-28.7645567673615,0 -49.1634108792244,-28.7632847844067,0 -49.1602715831711,-28.7605966678828,0 -49.1599602059318,-28.7604300729504,0 -49.1579968889046,-28.7599067084601,0 -49.1573713281915,-28.7597161318808,0 -49.1563833031453,-28.7594586457169,0 -49.1558359092188,-28.7595315097705,0 -49.1552882002062,-28.7596157130689,0 -49.1543844919854,-28.7592366441813,0 -49.1539360662569,-28.7588523301099,0 -49.1519340823212,-28.7565902217579,0 -49.1496668818087,-28.754033427965,0 -49.148628715428,-28.752790578998,0 -49.1486966640733,-28.7525991814275,0 -49.158038135265,-28.7432467528188,0 -49.160021971141,-28.7424210393718,0 -49.1600287356282,-28.7424125736247,0 -49.0892552216659,-28.6958218923102,0 -49.0683314233709,-28.6967279852419,0 -49.0467000000232,-28.6882930486051,0 -49.0467218163767,-28.6883430216582,0 -49.0467553991532,-28.6884008057197,0 -49.0467887002065,-28.6884738669018,0 -49.0468217158634,-28.6885622018471,0 -49.0469016049935,-28.6887331528145,0 -49.046896111931,-28.6889862739847,0 -49.0468496825273,-28.689153683668,0 -49.0465948015205,-28.6893486424524,0 -49.0462132542362,-28.6893660528232,0 -49.0458677747945,-28.6893075831636,0 -49.0456760783235,-28.6893659341334,0 -49.0453176779331,-28.6895364755021,0 -49.0451850700495,-28.6895702241637,0 -49.0447449341531,-28.6895850120668,0 -49.0443825287401,-28.6896040817511,0 -49.0443520515817,-28.6896101456135,0 -49.0441558519038,-28.6895808056593,0 -49.043774304424,-28.6895982090967,0 -49.0435742310438,-28.68964115583,0 -49.0434096546671,-28.6896387759293,0 -49.0431483783065,-28.6897113959747,0 -49.0430346364637,-28.6897708705799,0 -49.0428949103906,-28.6898299692187,0 -49.0427034957832,-28.6898730398851,0 -49.0424270257334,-28.6898308398273,0 -49.0422789209399,-28.6898745365162,0 -49.0420075268306,-28.6899302077612,0 -49.041849728855,-28.6900077533551,0 -49.0417896620809,-28.6900928349134,0 -49.0417881692385,-28.6901730319983,0 -49.0417224582962,-28.6902121905322,0 -49.041573040988,-28.6902100277775,0 -49.0412702697898,-28.6900681247663,0 -49.0409812384974,-28.6898863120889,0 -49.0407106282745,-28.6897620647134,0 -49.0405257545016,-28.6895702993689,0 -49.040327354933,-28.6894069879935,0 -49.0400892308853,-28.6892832099617,0 -49.0398975399853,-28.6891085334746,0 -49.0396402487066,-28.6889672874936,0 -49.0393636824011,-28.6888143016877,0 -49.0389889246111,-28.6887000018042,0 -49.0387628330247,-28.6886279655562,0 -49.0383027702277,-28.6885582668594,0 -49.0379975495,-28.6885481111613,0 -49.0376977580429,-28.6885953325978,0 -49.0373714470432,-28.6886708187644,0 -49.0370094712778,-28.6885681589247,0 -49.0366066992925,-28.6885623147593,0 -49.0364513229705,-28.6885314104216,0 -49.036400590291,-28.688500511713,0 -49.0363181812844,-28.6884978595118,0 -49.0359939387201,-28.6884673367805,0 -49.0358460575422,-28.6885052566723,0 -49.0355696439298,-28.6884212030507,0 -49.0354231179208,-28.688264367938,0 -49.0353786067538,-28.6882121504001,0 -49.0351692283862,-28.6882893307391,0 -49.0349589937967,-28.6884123356586,0 -49.0348271402148,-28.6885135591997,0 -49.0347104212321,-28.6885004043904,0 -49.0346250064062,-28.6885507326932,0 -49.0344803754761,-28.6886403107988,0 -49.0343623720687,-28.6886958955167,0 -49.0342114590336,-28.6887739220287,0 -49.0340746084259,-28.6887948531326,0 -49.033969597436,-28.6888506268253,0 -49.0338167567811,-28.6890317650577,0 -49.0336449592275,-28.689183975884,0 -49.0335640419797,-28.68929857315,0 -49.0333922936487,-28.6893351779264,0 -49.0331061903825,-28.6893771597871,0 -49.032926884984,-28.6894152975401,0 -49.0328950963554,-28.6893220537279,0 -49.0327198025329,-28.6893137750006,0 -49.0325118129973,-28.6893164806094,0 -49.0323103198929,-28.6893192803778,0 -49.0321472689348,-28.6893512884611,0 -49.0319967820841,-28.6894063991261,0 -49.0318396914935,-28.6894671430097,0 -49.0317543817599,-28.6895117414906,0 -49.031721254665,-28.6895456390555,0 -49.0317133674232,-28.6896200127418,0 -49.0317387076061,-28.689654761423,0 -49.0317768282306,-28.6897011549341,0 -49.0317830031442,-28.6897184347819,0 -49.031788858414,-28.6897528994475,0 -49.0317413475392,-28.6898610767447,0 -49.031655606837,-28.6899285883517,0 -49.0315365280443,-28.6900414560036,0 -49.0314773107711,-28.6900807039061,0 -49.0313861471158,-28.6900908369238,0 -49.0312825271459,-28.6900721397016,0 -49.0311595250417,-28.6900474303463,0 -49.031101057507,-28.690046579507,0 -49.0310082855752,-28.6901426378314,0 -49.0309622578214,-28.6902013911547,0 -49.0308016260522,-28.6904213503414,0 -49.0307293720852,-28.690520573188,0 -49.0306749659663,-28.6905341051786,0 -49.0305415904613,-28.6904271158584,0 -49.0303862034257,-28.6903389054337,0 -49.0302517558956,-28.6902891975129,0 -49.0301441076646,-28.6902542068646,0 -49.0300635300227,-28.6902196091895,0 -49.0299832181505,-28.69017068923,0 -49.0299132873942,-28.6901457965004,0 -49.0297572761175,-28.6900910007537,0 -49.0296930274286,-28.6900518651024,0 -49.0295039088515,-28.6900300119374,0 -49.0292650820366,-28.6900599578231,0 -49.0290795867054,-28.6901336541051,0 -49.0288725262907,-28.6902022625928,0 -49.0287362906864,-28.6902480260449,0 -49.028599875405,-28.6903033378384,0 -49.0285233700663,-28.690340423045,0 -49.0284530823692,-28.6903346232639,0 -49.0283946037685,-28.6902764721939,0 -49.0283363961251,-28.690204001152,0 -49.0282078115772,-28.6901305022305,0 -49.028095108517,-28.690076335761,0 -49.0279338630787,-28.6900119111085,0 -49.0278487575439,-28.6899610199598,0 -49.0275273990534,-28.7023884593708,0 -49.0275265116579,-28.702457705274,0 -49.0275237436579,-28.7024583775769,0 -49.0275186098486,-28.702459926868,0 -49.0275082888535,-28.7024634399356,0 -49.0275005369396,-28.7024658625347,0 -49.0274966601573,-28.7024668347971,0 -49.0274908570538,-28.7024678329408,0 -49.027465539907,-28.7024716053608,0 -49.02745698031,-28.70247222955,0 -49.0274527148069,-28.7024722125052,0 -49.0274470643569,-28.7024717330116,0 -49.027444258515,-28.7024712592039,0 -49.0274400820856,-28.7024702234712,0 -49.0274359543675,-28.7024687555605,0 -49.0274339018394,-28.7024678504875,0 -49.0274302999265,-28.702465758536,0 -49.0274282014384,-28.702464140124,0 -49.0274269316504,-28.7024629666858,0 -49.0274246657025,-28.7024604519665,0 -49.0274231788869,-28.7024584272104,0 -49.0274206420377,-28.7024541037371,0 -49.0274185373557,-28.7024495524982,0 -49.0274149018393,-28.702440395053,0 -49.0274142207511,-28.7024385081689,0 -49.0274133615704,-28.7024346602254,0 -49.0274130954672,-28.7024307311592,0 -49.027413219081,-28.7024280711939,0 -49.0274140573576,-28.7024226783723,0 -49.0274147308039,-28.7024199449148,0 -49.0274164615118,-28.7024144301748,0 -49.0274231031392,-28.7023976708227,0 -49.0274260846489,-28.7023893137356,0 -49.027427206029,-28.7023851790971,0 -49.0274281577252,-28.7023797339561,0 -49.0274283411817,-28.702377047326,0 -49.0274281902069,-28.7023730747774,0 -49.0274274633366,-28.7023691665289,0 -49.0274268566202,-28.70236724438,0 -49.0274250935206,-28.7023634647649,0 -49.0274239307273,-28.7023616160171,0 -49.0274217918555,-28.7023588872575,0 -49.0274200112929,-28.7023572371325,0 -49.0274186465076,-28.7023563327265,0 -49.0274156145069,-28.702354961755,0 -49.0274139938344,-28.7023544782443,0 -49.0274106506459,-28.7023538787392,0 -49.0274073145992,-28.702353730952,0 -49.0274051961163,-28.7023538443525,0 -49.027401417175,-28.7023545294469,0 -49.0273992860399,-28.7023551840487,0 -49.0273950899403,-28.7023568285215,0 -49.0273909349482,-28.7023588789446,0 -49.0273881957726,-28.7023604455302,0 -49.0273827761328,-28.7023640118951,0 -49.0273747483103,-28.7023702201645,0 -49.0273694330693,-28.7023747810511,0 -49.027358840987,-28.7023844530309,0 -49.0273468367344,-28.7023953133073,0 -49.0273386797446,-28.7024019801164,0 -49.0273345393877,-28.7024050149389,0 -49.0273282083868,-28.7024090460596,0 -49.0273217420054,-28.7024123355501,0 -49.0273184420631,-28.7024136593367,0 -49.0273044619477,-28.7024185625341,0 -49.0272967264493,-28.7024210756837,0 -49.0272844926477,-28.7024246599711,0 -49.0272717744638,-28.702427759143,0 -49.0272653336786,-28.7024290183939,0 -49.0272567531047,-28.7024303279466,0 -49.0272524973612,-28.7024307896384,0 -49.0272461951687,-28.7024312209317,0 -49.0272400121513,-28.7024312932225,0 -49.0272369845546,-28.7024311857285,0 -49.0272317201625,-28.7024307388434,0 -49.0272291477211,-28.7024303769329,0 -49.0272253867326,-28.7024296721947,0 -49.0272199798952,-28.7024281944332,0 -49.0272148796711,-28.7024261891204,0 -49.0272124542929,-28.702424980651,0 -49.0272079025517,-28.7024221081983,0 -49.0272057869806,-28.7024204350096,0 -49.0272028000033,-28.70241762999,0 -49.027195803539,-28.7024097860708,0 -49.0271915035242,-28.7024044174413,0 -49.0271887777069,-28.7024007774405,0 -49.0271836455152,-28.7023933847884,0 -49.0271800364414,-28.7023877464561,0 -49.027173333695,-28.7023762338776,0 -49.0271671575911,-28.7023644855494,0 -49.0271555000562,-28.702340520424,0 -49.0271523124147,-28.7023335620352,0 -49.0271465781877,-28.7023195372984,0 -49.0271312242566,-28.7022771105866,0 -49.0271254509861,-28.7022631029035,0 -49.027122224124,-28.7022561709288,0 -49.0271168192181,-28.7022458685472,0 -49.0271087826234,-28.7022323697872,0 -49.0271059856221,-28.7022280628915,0 -49.0271044356813,-28.7022256742681,0 -49.0270974773281,-28.7022158002902,0 -49.0270899703169,-28.7022062702376,0 -49.0270860035995,-28.7022016824713,0 -49.0270804830021,-28.7021957816357,0 -49.027077621604,-28.7021929426467,0 -49.0270731954869,-28.7021888355916,0 -49.0270662630404,-28.7021830408341,0 -49.0270597916465,-28.7021783085863,0 -49.0270564429969,-28.7021761030101,0 -49.0270512713,-28.7021730138774,0 -49.0270431915298,-28.7021689075009,0 -49.0270346998483,-28.7021654807976,0 -49.0270302973153,-28.7021640452158,0 -49.0269667677039,-28.7021451889009,0 -49.0268395910596,-28.7021081783274,0 -49.0267442815928,-28.7020802859017,0 -49.026694491984,-28.7020654972658,0 -49.0265949848701,-28.7020359413702,0 -49.0265754395814,-28.7020298000987,0 -49.026562544391,-28.7020254246175,0 -49.0265540146772,-28.7020223949703,0 -49.0265370830867,-28.7020160478459,0 -49.0265244943363,-28.7020110544864,0 -49.0264995566814,-28.7020005034419,0 -49.0264749109368,-28.7019892434328,0 -49.0264586093458,-28.7019813810191,0 -49.0264477929175,-28.7019759800732,0 -49.0264262535697,-28.7019648557032,0 -49.0264092206745,-28.7019556200616,0 -49.0264008277743,-28.7019508597467,0 -49.0263936830704,-28.701946658479,0 -49.0263883949671,-28.7019435494486,0 -49.0263701272982,-28.7019321748531,0 -49.0263523374769,-28.7019203021913,0 -49.0263436510379,-28.7019141750381,0 -49.0263266742221,-28.701901520057,0 -49.0263184046187,-28.7018949837202,0 -49.0263062895017,-28.7018849259606,0 -49.0262958286823,-28.701875722868,0 -49.0262907098192,-28.701871019133,0 -49.0262831686936,-28.7018638440917,0 -49.0262721795906,-28.7018528014993,0 -49.0262616059685,-28.7018414218526,0 -49.026256475637,-28.7018355988282,0 -49.0262472019155,-28.7018247525479,0 -49.0262290441928,-28.7018029307392,0 -49.0262113032782,-28.7017809343649,0 -49.0261765206896,-28.7017365635363,0 -49.0261539086916,-28.7017066820536,0 -49.0261097669219,-28.7016463384103,0 -49.0260872707592,-28.7016162779623,0 -49.0260757222112,-28.7016013647922,0 -49.0260657305951,-28.7015889653775,0 -49.0260605734526,-28.7015828082015,0 -49.026052641171,-28.7015736783412,0 -49.0260402843684,-28.7015602602207,0 -49.0260273258311,-28.7015472849312,0 -49.0260206149589,-28.7015410059441,0 -49.0260114160035,-28.7015328676686,0 -49.0260067083864,-28.7015289189432,0 -49.0259995113794,-28.7015231472596,0 -49.0259883760493,-28.7015148727764,0 -49.0259781389851,-28.7015079287921,0 -49.0259729021089,-28.7015046216739,0 -49.0259648833319,-28.7014998667935,0 -49.0259525014265,-28.7014932434331,0 -49.0259396795627,-28.7014872629831,0 -49.0259330988518,-28.7014845321607,0 -49.0259239518256,-28.7014810148659,0 -49.0259055199824,-28.7014744656758,0 -49.0258869475204,-28.7014684194673,0 -49.0258496200384,-28.7014570012482,0 -49.0258217245394,-28.701448229341,0 -49.0258078916052,-28.7014435338882,0 -49.0257688651128,-28.70142961854,0 -49.0257494626666,-28.7014224322662,0 -49.0257205880142,-28.7014111831003,0 -49.025715234879,-28.7014089118855,0 -49.0257049242342,-28.7014038255831,0 -49.0256950714963,-28.7013981054433,0 -49.0256887320456,-28.701393970418,0 -49.0256846003872,-28.7013910858734,0 -49.0256765263805,-28.701385048579,0 -49.0256706407595,-28.7013802972807,0 -49.0256591810166,-28.7013703399061,0 -49.0256480473328,-28.7013599175015,0 -49.0256262835127,-28.701338403721,0 -49.0256098711775,-28.7013224094459,0 -49.0256014894801,-28.7013146619882,0 -49.0255899996702,-28.7013047763172,0 -49.0255840807366,-28.7013000696905,0 -49.0255749521477,-28.7012933764762,0 -49.0255654606211,-28.7012871829998,0 -49.025560569432,-28.7012842961766,0 -49.0255504470934,-28.7012789961677,0 -49.0255451987519,-28.7012766003548,0 -49.0255370822313,-28.7012733602336,0 -49.0255151545871,-28.7012654959952,0 -49.0255004835374,-28.7012604275376,0 -49.0254709850877,-28.7012506666993,0 -49.025456185047,-28.7012459477314,0 -49.0254264619629,-28.7012368065009,0 -49.0253965979056,-28.7012279875968,0 -49.0253766358465,-28.7012222641508,0 -49.0253365964659,-28.7012110678101,0 -49.0253229521069,-28.7012073768735,0 -49.0253182034317,-28.7012061487734,0 -49.025295585213,-28.7012002995203,0 -49.0252132111487,-28.7011800217388,0 -49.0251858131539,-28.7011729714472,0 -49.0251721578589,-28.70116929796,0 -49.0251517364288,-28.7011635226133,0 -49.0251418442649,-28.701160436639,0 -49.0251353487526,-28.7011581938844,0 -49.0251225867483,-28.7011532881927,0 -49.0251163011806,-28.7011506431517,0 -49.0251039195309,-28.7011449758193,0 -49.0250917349461,-28.7011388603002,0 -49.0250837102673,-28.7011345563463,0 -49.0250678436705,-28.7011254636933,0 -49.0250559093013,-28.7011178995011,0 -49.025050209612,-28.7011139268962,0 -49.025039295458,-28.7011055564331,0 -49.0250323527455,-28.7010996529293,0 -49.0250278672645,-28.7010955537562,0 -49.0250191962909,-28.7010869814255,0 -49.025007817909,-28.7010748590935,0 -49.0250004386999,-28.7010667203365,0 -49.0249861307964,-28.7010502693048,0 -49.0249791964817,-28.7010419569482,0 -49.0249657355217,-28.7010251118289,0 -49.0249527632168,-28.7010079582647,0 -49.0249443745099,-28.7009963311953,0 -49.0249388850778,-28.7009884816345,0 -49.0249281415042,-28.7009725606919,0 -49.0249040452499,-28.7009356275911,0 -49.0248925251984,-28.7009170153668,0 -49.0248821959819,-28.7008990885879,0 -49.024881672746,-28.7008981788219,0 -49.0248765603508,-28.7008886472716,0 -49.0248701392326,-28.7008757943244,0 -49.0248671194174,-28.7008692894005,0 -49.0248628524196,-28.7008594458037,0 -49.0248570841389,-28.7008444274839,0 -49.0248521756087,-28.7008301619238,0 -49.024842968706,-28.7008015047795,0 -49.0248371697229,-28.7007823350209,0 -49.0248259783848,-28.7007439303941,0 -49.0248175749652,-28.7007151313224,0 -49.0248088518275,-28.7006864267162,0 -49.0248042776305,-28.7006721208753,0 -49.0247970363528,-28.7006507556996,0 -49.0247318716419,-28.7004656625257,0 -49.0247173992347,-28.7004559133251,0 -49.02471004834,-28.7004511587647,0 -49.0246988703758,-28.7004442009487,0 -49.0246817941562,-28.7004341339401,0 -49.0246643509598,-28.7004245489824,0 -49.0246555007674,-28.7004199349949,0 -49.0246375337687,-28.7004111002141,0 -49.0246284225827,-28.7004068795029,0 -49.0246146057833,-28.7004008034436,0 -49.0245959197251,-28.700393203949,0 -49.0245864567963,-28.7003896186184,0 -49.0245721325612,-28.7003845187806,0 -49.0245576399779,-28.7003797684108,0 -49.0245503443942,-28.7003775233082,0 -49.0245404670041,-28.7003747530872,0 -49.0245338358074,-28.7003730860588,0 -49.0245204765386,-28.7003701206893,0 -49.0245002835333,-28.7003663610201,0 -49.024459663287,-28.7003598389615,0 -49.0244394668934,-28.7003562598794,0 -49.0244294448066,-28.700354209568,0 -49.024414536566,-28.7003506708168,0 -49.0243655550005,-28.7003376203066,0 -49.0243412076413,-28.7003306595704,0 -49.0243170217439,-28.7003231509908,0 -49.0243050084288,-28.7003191313004,0 -49.0242942826351,-28.7003153380469,0 -49.0242731283628,-28.7003072871934,0 -49.0242522573954,-28.7002987530626,0 -49.0242107619646,-28.7002809663614,0 -49.0241896013573,-28.7002716244489,0 -49.0241791403083,-28.7002668068068,0 -49.0241636329693,-28.7002593164712,0 -49.0241483472398,-28.7002514680802,0 -49.0241408094421,-28.7002473876295,0 -49.024125943239,-28.7002388872201,0 -49.0241186172243,-28.7002344397591,0 -49.0241077885248,-28.7002275139846,0 -49.0241035550493,-28.7002246009204,0 -49.0240955142038,-28.700218437349,0 -49.0240880214885,-28.7002118582588,0 -49.0240832999844,-28.7002072593845,0 -49.0240802558928,-28.7002041109003,0 -49.0240744238994,-28.7001976100422,0 -49.0240682086697,-28.7001900296266,0 -49.0240642453921,-28.700184837657,0 -49.0240566658589,-28.700174169644,0 -49.0240494418077,-28.700163199506,0 -49.0240355368907,-28.7001408078398,0 -49.0240250557385,-28.7001239973513,0 -49.0240177896084,-28.7001129731745,0 -49.0240140229274,-28.700107557718,0 -49.0240081550479,-28.7000995764726,0 -49.0240019886332,-28.7000918254847,0 -49.0239987721943,-28.700088042773,0 -49.0239920329938,-28.7000806898693,0 -49.0239885074033,-28.7000771372599,0 -49.0239829881734,-28.7000719765315,0 -49.0239751828359,-28.7000652480218,0 -49.0239698709527,-28.7000609202993,0 -49.0239589644399,-28.7000525856647,0 -49.0239533907595,-28.7000485608838,0 -49.0239420245034,-28.7000407251185,0 -49.0239304187552,-28.7000331022976,0 -49.023906628349,-28.700018181949,0 -49.0238939499101,-28.7000103358221,0 -49.0238871170668,-28.7000063378047,0 -49.0238801055873,-28.7000025717961,0 -49.0238765582537,-28.7000008412919,0 -49.0238694310786,-28.699997813798,0 -49.0238658802083,-28.6999965706541,0 -49.0238606085435,-28.6999951222757,0 -49.0238559975711,-28.6999943152576,0 -49.023853729746,-28.6999941014806,0 -49.0238503822719,-28.6999940344013,0 -49.0238455210646,-28.6999945769153,0 -49.023842406763,-28.6999953977438,0 -49.0238408896725,-28.6999959533147,0 -49.0238386594849,-28.6999969941409,0 -49.023836538427,-28.6999983438789,0 -49.0238352493143,-28.6999993990045,0 -49.0238329700213,-28.7000018561882,0 -49.0238301284648,-28.7000061457577,0 -49.023828512196,-28.7000092531479,0 -49.0238256324878,-28.7000155727684,0 -49.0238240193707,-28.7000197090021,0 -49.0238232097746,-28.7000225037867,0 -49.0238220698008,-28.7000281537798,0 -49.0238214096594,-28.7000338647563,0 -49.0238207408711,-28.7000453871009,0 -49.0238199774266,-28.7000540023153,0 -49.0238189495164,-28.7000596721202,0 -49.0238182007873,-28.700062485418,0 -49.0238167183021,-28.7000666505467,0 -49.0238147191399,-28.7000707541536,0 -49.0238135043092,-28.7000727758256,0 -49.023810707738,-28.7000767322985,0 -49.0238086654023,-28.7000792111182,0 -49.0238041781452,-28.7000838197598,0 -49.0238017641646,-28.7000859318591,0 -49.023796635728,-28.7000897914781,0 -49.0237911589755,-28.7000931398706,0 -49.023787343872,-28.7000950877541,0 -49.0237847553501,-28.7000962500161,0 -49.0237794672929,-28.7000982661515,0 -49.0237771821746,-28.7000989724207,0 -49.0237723723202,-28.7001000394435,0 -49.02376731554,-28.7001006512451,0 -49.0237603433984,-28.7001007746375,0 -49.0237568275738,-28.7001005250015,0 -49.0237515813986,-28.7000997808473,0 -49.0237489999448,-28.7000992375449,0 -49.0237452245555,-28.7000982081123,0 -49.0237404069185,-28.7000964320584,0 -49.0237381138121,-28.700095369758,0 -49.0237348710358,-28.7000935539279,0 -49.0237318829656,-28.7000914802137,0 -49.023730491886,-28.7000903495813,0 -49.0237173242092,-28.7000785892829,0 -49.0237109701203,-28.700072649154,0 -49.0237016914556,-28.7000636168029,0 -49.0236883318972,-28.7000497691168,0 -49.0236755929802,-28.700035470072,0 -49.0236694372431,-28.7000281163152,0 -49.0236332861333,-28.6999836620978,0 -49.0236154262523,-28.6999612935656,0 -49.0235932510845,-28.6999335202735,0 -49.0235825843211,-28.6999193781696,0 -49.0235758299322,-28.6999096782867,0 -49.0235725870138,-28.6999047132732,0 -49.0235679179797,-28.6998970920922,0 -49.0235638592136,-28.6998893718814,0 -49.0235615731364,-28.6998841140819,0 -49.023560204846,-28.6998805748086,0 -49.0235578140383,-28.6998734115425,0 -49.02355490768,-28.6998625044682,0 -49.023553273091,-28.6998551539822,0 -49.0235503267289,-28.6998403932896,0 -49.0235467686224,-28.6998238827435,0 -49.0235459425693,-28.6998199091424,0 -49.0235449588652,-28.699811927096,0 -49.0235446296006,-28.699806580579,0 -49.0235441149351,-28.6997958439349,0 -49.023543304659,-28.6997877740999,0 -49.0235423108361,-28.699782390886,0 -49.0235416143223,-28.6997797007684,0 -49.023540295949,-28.6997756660004,0 -49.0235385808586,-28.6997716347983,0 -49.0235375544034,-28.6997696161785,0 -49.0235346846651,-28.699764936397,0 -49.0235325118139,-28.6997619631023,0 -49.0235276329014,-28.6997563694617,0 -49.0235250003625,-28.6997537590021,0 -49.0235195007874,-28.6997489504711,0 -49.0235139006083,-28.6997447088418,0 -49.0235102221931,-28.6997422097718,0 -49.023503353035,-28.6997380850841,0 -49.0235007650107,-28.699736928148,0 -49.0234990526011,-28.6997364432517,0 -49.0234979100853,-28.6997362459119,0 -49.0234956422774,-28.6997361312641,0 -49.0234939507633,-28.6997362960051,0 -49.0234905643725,-28.6997372031727,0 -49.0234872071715,-28.6997388504214,0 -49.0234849711635,-28.6997403339583,0 -49.0234805299382,-28.6997441220966,0 -49.0234755351179,-28.699749580275,0 -49.0234722218418,-28.6997538089707,0 -49.0234656032196,-28.6997634395712,0 -49.0234589814519,-28.6997742344069,0 -49.0234456428568,-28.6997973917693,0 -49.0234388990234,-28.6998087983535,0 -49.0234355014867,-28.6998142528837,0 -49.0234286286207,-28.6998243490043,0 -49.0234251561204,-28.6998288733268,0 -49.0234198856002,-28.6998348418729,0 -49.023416343346,-28.6998381920824,0 -49.0234145451504,-28.6998396456662,0 -49.0234118463867,-28.6998415553277,0 -49.0234082172141,-28.6998435147294,0 -49.0234063840536,-28.6998442364087,0 -49.0234036175757,-28.6998449631752,0 -49.0234008263114,-28.6998452473287,0 -49.0233994270391,-28.6998452175188,0 -49.0233880514827,-28.6998442934613,0 -49.0233817111368,-28.6998436054523,0 -49.0233715223932,-28.6998422834721,0 -49.0233551588448,-28.6998395087079,0 -49.0233438340883,-28.6998370785423,0 -49.0233381192974,-28.6998356776419,0 -49.0233295667131,-28.6998333144212,0 -49.023318326841,-28.6998296584273,0 -49.0233128286329,-28.6998276019961,0 -49.0233048174346,-28.6998242184387,0 -49.0232971594926,-28.6998204517658,0 -49.0232934927041,-28.6998184309092,0 -49.0232557271389,-28.6997968365865,0 -49.0232437683796,-28.6997894883302,0 -49.0232379530322,-28.6997856946081,0 -49.0232267438865,-28.6997777795703,0 -49.0232213654655,-28.6997736045062,0 -49.0232136291272,-28.6997670306217,0 -49.0232070959586,-28.6997608168853,0 -49.0232039721291,-28.6997575592707,0 -49.0231994540567,-28.6997524759282,0 -49.0231930976274,-28.6997443702008,0 -49.0231872957878,-28.6997356050714,0 -49.0231846096135,-28.6997309637643,0 -49.023183059091,-28.6997279813845,0 -49.0231804161274,-28.6997220051448,0 -49.0231783616325,-28.6997159928945,0 -49.0231772808571,-28.6997119797704,0 -49.0231757540066,-28.6997039170857,0 -49.0231750795411,-28.6996978616675,0 -49.0231748282916,-28.699693815505,0 -49.0231747140497,-28.699685737666,0 -49.0231750071303,-28.6996776569678,0 -49.0231762118618,-28.699661586122,0 -49.0231771320646,-28.6996496521926,0 -49.0231773346681,-28.6996474808002,0 -49.0231782065431,-28.6996431349219,0 -49.0231796059223,-28.6996388061154,0 -49.0231807879905,-28.6996359358184,0 -49.0231836362593,-28.6996301934876,0 -49.0231888021713,-28.6996216156299,0 -49.0231999123211,-28.6996045252615,0 -49.0232031406783,-28.6995988330955,0 -49.0232045659484,-28.6995959845271,0 -49.0232063858205,-28.6995917163894,0 -49.0232080996533,-28.6995860114526,0 -49.0232085936678,-28.6995831580867,0 -49.0232088255144,-28.6995788661907,0 -49.0232083740113,-28.699574573671,0 -49.0232078642176,-28.6995724183034,0 -49.0232062238832,-28.6995680995981,0 -49.0232050669594,-28.699565944136,0 -49.0232029093713,-28.6995626912794,0 -49.0231957644331,-28.6995534009357,0 -49.0231920344367,-28.6995488616835,0 -49.0231862976993,-28.6995425152896,0 -49.0231823893317,-28.6995387587972,0 -49.0231804032084,-28.6995370510915,0 -49.0231774190673,-28.6995347697912,0 -49.0231734129367,-28.6995322929098,0 -49.0231713921187,-28.699531334265,0 -49.0231683643088,-28.699530279393,0 -49.0231653352911,-28.6995297207272,0 -49.0231638219586,-28.6995296446376,0 -49.0231624904753,-28.6995296973268,0 -49.0231598420094,-28.6995301278585,0 -49.0231572070296,-28.6995309375019,0 -49.0231554428481,-28.6995316783607,0 -49.0231519250627,-28.6995335942224,0 -49.0231492945844,-28.6995353605808,0 -49.0231440037144,-28.6995395873535,0 -49.0231386946679,-28.6995444819178,0 -49.0231279316019,-28.6995550713669,0 -49.0231224523761,-28.6995601798873,0 -49.0231196775288,-28.6995625483058,0 -49.0231154697526,-28.6995657802838,0 -49.0231112040249,-28.6995685063787,0 -49.0231090314572,-28.6995696389085,0 -49.0230908161801,-28.6995783779765,0 -49.0230812237301,-28.69958278531,0 -49.0230664179283,-28.6995891564201,0 -49.023056316949,-28.6995930689075,0 -49.0230512249698,-28.6995948896113,0 -49.0230435453512,-28.6995973939758,0 -49.0230332571615,-28.6996002666668,0 -49.0230281175642,-28.6996014637777,0 -49.0230204018688,-28.6996029300043,0 -49.0230127400618,-28.6996039553181,0 -49.0230089266094,-28.6996042873092,0 -49.0229938156157,-28.699604996116,0 -49.0229835921589,-28.699605090124,0 -49.0229767167078,-28.6996049896343,0 -49.0229628402565,-28.6996043897294,0 -49.0229558696795,-28.6996039001216,0 -49.0229418541941,-28.6996025221786,0 -49.0229324794629,-28.6996013293731,0 -49.0229199893509,-28.6995993871761,0 -49.0229137470953,-28.6995982671408,0 -49.0228997722485,-28.6995953923035,0 -49.0228858963229,-28.6995920403107,0 -49.0228790108599,-28.6995901800298,0 -49.0228687737708,-28.6995871786261,0 -49.022855307071,-28.6995827592038,0 -49.022848676862,-28.6995803794417,0 -49.0228388616836,-28.6995765993869,0 -49.022824488017,-28.6995704516754,0 -49.0228106033824,-28.6995637427387,0 -49.0228038542617,-28.6995601793312,0 -49.0226985809231,-28.6995027489507,0 -49.0224887859181,-28.6993876290765,0 -49.0223314184052,-28.699301464344,0 -49.0221867533604,-28.6992228662889,0 -49.0221764278262,-28.6992168322248,0 -49.0221714530168,-28.6992136191208,0 -49.0221642416173,-28.6992085327144,0 -49.0221573331178,-28.6992031169834,0 -49.0221539863802,-28.6992002889745,0 -49.0221475604544,-28.6991943565378,0 -49.0221444767085,-28.6991912619569,0 -49.0221400031263,-28.6991864408369,0 -49.0221343479592,-28.6991796808805,0 -49.0221316589115,-28.6991761586319,0 -49.0221277911289,-28.699170678863,0 -49.0221223989058,-28.6991620276274,0 -49.0221179931892,-28.6991535984481,0 -49.0221155202904,-28.6991479496176,0 -49.0221140763612,-28.6991441839695,0 -49.0221116069571,-28.6991366224426,0 -49.0221101092473,-28.6991309338979,0 -49.0221092494331,-28.6991271310787,0 -49.0221078679643,-28.6991195133115,0 -49.0221064873092,-28.6991080331612,0 -49.0221059360348,-28.6991003465733,0 -49.0221054154548,-28.6990849174693,0 -49.0221054566098,-28.6990768512666,0 -49.0221056376695,-28.6990714758608,0 -49.0221063334213,-28.6990607211156,0 -49.0221079851991,-28.699044602296,0 -49.0221120942015,-28.6990123494474,0 -49.0221137971837,-28.6989962313763,0 -49.022114391169,-28.6989881638942,0 -49.0221148211952,-28.6989760608877,0 -49.0221149805093,-28.6989698821734,0 -49.0221154269288,-28.6989575717746,0 -49.0221152932186,-28.6989483745323,0 -49.0221147222445,-28.6989422666504,0 -49.0221142267753,-28.6989392181757,0 -49.0221131952756,-28.6989346467557,0 -49.0221111501747,-28.6989285707418,0 -49.022109807408,-28.6989255374153,0 -49.0221073345857,-28.698920980719,0 -49.022104257405,-28.6989164416215,0 -49.0221024786961,-28.6989141691125,0 -49.0221005257708,-28.6989118935053,0 -49.0220964577999,-28.698907692399,0 -49.0220921812349,-28.6989039211304,0 -49.0220892152456,-28.6989016400727,0 -49.0220830481129,-28.6988976247158,0 -49.0220782451534,-28.6988950728161,0 -49.022074955295,-28.6988935718382,0 -49.0220682198289,-28.6988910462047,0 -49.0220647800173,-28.6988900122711,0 -49.0220577904557,-28.6988883762347,0 -49.0220506778612,-28.6988872704214,0 -49.0220458948527,-28.6988868127559,0 -49.0220362723474,-28.6988865095807,0 -49.0219981557171,-28.6988871974566,0 -49.0219790799689,-28.6988878206401,0 -49.0219504697095,-28.6988891079382,0 -49.0219218942319,-28.6988908374386,0 -49.0219076391736,-28.6988918742224,0 -49.0218912493076,-28.6988932317141,0 -49.0218584827237,-28.6988964431076,0 -49.0217929812759,-28.6989035701903,0 -49.0217602050272,-28.6989067637945,0 -49.0217383224251,-28.6989085008131,0 -49.0217273790127,-28.6989092159069,0 -49.0217109477769,-28.6989100495611,0 -49.0216862511811,-28.6989106901841,0 -49.0216748368183,-28.6989107396915,0 -49.02165201074,-28.6989105319757,0 -49.0215835456512,-28.6989088449527,0 -49.0215330862611,-28.6989073672781,0 -49.0215078687631,-28.6989063122075,0 -49.0214986424311,-28.6989056358741,0 -49.0214925352519,-28.6989049423772,0 -49.0214804216456,-28.6989030143696,0 -49.0214744087875,-28.6989017896783,0 -49.0214624561692,-28.6988989079257,0 -49.0214506201877,-28.6988955041168,0 -49.0214427647245,-28.6988929802453,0 -49.0214271712935,-28.6988874644317,0 -49.0214050789004,-28.6988790381325,0 -49.0213941612255,-28.6988747004649,0 -49.0213779630172,-28.6988680296934,0 -49.021354089909,-28.6988575384706,0 -49.0213384865023,-28.6988501631766,0 -49.0213307928679,-28.698846342452,0 -49.0213193779679,-28.698840445498,0 -49.0213044295177,-28.6988322228173,0 -49.021297069895,-28.6988279465515,0 -49.0212861722445,-28.6988213169561,0 -49.0212701972532,-28.69881085093,0 -49.0211803791915,-28.6987490346355,0 -49.021135626954,-28.6987179621596,0 -49.0205114758125,-28.69828271374,0 -49.020483497066,-28.6982632032777,0 -49.0204430627151,-28.6982349188708,0 -49.0203624527216,-28.6981780822901,0 -49.0202820767418,-28.6981209968464,0 -49.0201215434238,-28.6980064407462,0 -49.0201054454694,-28.6979944565815,0 -49.0200976796724,-28.6979882703742,0 -49.0200863801643,-28.6979786750874,0 -49.0200754860137,-28.6979686170466,0 -49.0200701888834,-28.6979633872701,0 -49.0200598860062,-28.6979524803684,0 -49.0200548664046,-28.6979467760538,0 -49.0200475095582,-28.6979378795422,0 -49.0200446392658,-28.6979339035398,0 -49.0200429813459,-28.6979311905232,0 -49.0200401770035,-28.6979256359418,0 -49.020039002304,-28.697922803326,0 -49.0200370150859,-28.6979170442611,0 -49.0200353954925,-28.6979112008051,0 -49.0200326804091,-28.6978994125164,0 -49.0200320336168,-28.6978957124896,0 -49.0200317937,-28.6978932273092,0 -49.0200316810995,-28.6978882265249,0 -49.0200319394788,-28.6978831953721,0 -49.0200330225674,-28.6978730780199,0 -49.0200337366728,-28.6978654727342,0 -49.0200338487476,-28.6978578944352,0 -49.0200335330293,-28.6978541271063,0 -49.020032399858,-28.6978485248378,0 -49.0200309626365,-28.6978443082059,0 -49.0200297774461,-28.6978416015577,0 -49.0200268748524,-28.6978363886538,0 -49.0200252049082,-28.6978338830928,0 -49.0200214661904,-28.6978290544887,0 -49.0200172876803,-28.6978244276299,0 -49.0200143123698,-28.6978214513489,0 -49.0200080451518,-28.6978156929727,0 -49.0200052194731,-28.6978136937051,0 -49.0200031485395,-28.6978126797572,0 -49.0200016952744,-28.6978121352753,0 -49.0199986325344,-28.697811314442,0 -49.0199937318458,-28.6978105746526,0 -49.0199833960712,-28.697810008652,0 -49.0199757553591,-28.6978093554274,0 -49.019970974838,-28.6978083376164,0 -49.0199687481927,-28.69780756537,0 -49.0199656365411,-28.6978059584539,0 -49.0199628740957,-28.6978037524791,0 -49.0199616411112,-28.6978023900564,0 -49.0199607804863,-28.6978012225413,0 -49.0199594973859,-28.6977988394005,0 -49.0199586730318,-28.6977964090013,0 -49.0199577422213,-28.6977915047378,0 -49.0199577269696,-28.6977884996356,0 -49.0199581214667,-28.6977864571797,0 -49.0199597061339,-28.6977823117666,0 -49.0199620060945,-28.6977780953129,0 -49.0199623714431,-28.6977775014473,0 -49.0199672206508,-28.6977696625901,0 -49.019969355478,-28.697765524679,0 -49.0199701408876,-28.697763487945,0 -49.0199707744027,-28.6977608266429,0 -49.0199708887906,-28.6977595285528,0 -49.0199707532436,-28.6977576044596,0 -49.0199702132685,-28.6977557289706,0 -49.0199697803548,-28.6977548023347,0 -49.0199685574027,-28.6977530066205,0 -49.0199677531676,-28.6977521285226,0 -49.0199662832274,-28.6977508441422,0 -49.01996331087,-28.697748905512,0 -49.0199613149302,-28.6977479559972,0 -49.0199572544009,-28.6977467504555,0 -49.0199531394086,-28.697746247972,0 -49.0199448067231,-28.697746252123,0 -49.0199385379731,-28.697746115753,0 -49.0199327943936,-28.6977456885647,0 -49.019921267786,-28.6977452042631,0 -49.0199153971959,-28.697745119983,0 -49.0198866556143,-28.697744706426,0 -49.0198751538723,-28.6977440958126,0 -49.0198694243066,-28.6977435878668,0 -49.0198608385392,-28.6977424697397,0 -49.0198538747683,-28.6977410955755,0 -49.0198493609985,-28.6977399103826,0 -49.0198464123653,-28.6977390008937,0 -49.0198406160143,-28.6977369311505,0 -49.0198363736864,-28.6977351633844,0 -49.0198280662254,-28.6977311077863,0 -49.0198199587358,-28.6977264503942,0 -49.0198146190402,-28.697723051221,0 -49.0198040307781,-28.6977156594006,0 -49.0197983338303,-28.6977112631007,0 -49.0197947676729,-28.6977082511794,0 -49.0197881505349,-28.6977020360582,0 -49.0197850897184,-28.6976988244531,0 -49.0197794013021,-28.6976922170258,0 -49.019774239744,-28.6976853287191,0 -49.0197710442042,-28.6976805807588,0 -49.0197651716917,-28.6976707135148,0 -49.0197642117513,-28.6976688495012,0 -49.0197626783447,-28.6976650643463,0 -49.0197615823461,-28.697661204084,0 -49.0197610811116,-28.6976585983194,0 -49.0197605340537,-28.6976532844088,0 -49.0197604514933,-28.6976506032625,0 -49.0197606277792,-28.6976451556451,0 -49.0197611206099,-28.6976396493255,0 -49.019761223972,-28.6976388373844,0 -49.0197625585885,-28.6976284995627,0 -49.0197635332398,-28.6976200951029,0 -49.0197638397011,-28.6976158946314,0 -49.0197639320195,-28.6976103284754,0 -49.0197638124427,-28.6976075564646,0 -49.0197633661543,-28.6976034259335,0 -49.0197620305324,-28.6975972974893,0 -49.0197605995837,-28.6975932792158,0 -49.019759705879,-28.6975912812387,0 -49.0197581162594,-28.6975883252375,0 -49.0197510487341,-28.6975765723634,0 -49.0197470241468,-28.6975708379937,0 -49.0197441391466,-28.697567411967,0 -49.0197426354303,-28.6975658649341,0 -49.0197402872529,-28.6975638181273,0 -49.0197369914204,-28.6975616764879,0 -49.0197352682732,-28.6975609022459,0 -49.0197325907254,-28.6975601591937,0 -49.0197298002325,-28.6975599740475,0 -49.0197283548373,-28.6975601065467,0 -49.0197214320939,-28.6975614305384,0 -49.0197167715184,-28.697562635089,0 -49.0197073830951,-28.6975656644481,0 -49.019702672937,-28.6975674454558,0 -49.0196932245977,-28.6975713678001,0 -49.0196752383412,-28.6975795595679,0 -49.0196652793402,-28.6975840967791,0 -49.0196567826752,-28.6975880330528,0 -49.0196512062734,-28.6975908026362,0 -49.0196401771724,-28.6975966057691,0 -49.0196292668482,-28.6976026358957,0 -49.0196075143083,-28.6976147610298,0 -49.0195965086497,-28.6976205463275,0 -49.0195909297469,-28.6976233158716,0 -49.0195796060881,-28.6976284741675,0 -49.0195738304618,-28.6976308437419,0 -49.0195649868935,-28.6976340622635,0 -49.019555928729,-28.6976368348418,0 -49.0195513032946,-28.6976380305382,0 -49.0195452685166,-28.6976393680716,0 -49.0195412444797,-28.6976401391341,0 -49.0195331560771,-28.6976414014394,0 -49.0195209522549,-28.697642648653,0 -49.0195127795749,-28.6976430791959,0 -49.0195073122621,-28.6976432067821,0 -49.0194963428822,-28.6976431183292,0 -49.0194881011347,-28.6976427718561,0 -49.0194715560592,-28.6976415013742,0 -49.0194549819561,-28.6976396163817,0 -49.0194218409721,-28.6976348992108,0 -49.0193971309435,-28.697631360707,0 -49.0193848585843,-28.6976298460075,0 -49.0193540997017,-28.6976263362396,0 -49.019338763101,-28.6976243795806,0 -49.0193234667492,-28.6976221431787,0 -49.0193158332382,-28.69762087649,0 -49.0193006003197,-28.6976179916831,0 -49.0192929866096,-28.6976163370061,0 -49.0192816074684,-28.6976135625987,0 -49.019274672361,-28.6976116292654,0 -49.0192655800965,-28.6976087170597,0 -49.0192611072558,-28.6976071171833,0 -49.0192512215994,-28.6976031827377,0 -49.0192416151705,-28.6975987831433,0 -49.019236921345,-28.6975964133897,0 -49.0192277657515,-28.6975913253524,0 -49.0192233139748,-28.6975886072151,0 -49.0192167833624,-28.6975843336175,0 -49.019208403636,-28.6975782468691,0 -49.0192043502429,-28.6975750383411,0 -49.0191984574057,-28.6975700338771,0 -49.0191900599459,-28.6975620699205,0 -49.0191824510808,-28.6975541891081,0 -49.0191680067534,-28.6975382229142,0 -49.0191543221726,-28.6975220145002,0 -49.0191454609031,-28.6975110840323,0 -49.0191279880447,-28.6974890003939,0 -49.0191237106628,-28.6974834242248,0 -49.0191155525248,-28.6974721069625,0 -49.0190921039329,-28.6974375825474,0 -49.0190838133104,-28.6974262358059,0 -49.0190794463432,-28.6974206406998,0 -49.019072517456,-28.6974124090995,0 -49.0190694679771,-28.6974092604304,0 -49.0190672732639,-28.6974073243571,0 -49.0190625586202,-28.6974037723889,0 -49.019060074178,-28.6974021294763,0 -49.0190548894559,-28.6973990938341,0 -49.0190495106464,-28.697396281156,0 -49.019038545043,-28.6973909865063,0 -49.0190342304164,-28.6973891455092,0 -49.0190312537539,-28.6973881001087,0 -49.019025114688,-28.6973863860524,0 -49.0190187953953,-28.6973850212842,0 -49.0190059647855,-28.6973827036476,0 -49.0189965155124,-28.6973807064955,0 -49.0189904776596,-28.6973789581213,0 -49.0189875625371,-28.6973778954464,0 -49.0189833509974,-28.6973760201588,0 -49.0189793802011,-28.6973737331332,0 -49.0189774911611,-28.6973724150676,0 -49.0189668105948,-28.6973641918563,0 -49.0189598939725,-28.6973585594076,0 -49.0189465133477,-28.6973469756459,0 -49.0189400221407,-28.69734104266,0 -49.018927368146,-28.6973289187906,0 -49.0189150450874,-28.6973165029137,0 -49.0189069751065,-28.6973081009356,0 -49.0188910141229,-28.697291047357,0 -49.0188670362708,-28.6972649614176,0 -49.018855227414,-28.6972518761978,0 -49.0188377908049,-28.6972320847157,0 -49.0188207834679,-28.6972120202896,0 -49.018812458133,-28.6972018554791,0 -49.0188077723028,-28.6971958134446,0 -49.0188048020521,-28.6971917092819,0 -49.0187991772881,-28.6971833524729,0 -49.0187913137822,-28.6971705233,0 -49.0187874997586,-28.6971638276288,0 -49.0187763952049,-28.697144326046,0 -49.0187686490338,-28.6971312369854,0 -49.0187645441655,-28.6971247612081,0 -49.0187580011301,-28.697115181507,0 -49.0187403140552,-28.6970903519627,0 -49.0187339995713,-28.6970822014931,0 -49.0187307171605,-28.6970782552274,0 -49.0187238489282,-28.6970707189916,0 -49.0187202414729,-28.6970671832285,0 -49.0187145734313,-28.6970622183866,0 -49.0187092451858,-28.6970582151695,0 -49.0187064841002,-28.6970563704807,0 -49.0187021846236,-28.6970538258403,0 -49.018695399777,-28.6970505503051,0 -49.018690633921,-28.6970487566619,0 -49.018688171882,-28.6970479809475,0 -49.0186843735042,-28.6970469868403,0 -49.0186778534566,-28.6970458355603,0 -49.0186735037003,-28.6970454292856,0 -49.0186705871503,-28.6970453050569,0 -49.0186647549549,-28.6970453732924,0 -49.0186603590217,-28.6970456608335,0 -49.0186515557697,-28.6970467407838,0 -49.0186427169335,-28.6970483169865,0 -49.0186249821294,-28.6970520815352,0 -49.0186116512854,-28.6970546020116,0 -49.0186049719627,-28.6970555059874,0 -49.0185983094362,-28.6970560489187,0 -49.0185949711537,-28.6970561624922,0 -49.0185787628424,-28.6970565837764,0 -49.0185462655628,-28.6970577952597,0 -49.0185300411755,-28.6970581083561,0 -49.0185219361945,-28.697058097582,0 -49.0185057765014,-28.6970575629213,0 -49.0184977207667,-28.6970569938585,0 -49.0184856923845,-28.6970556627481,0 -49.0184737302976,-28.6970539625056,0 -49.0184499035164,-28.6970501669058,0 -49.0184261580794,-28.697045966042,0 -49.0183788065552,-28.6970367991521,0 -49.0183497964348,-28.6970308914914,0 -49.018336302481,-28.6970281455077,0 -49.0183080580718,-28.6970222094014,0 -49.0182516013864,-28.6970100578627,0 -49.0182304028185,-28.6970052807437,0 -49.0182198912628,-28.6970027447664,0 -49.018204208366,-28.696998653169,0 -49.0181886560296,-28.6969941300445,0 -49.01818093512,-28.6969916707466,0 -49.0181655831451,-28.696986293592,0 -49.0181579507253,-28.6969833481779,0 -49.0181465786605,-28.6969785795256,0 -49.018137794527,-28.6969745350186,0 -49.0181320759557,-28.6969716897902,0 -49.0181209110597,-28.6969657059179,0 -49.0181154748924,-28.6969625586108,0 -49.0181048630767,-28.6969559962944,0 -49.0180945835661,-28.6969490692943,0 -49.0180879116143,-28.6969442791761,0 -49.0180833801505,-28.6969407876876,0 -49.018074939125,-28.6969342808555,0 -49.0180609140993,-28.6969224617631,0 -49.0180518473617,-28.6969142891142,0 -49.0180459164422,-28.6969087250361,0 -49.0180343002311,-28.6968973570477,0 -49.0180173658605,-28.6968798286857,0 -49.0180063206167,-28.696867927676,0 -49.0179845685452,-28.6968438679061,0 -49.0179601258309,-28.6968169450282,0 -49.0179573718807,-28.6968137285176,0 -49.0179556943592,-28.6968115290374,0 -49.0179526682723,-28.6968070093265,0 -49.017949931197,-28.6968023671782,0 -49.0179448300621,-28.6967928449166,0 -49.0179407592928,-28.6967856569489,0 -49.0179376759331,-28.696780928216,0 -49.0179359678588,-28.6967785933548,0 -49.0179331571343,-28.6967751413935,0 -49.0179282679521,-28.6967701157843,0 -49.0179260689746,-28.6967685403705,0 -49.0179248914022,-28.6967680180812,0 -49.01792319645,-28.6967677046548,0 -49.0179225117713,-28.6967677755826,0 -49.0179211595018,-28.6967682701668,0 -49.0179198252476,-28.6967691345664,0 -49.0179171541819,-28.696771297317,0 -49.0179151218496,-28.6967727115982,0 -49.0179140876539,-28.6967731656816,0 -49.0179097253759,-28.6967745182862,0 -49.0179073296481,-28.6967750967157,0 -49.0179036962459,-28.6967755578758,0 -49.0179013678256,-28.6967754152617,0 -49.0179002649119,-28.6967751738457,0 -49.017898722945,-28.6967745647063,0 -49.0178957658244,-28.6967729148475,0 -49.017890104113,-28.6967692410171,0 -49.017886519951,-28.6967665261877,0 -49.0178820398181,-28.6967625987024,0 -49.0178799319949,-28.6967605284002,0 -49.0178755525424,-28.6967556005805,0 -49.0178717218637,-28.6967503558608,0 -49.0178700310883,-28.6967476335263,0 -49.0178677888294,-28.6967434496889,0 -49.01783986121,-28.6966836930452,0 -49.0178132568838,-28.6966291895382,0 -49.0178073805399,-28.6966179144498,0 -49.0178042305076,-28.6966123822984,0 -49.017799226964,-28.6966041788494,0 -49.0177910409131,-28.6965920669265,0 -49.0177867979332,-28.6965865270207,0 -49.0177837947155,-28.6965829819134,0 -49.017777370809,-28.6965762017103,0 -49.0177739644931,-28.6965729662743,0 -49.0177668043188,-28.6965668069891,0 -49.0177592151674,-28.6965610379557,0 -49.0177539313926,-28.696557396094,0 -49.0177429148682,-28.696550602565,0 -49.0177255135726,-28.6965410173643,0 -49.0177167160307,-28.6965364940356,0 -49.0177033720798,-28.6965300359496,0 -49.017689801797,-28.6965239540105,0 -49.0176829101317,-28.6965210469633,0 -49.0176668299429,-28.6965146754491,0 -49.0176344127763,-28.6965025328217,0 -49.0176183390094,-28.6964962517185,0 -49.0176103905974,-28.6964929409049,0 -49.0176017221261,-28.6964891591141,0 -49.0175845961188,-28.6964812742318,0 -49.0175676802573,-28.6964730768488,0 -49.0175340107844,-28.6964562598285,0 -49.0175084342774,-28.6964437669103,0 -49.0174954083744,-28.6964377017424,0 -49.0174859968034,-28.696433710785,0 -49.0174812105571,-28.69643190799,0 -49.0174739805267,-28.6964294558476,0 -49.0174630901685,-28.6964264086764,0 -49.0174601724854,-28.6964259148542,0 -49.0174581870038,-28.696425804796,0 -49.0174541732054,-28.6964260345631,0 -49.0174521410156,-28.6964263478957,0 -49.0174480502582,-28.6964272803897,0 -49.0174439743264,-28.6964285198671,0 -49.0174359861843,-28.696431425847,0 -49.0174351106617,-28.6964318459029,0 -49.0174335842477,-28.6964329966239,0 -49.0174298249915,-28.696437417452,0 -49.017428472291,-28.6964385977054,0 -49.0174277171216,-28.6964390283371,0 -49.0174264307595,-28.6964394065732,0 -49.0174234896486,-28.6964397247591,0 -49.0174173994245,-28.6964397979722,0 -49.0174111780006,-28.6964392100177,0 -49.0174070568215,-28.696438509099,0 -49.0174043352115,-28.6964379190148,0 -49.0173990716127,-28.6964364881349,0 -49.0173763260825,-28.6964291889236,0 -49.0173650589926,-28.696425251723,0 -49.0173482458436,-28.6964187972816,0 -49.0173352054946,-28.6964134990778,0 -49.0173290216947,-28.6964103853935,0 -49.0173251591694,-28.6964078922766,0 -49.0173233228992,-28.6964064940026,0 -49.0173206962754,-28.6964041456714,0 -49.0173181687642,-28.6964014105161,0 -49.0173166587361,-28.6963995384243,0 -49.0173140098161,-28.6963956559352,0 -49.0173107366795,-28.6963895982083,0 -49.017305250652,-28.69637703842,0 -49.0173016936023,-28.6963681159506,0 -49.0172954536009,-28.696350059118,0 -49.0172919088653,-28.6963411461916,0 -49.0172898402254,-28.6963367666211,0 -49.0172848947854,-28.6963276706942,0 -49.0172822177088,-28.696323227682,0 -49.0172779069446,-28.6963167130468,0 -49.0172732596113,-28.6963103917474,0 -49.0172707999327,-28.696307305658,0 -49.0172655894754,-28.6963013004948,0 -49.017262832608,-28.6962983730706,0 -49.0172585126006,-28.6962941047973,0 -49.017248779173,-28.6962853534043,0 -49.0172420700384,-28.6962798230481,0 -49.0172375015144,-28.6962762461746,0 -49.0172280817164,-28.6962693135385,0 -49.0172116499675,-28.6962578380015,0 -49.0172033118094,-28.6962522749544,0 -49.0171904950952,-28.6962442273807,0 -49.0171757968317,-28.6962357920383,0 -49.0171682650055,-28.6962318555989,0 -49.0171566619495,-28.6962264247876,0 -49.0171423776602,-28.696220349954,0 -49.0171136272038,-28.6962086040678,0 -49.0170846953797,-28.696197234982,0 -49.0170265952339,-28.696175015434,0 -49.0169831145752,-28.696158154148,0 -49.0169614805202,-28.6961494540902,0 -49.0169522716054,-28.696145583377,0 -49.0169340881005,-28.6961373403487,0 -49.0169300244141,-28.6961352143743,0 -49.0169280894497,-28.696134048716,0 -49.0169253314882,-28.6961321407023,0 -49.0169215038756,-28.6961288902581,0 -49.0169180976388,-28.6961251227811,0 -49.0169165614465,-28.6961230156833,0 -49.0169144452167,-28.6961196372192,0 -49.0169131987099,-28.6961173718975,0 -49.0169111128884,-28.6961128114249,0 -49.0169102556308,-28.6961105071989,0 -49.0169089002456,-28.6961058671116,0 -49.0169079879888,-28.696101179547,0 -49.0169075971247,-28.6960980246448,0 -49.0169073278388,-28.6960916683792,0 -49.0169075760848,-28.696069294059,0 -49.0169079075354,-28.6960581093874,0 -49.0169088804959,-28.6960413583555,0 -49.0169137130736,-28.6959799162453,0 -49.016914432374,-28.6959199388551,0 -49.0169145465565,-28.6959161690121,0 -49.016915075977,-28.6959085968395,0 -49.0169155705967,-28.6959035328102,0 -49.0169166335106,-28.6958934063822,0 -49.0169172169759,-28.6958858168272,0 -49.0169173902836,-28.6958782487968,0 -49.0169172565596,-28.6958744753197,0 -49.016916687675,-28.6958688361409,0 -49.0169157685364,-28.6958638510719,0 -49.0169151295064,-28.6958613688492,0 -49.0169139509686,-28.6958576522036,0 -49.0169115894017,-28.695852113417,0 -49.0169084360996,-28.6958466258091,0 -49.0169065430519,-28.6958438999476,0 -49.0169043672402,-28.695841097793,0 -49.0168997857673,-28.6958359235522,0 -49.0168949116725,-28.6958312952181,0 -49.0168915163132,-28.6958284751853,0 -49.0168844281331,-28.6958233726941,0 -49.0168807574051,-28.6958210448474,0 -49.0168732139787,-28.6958167651072,0 -49.0168654798623,-28.6958128262373,0 -49.0168497481425,-28.6958053406208,0 -49.0168380581736,-28.6957994210987,0 -49.0168323598436,-28.6957961702143,0 -49.016828541576,-28.6957939487006,0 -49.0168206923952,-28.6957897189992,0 -49.0168125905436,-28.695785738386,0 -49.0168070612853,-28.6957831938342,0 -49.016795782912,-28.695778336125,0 -49.016784283942,-28.6957736828125,0 -49.0167611247197,-28.6957645820027,0 -49.0167440316143,-28.6957575456524,0 -49.016732993882,-28.6957525471703,0 -49.0167276091524,-28.6957499237744,0 -49.0167197664046,-28.6957457839334,0 -49.0167097876543,-28.6957398448779,0 -49.0167050482569,-28.6957366532084,0 -49.0166982671546,-28.6957315640219,0 -49.0166919314536,-28.6957260749136,0 -49.0166889469856,-28.6957231617656,0 -49.0166833857571,-28.6957169801566,0 -49.0166808072789,-28.6957137034093,0 -49.0166772307356,-28.6957085345322,0 -49.0166725112887,-28.695701039065,0 -49.0166634292443,-28.6956859718516,0 -49.01665477358,-28.6956707847678,0 -49.0166492040312,-28.6956606062634,0 -49.0166385167711,-28.6956401374679,0 -49.0166232969988,-28.6956092167792,0 -49.0165942417053,-28.6955470074159,0 -49.0165795075524,-28.6955159401843,0 -49.0165718992735,-28.6955004616861,0 -49.0165616516885,-28.6954793681753,0 -49.0165415026561,-28.6954370771789,0 -49.0165308142786,-28.6954160405391,0 -49.0165251476302,-28.6954055802761,0 -49.0165219642089,-28.6954003004008,0 -49.0165196434792,-28.6953969365566,0 -49.016514562644,-28.6953905543533,0 -49.016511815818,-28.6953875273769,0 -49.0165059398419,-28.6953817745845,0 -49.0164995810103,-28.6953764206127,0 -49.0164950906146,-28.6953730431304,0 -49.0164855819471,-28.6953667226755,0 -49.0164780307799,-28.6953623260427,0 -49.0164728210391,-28.69535953337,0 -49.0164620524851,-28.6953542414108,0 -49.0164565144551,-28.6953517330662,0 -49.0164451822155,-28.6953469197011,0 -49.0164412207621,-28.6953453365966,0 -49.0164336229689,-28.6953423194501,0 -49.0164101809574,-28.695333448505,0 -49.0163927275322,-28.6953267769318,0 -49.0163841732515,-28.6953233398569,0 -49.0163716583594,-28.6953179771226,0 -49.0163625251463,-28.6953137737293,0 -49.0163443898622,-28.6953052691787,0 -49.0163307831504,-28.695299078079,0 -49.0163170219203,-28.6952933633114,0 -49.0163100529569,-28.6952907524677,0 -49.0163006334951,-28.6952876182791,0 -49.0162958604315,-28.695286213277,0 -49.0162886113321,-28.6952843473405,0 -49.0162774961254,-28.6952821355693,0 -49.0162696072596,-28.6952809734679,0 -49.0162537778899,-28.6952792345014,0 -49.0162378985788,-28.6952780901584,0 -49.0162060687823,-28.6952765946003,0 -49.016182216836,-28.6952752523765,0 -49.0161703242046,-28.6952742210126,0 -49.0161082861983,-28.695268312098,0 -49.0160876718765,-28.6952658982197,0 -49.016077390935,-28.695264493395,0 -49.0160637308346,-28.695262325795,0 -49.0160569055252,-28.6952611065803,0 -49.0160467098394,-28.6952590894713,0 -49.0160368060194,-28.6952567985147,0 -49.0160467346122,-28.6952537696178,0 -49.0162908824302,-28.6951812895928,0 -49.0164816196679,-28.6951202636026,0 -49.0166672394563,-28.6950594564073,0 -49.016790856938,-28.6949374111554,0 -49.0168877236041,-28.6948547937633,0 -49.017118987321,-28.6945373084199,0 -49.0174498530057,-28.693992088223,0 -49.0177970294273,-28.69350058308,0 -49.0179164021923,-28.6931432584477,0 -49.01802854925,-28.6927094297499,0 -49.0182419047519,-28.6924222401956,0 -49.0186884133574,-28.6921766648603,0 -49.0190137945925,-28.6919216733309,0 -49.0193832059004,-28.6916291273267,0 -49.0198878947154,-28.6915142763747,0 -49.0201199918954,-28.6915301525456,0 -49.0202230756742,-28.6914979404074,0 -49.0214902041259,-28.6915453593315,0 -49.0222355584618,-28.6915333374919,0 -49.0225753826094,-28.6914313461547,0 -49.0227508838227,-28.6911633388674,0 -49.0227747025167,-28.6909682262907,0 -49.0227443608554,-28.6907385866248,0 -49.0225785918092,-28.6903388896343,0 -49.0225488243583,-28.6900786978285,0 -49.0226052457607,-28.6898426873263,0 -49.0227502953864,-28.6895010111374,0 -49.0236352513107,-28.6882854681436,0 -49.0239957925752,-28.6877696738065,0 -49.0243689021129,-28.6872785294488,0 -49.0246299827812,-28.6867551884319,0 -49.0246882614859,-28.6864198839304,0 -49.0246584917403,-28.6861596944849,0 -49.0244590759041,-28.6857060278446,0 -49.0242859342981,-28.6852374662497,0 -49.0241367705516,-28.6848762150617,0 -49.0230134996085,-28.6819490081653,0 -49.0229472230782,-28.681787602192,0 -49.0207847673529,-28.6779207685546,0 -49.0175402883875,-28.6721010006911,0 -49.0166103644299,-28.670498625469,0 -49.0163739116475,-28.6699450878159,0 -49.0161641894729,-28.6672833328044,0 -49.0161037947403,-28.6665125323343,0 -49.0160962486343,-28.666473206197,0 -48.996738519958,-28.6582709009666,0 -48.9966926046144,-28.6582847183249,0 -48.9966617158753,-28.6583148221796,0 -48.9964583728383,-28.6583041721379,0 -48.9958574422497,-28.658249438877,0 -48.9953644578805,-28.6582115817515,0 -48.9950842764163,-28.6581424950795,0 -48.9945367149647,-28.6577867722817,0 -48.9938294161444,-28.6573062420741,0 -48.9936292407148,-28.6571998606585,0 -48.9933790469709,-28.6571197550419,0 -48.993114639965,-28.6570752488807,0 -48.9929524673977,-28.6570632961269,0 -48.9929499437184,-28.6570634553324,0 -48.9918485030993,-28.6569230606673,0 -48.9898075758098,-28.6566444808106,0 -48.9859203444684,-28.6555362347646,0 -48.9822372012846,-28.6545168702617,0 -48.981107522564,-28.654146689684,0 -48.9804764513839,-28.6537457380004,0 -48.9801031308814,-28.6534536770551,0 -48.9794309736621,-28.6529375107904,0 -48.9782848071662,-28.6522996679012,0 -48.9780244867099,-28.6521460541824,0 -48.9780213128815,-28.6521457738246,0 -48.977416251254,-28.6517926908593,0 -48.9763823014749,-28.6511756090392,0 -48.9760258035565,-28.6509668706363,0 -48.9759308424894,-28.6509155451043,0 -48.9759106311522,-28.6508986452518,0 -48.9750305625497,-28.6503792891721,0 -48.9731991390346,-28.6493491658392,0 -48.971903922118,-28.648584893657,0 -48.9706424788607,-28.6477542683512,0 -48.968641301788,-28.6465496462498,0 -48.9669523578295,-28.6454356323538,0 -48.9667713254143,-28.6452801184418,0 -48.9661570838386,-28.6445737654246,0 -48.9641671413863,-28.6422328325776,0 -48.9630872859558,-28.6409751319407,0 -48.9620500073207,-28.6397562639878,0 -48.9612861719391,-28.6389521401057,0 -48.9593317783419,-28.6370223166164,0 -48.956941929266,-28.6346657101361,0 -48.9549554182713,-28.6327257915812,0 -48.953171420548,-28.6309512530885,0 -48.9520506848752,-28.6290243736879,0 -48.9509714173511,-28.6271936103736,0 -48.9505205223841,-28.6264466883285,0 -48.9498613010545,-28.6252812006694,0 -48.9495064780591,-28.6246912406223,0 -48.904668121928,-28.622790782369,0 -48.904683071018,-28.622786364826,0 -48.9048351122401,-28.6227600674845,0 -48.9050198987053,-28.6227199512021,0 -48.9051941484925,-28.6226653477789,0 -48.9053253096173,-28.6226005299572,0 -48.9054561863021,-28.6225500293821,0 -48.9055330605866,-28.6224939207166,0 -48.9056056622248,-28.6223804483823,0 -48.9057042697356,-28.622319900157,0 -48.9058412016862,-28.6222748613164,0 -48.9063438176308,-28.6222827135333,0 -48.9063984219404,-28.6222446822118,0 -48.9065125952424,-28.6222177972598,0 -48.9065665026899,-28.622228180406,0 -48.9066801082257,-28.6222299356135,0 -48.9067779566529,-28.6222075736175,0 -48.9068977278325,-28.6221712251236,0 -48.9071149709126,-28.6221316072941,0 -48.9072685387121,-28.6221170734474,0 -48.907353289597,-28.6220712056055,0 -48.9076156829958,-28.6219377422949,0 -48.9078783792358,-28.621789007466,0 -48.9082085022336,-28.6217329862956,0 -48.9085231299591,-28.621585050222,0 -48.9090093567409,-28.6215161586795,0 -48.9093419001847,-28.6213379369619,0 -48.9096042894039,-28.6212044712103,0 -48.9097272830462,-28.6211146931584,0 -48.9099899744961,-28.6209659517524,0 -48.9101126649412,-28.6208914481762,0 -48.9102526646009,-28.6208172097856,0 -48.9105842962539,-28.6206848104713,0 -48.9107920276159,-28.6206880135762,0 -48.9109997608838,-28.620691216392,0 -48.9114370697488,-28.6204687685727,0 -48.9117015733655,-28.6202283754942,0 -48.9118922945425,-28.6202160351809,0 -48.9120304807554,-28.6202334441544,0 -48.9122394199229,-28.6201755460075,0 -48.9125191152162,-28.6200423415404,0 -48.9127650929785,-28.6198627790112,0 -48.9128367542664,-28.6197416470482,0 -48.9130818262105,-28.6196079080253,0 -48.9132549349144,-28.6196105740319,0 -48.9134113361488,-28.6195824245467,0 -48.913638189818,-28.6194942414758,0 -48.9137969317468,-28.6194750356888,0 -48.9138955920863,-28.6193795677103,0 -48.9140252556326,-28.6192326967276,0 -48.9141663984222,-28.6192212409964,0 -48.9142961095386,-28.6192098074217,0 -48.9146852199224,-28.6190762771506,0 -48.9147920194427,-28.6190190692827,0 -48.9149636856445,-28.618761559117,0 -48.9150399842213,-28.6186223246423,0 -48.9152116735801,-28.6184754546833,0 -48.9154443429644,-28.6182580356766,0 -48.9155778476255,-28.6181111648688,0 -48.9156922846783,-28.6180901864399,0 -48.9159783910897,-28.6180806390229,0 -48.9161348315686,-28.6181149797699,0 -48.9162759497312,-28.618208439536,0 -48.9164323437372,-28.6181969829419,0 -48.9166268995761,-28.6180596577357,0 -48.9166917420304,-28.6179700418134,0 -48.9167566082734,-28.6178765600669,0 -48.9167985656922,-28.6177277788012,0 -48.9168138140447,-28.6175484760742,0 -48.9168405200058,-28.6173539454403,0 -48.9170936122898,-28.617477047345,0 -48.917599537045,-28.6172861907295,0 -48.9180377248832,-28.6170178957798,0 -48.9183031067023,-28.6167316646799,0 -48.9186192154861,-28.6165073299167,0 -48.9188684889483,-28.6161597323884,0 -48.9190989452958,-28.6158882427518,0 -48.9192070241761,-28.6156759903368,0 -48.9192152438022,-28.6154907485781,0 -48.919224716001,-28.6154828108857,0 -48.919315913324,-28.6153702079445,0 -48.9195586503578,-28.6154063608553,0 -48.9199245728901,-28.6152897418761,0 -48.9201702287244,-28.615125440111,0 -48.9204465874868,-28.6151602393327,0 -48.9208140150555,-28.6149672446466,0 -48.921128004354,-28.6148498276991,0 -48.9214966337915,-28.6145957316543,0 -48.9220625864358,-28.6139932354524,0 -48.9221715614729,-28.6137351558055,0 -48.9224175079147,-28.6135555739662,0 -48.9227855283822,-28.6133320250746,0 -48.9229974558239,-28.6131213603454,0 -48.9231565509559,-28.6129557261078,0 -48.9235227620318,-28.612823821714,0 -48.9238248431711,-28.6124311864386,0 -48.9239845369473,-28.6122349999615,0 -48.9244405988434,-28.6119363967521,0 -48.9248857659171,-28.6112846995833,0 -48.9252901021864,-28.6109566607484,0 -48.9254998427539,-28.6105940414402,0 -48.9259063838503,-28.6104786428128,0 -48.9264771956435,-28.6100671937094,0 -48.9270058529124,-28.609597798065,0 -48.9273845496372,-28.6090497093582,0 -48.9278475402057,-28.6086175049555,0 -48.9281370586968,-28.6082017456314,0 -48.9283389059959,-28.607841945924,0 -48.9285575185617,-28.6077306914442,0 -48.9288843104967,-28.6076210880275,0 -48.9293211561197,-28.6074176717259,0 -48.9298482914577,-28.607024637268,0 -48.9301374231642,-28.6066279662528,0 -48.9305537502599,-28.6063669341825,0 -48.9309638915003,-28.6059797479712,0 -48.9311207179726,-28.6059286640484,0 -48.9312963506609,-28.6058014691697,0 -48.9313600732646,-28.6056420073729,0 -48.9314496112864,-28.6054905793402,0 -48.9315640629998,-28.6053930097198,0 -48.9317750583844,-28.6052281546078,0 -48.9319320336108,-28.6051694332197,0 -48.932098860662,-28.605049741592,0 -48.9322565828322,-28.6049528320163,0 -48.9324420623977,-28.6047646670297,0 -48.9326094871292,-28.6046144255841,0 -48.9328110784253,-28.6044876244921,0 -48.9329352277395,-28.6043367242783,0 -48.9332848377647,-28.6041663410772,0 -48.9334077918458,-28.6040765392433,0 -48.9335319417241,-28.6039256367821,0 -48.9335364266419,-28.6036965131907,0 -48.9336942956292,-28.6035919630953,0 -48.9338864807669,-28.6035032160999,0 -48.9343030794786,-28.6034484465991,0 -48.9344779571356,-28.6033594349824,0 -48.9346880481623,-28.603240399167,0 -48.9348623250673,-28.60318193781,0 -48.9352293869556,-28.6030041742358,0 -48.9355116976636,-28.6027334434548,0 -48.9356095154439,-28.6026509989346,0 -48.935638052756,-28.6025750366953,0 -48.9357236323924,-28.6024833818512,0 -48.9358143091821,-28.6024153750864,0 -48.9358855575131,-28.6023687126019,0 -48.9360066038613,-28.602265507791,0 -48.936115900277,-28.6022098741338,0 -48.9363894207547,-28.6020564680158,0 -48.9365736019793,-28.6019576256799,0 -48.9369136120925,-28.6017240587394,0 -48.9372612682927,-28.6016529508292,0 -48.9374464734398,-28.6015889223863,0 -48.9377111301583,-28.6013351060383,0 -48.937941654454,-28.6011667183035,0 -48.9381076460626,-28.6009782506148,0 -48.9382398798019,-28.6008561152713,0 -48.9383943090049,-28.6007056684193,0 -48.9385810011413,-28.6005652623589,0 -48.9387801908887,-28.6003390976298,0 -48.9389885158172,-28.6001990198831,0 -48.9391425702984,-28.6000676665967,0 -48.9393639481814,-28.5998131909454,0 -48.9395403806785,-28.5996439780071,0 -48.9398063313439,-28.5993233285561,0 -48.9400293847442,-28.5989829297725,0 -48.9400978269669,-28.5988025251843,0 -48.9401017379808,-28.5986020409223,0 -48.9401472425545,-28.5984881360228,0 -48.9403441877937,-28.5983765325477,0 -48.9406254376801,-28.5983808052323,0 -48.9408740479632,-28.5983941297588,0 -48.9409715896949,-28.5983860630942,0 -48.9411138896881,-28.5983022768901,0 -48.9413108342724,-28.5981906713956,0 -48.9414736512931,-28.5981644931652,0 -48.9417015593487,-28.5981297559269,0 -48.941919578374,-28.5980471184362,0 -48.9422267407975,-28.5978321370598,0 -48.9424805604667,-28.5975781482185,0 -48.9426691017105,-28.5973422662748,0 -48.9428468266458,-28.5971062204564,0 -48.9430018010493,-28.5969271271366,0 -48.9430871285261,-28.596738762103,0 -48.943142235451,-28.596704325989,0 -48.943149726202,-28.5966695623309,0 -48.9431991458121,-28.5966321127195,0 -48.9432350450609,-28.5965944579736,0 -48.9432657680578,-28.5965447884873,0 -48.9433019021341,-28.5964952016314,0 -48.9433299672403,-28.5964431043457,0 -48.9433497328666,-28.5964004293422,0 -48.9433829741525,-28.596360346769,0 -48.9434220429358,-28.5962988676394,0 -48.9434310854664,-28.5962512555864,0 -48.9434319685704,-28.5962059083225,0 -48.9434575151528,-28.5961442224037,0 -48.943466697066,-28.5960894511785,0 -48.9434682773562,-28.5960083014686,0 -48.9434827271617,-28.5959607725326,0 -48.9434983407559,-28.5958535758168,0 -48.9435000139406,-28.595767653691,0 -48.9435068174711,-28.5956961336014,0 -48.9435120779635,-28.5955649057733,0 -48.9435682068091,-28.595460708846,0 -48.9436302559236,-28.5953303407103,0 -48.943669138276,-28.5952784073995,0 -48.9437440585679,-28.5951816588829,0 -48.9437941761389,-28.5951084093257,0 -48.9438495150897,-28.5950447876792,0 -48.9438974426212,-28.595028891517,0 -48.9440278560562,-28.595054655182,0 -48.9441035733127,-28.5950558033742,0 -48.9441633932499,-28.5950399987823,0 -48.9442451701353,-28.5950078132082,0 -48.9443131474412,-28.5949897447749,0 -48.944418706481,-28.5949865703332,0 -48.9444671957442,-28.5949968558984,0 -48.9445457584967,-28.5949908840451,0 -48.9446062732305,-28.5949392784009,0 -48.9446770946887,-28.594914090511,0 -48.9447206417802,-28.5949004253362,0 -48.9447692258181,-28.5949059367538,0 -48.9448448965575,-28.5949094712853,0 -48.9449509199513,-28.5948824293869,0 -48.9450058413565,-28.5948402891745,0 -48.9450466822373,-28.5948265828735,0 -48.9451583462527,-28.5947876884359,0 -48.9452236190166,-28.594769578544,0 -48.9452786318823,-28.5947226646741,0 -48.9453900629231,-28.5946957038231,0 -48.9454075898934,-28.5946291210116,0 -48.945484051675,-28.5945920802911,0 -48.9455684386073,-28.5945647100191,0 -48.9456207005229,-28.5945201417781,0 -48.9456540796347,-28.5944728977324,0 -48.9456979049672,-28.5944449127677,0 -48.9457499159113,-28.5944234112228,0 -48.9457982667806,-28.5944029821208,0 -48.9458897966071,-28.5943699899497,0 -48.9459460757451,-28.5943135445669,0 -48.9460087912047,-28.5942600621732,0 -48.9460607082004,-28.5941967302716,0 -48.9461821505509,-28.5941323912304,0 -48.9471664853941,-28.5933680399861,0 -48.9477596706059,-28.593132546784,0 -48.9487818601808,-28.5922006815621,0 -48.9491395626966,-28.591610188486,0 -48.9494814363142,-28.5909430570346,0 -48.9496798123793,-28.5905335090525,0 -48.9500157499347,-28.5901718771503,0 -48.9502979876284,-28.589901111373,0 -48.9510319664986,-28.5895454931117,0 -48.951591100906,-28.5892789088687,0 -48.9518224551954,-28.5892761218981,0 -48.9519320777364,-28.5891459386773,0 -48.9522563439348,-28.5889342228049,0 -48.9526278616127,-28.5884847478304,0 -48.95296822241,-28.5878939812931,0 -48.9532557734442,-28.58734825499,0 -48.9535078226374,-28.5868478327203,0 -48.9538648858722,-28.5862878757032,0 -48.9543413123306,-28.5858213939057,0 -48.9547118298025,-28.5854602723085,0 -48.9553821571311,-28.5848133572238,0 -48.9559122598898,-28.5842560006635,0 -48.9564411733241,-28.5837597454421,0 -48.9569876833825,-28.583248470435,0 -48.9571994835434,-28.5830377469768,0 -48.9573044968024,-28.5829782093734,0 -48.9575589068514,-28.5829755644068,0 -48.9579853236402,-28.5828499916336,0 -48.9582032617885,-28.5827692343762,0 -48.9584817720009,-28.5826893885971,0 -48.958777140288,-28.582632717407,0 -48.9589949324324,-28.5825595960166,0 -48.9591605115725,-28.582500968956,0 -48.9592933983848,-28.5823425323067,0 -48.9594280004494,-28.5822031341278,0 -48.9594504281053,-28.5821972382539,0 -48.9597652086919,-28.5818551431746,0 -48.9601022139217,-28.5812108270855,0 -48.9604880036001,-28.5802807504144,0 -48.9608151570204,-28.5790250960966,0 -48.9609413615023,-28.5780911142897,0 -48.9613971799111,-28.5768946921092,0 -48.9620912864676,-28.5756827478266,0 -48.96265139705,-28.5753083634804,0 -48.9607202218788,-28.5753374855476,0 -48.9412908267415,-28.5758842300241,0 -48.9352846106145,-28.5759934787162,0 -48.9325027434118,-28.576075248224,0 -48.9254441119351,-28.5763399079752,0 -48.9231080918457,-28.5763041578242,0 -48.9212875085873,-28.5759133800906,0 -48.920773280108,-28.5756572078925,0 -48.9142621254273,-28.5723008088279,0 -48.9113285891571,-28.5707563749066,0 -48.9055672748397,-28.5678026554774,0 -48.8869945420064,-28.5581241179278,0 -48.8869955334289,-28.5580193487693,0 -48.8870592322035,-28.5579439430725,0 -48.8871515833874,-28.5579164401386,0 -48.8871826029599,-28.5579388709527,0 -48.8872982364843,-28.5579979691345,0 -48.8875317919557,-28.5580016054719,0 -48.8878271205823,-28.5579450865363,0 -48.8881144073562,-28.5578578810608,0 -48.8885436048583,-28.557597171958,0 -48.8888342437323,-28.5573419465462,0 -48.8891567200581,-28.5570930507451,0 -48.8896352184235,-28.5562244295044,0 -48.8901920346397,-28.5554213721476,0 -48.8904643323331,-28.5550006485818,0 -48.8907705231837,-28.5546157851575,0 -48.8910616812235,-28.5543338232126,0 -48.8912993396279,-28.5541312441535,0 -48.8915527139153,-28.553791396646,0 -48.8916879417868,-28.5535184694458,0 -48.8917785751136,-28.5528781441918,0 -48.8917863369568,-28.5524886419786,0 -48.8917959249426,-28.5520074901767,0 -48.891757267413,-28.5513422368176,0 -48.8916894641896,-28.5508369655168,0 -48.8915670254391,-28.5504683575983,0 -48.8913011815154,-28.5501319015454,0 -48.89042805868,-28.5496599507703,0 -48.8899038795274,-28.5492621790389,0 -48.8895968382186,-28.5490396743943,0 -48.8893740405153,-28.5484976118531,0 -48.8892900767782,-28.5481525209485,0 -48.8894476447464,-28.5474101027531,0 -48.8897058048906,-28.5468296809903,0 -48.8897607182831,-28.5460283681508,0 -48.8896785822827,-28.5455916300819,0 -48.8891967721477,-28.5450226210321,0 -48.8882010499967,-28.5441935060322,0 -48.8876066097618,-28.5434164697091,0 -48.8873278215217,-28.5430798035832,0 -48.8872033471308,-28.5428142981372,0 -48.8872755319976,-28.5424487161845,0 -48.8874383012655,-28.5420960053423,0 -48.8876397631884,-28.5417553555149,0 -48.8878984570931,-28.5415812808895,0 -48.8881733068107,-28.5413563671434,0 -48.8884898760069,-28.5412084985067,0 -48.8889232712951,-28.5411674903655,0 -48.8895281204396,-28.5412055462158,0 -48.8899393208939,-28.5411928383755,0 -48.8902236446462,-28.541034915684,0 -48.8904871049994,-28.5408384691807,0 -48.8906673083065,-28.5406363803333,0 -48.890822502957,-28.5403967583308,0 -48.8909365412034,-28.5402094481517,0 -48.8909811671199,-28.539923652079,0 -48.8909847050604,-28.5397460846411,0 -48.8909880147142,-28.5395799733399,0 -48.8910367301517,-28.5394145669282,0 -48.8911237939383,-28.5392784054816,0 -48.891237031558,-28.5391311908837,0 -48.8913779268446,-28.5388984575724,0 -48.891576174551,-28.5387181851616,0 -48.8917732789422,-28.5385951914869,0 -48.8920017891811,-28.5385242532774,0 -48.8921968397454,-28.5385043632087,0 -48.8922993585231,-28.5385016455181,0 -48.8925277663544,-28.5385037713867,0 -48.8928647216555,-28.5385261911806,0 -48.8931753887795,-28.5385653922452,0 -48.893609644027,-28.5385893202804,0 -48.8937718063527,-28.5385918364581,0 -48.8939011938339,-28.5386110335008,0 -48.8941096733911,-28.5385684296159,0 -48.8944292230262,-28.5384874398397,0 -48.8946318991291,-28.5384103665541,0 -48.8947654411141,-28.538348703225,0 -48.8949784163009,-28.5382782261201,0 -48.8952645047747,-28.5382482835673,0 -48.8957311919237,-28.5382727081684,0 -48.8960936380425,-28.5383184344914,0 -48.8964443659311,-28.5383009504062,0 -48.8971346646102,-28.5381741294985,0 -48.8973754608291,-28.5381377509742,0 -48.8976488048139,-28.5380961462303,0 -48.8978576234566,-28.5380363527086,0 -48.8980722460467,-28.5380110273298,0 -48.8982806094324,-28.5379741449804,0 -48.8984492578788,-28.537976755951,0 -48.8984946632816,-28.5379774588696,0 -48.8986189115315,-28.5380036603812,0 -48.8988880334158,-28.5379622350292,0 -48.8992923942081,-28.5379641422542,0 -48.8995365177306,-28.5380042111516,0 -48.8997578034876,-28.5380614171248,0 -48.9000248398098,-28.5383036526595,0 -48.9001812349592,-28.5384867752231,0 -48.9005016822526,-28.5386946687765,0 -48.9007458096551,-28.5388262642098,0 -48.9007651830774,-28.5388329705279,0 -48.900763938833,-28.5387173345869,0 -48.9007558500725,-28.5384708286341,0 -48.9006711735546,-28.5381601097704,0 -48.900649430223,-28.5379477718268,0 -48.9006263225553,-28.5378041700534,0 -48.9005073964095,-28.5375845992587,0 -48.9004260261605,-28.5374343648506,0 -48.9003253100889,-28.5372781029658,0 -48.9002181083976,-28.5371217406961,0 -48.9001712159242,-28.5368689051868,0 -48.9001450329077,-28.5365533625899,0 -48.900117827478,-28.5362893701961,0 -48.9001281768733,-28.5360947181798,0 -48.9001651530845,-28.5358660988245,0 -48.9002343334583,-28.5356494372876,0 -48.9002826916562,-28.5355012092853,0 -48.9004100214503,-28.535296906728,0 -48.900557037133,-28.5350814487295,0 -48.9007177076949,-28.534831823042,0 -48.900922984698,-28.5346229936972,0 -48.9010838788999,-28.5343619112248,0 -48.9012765227647,-28.5341356980041,0 -48.9015018232909,-28.5338985300689,0 -48.9017514807862,-28.5337419530356,0 -48.9021119693337,-28.5335584415826,0 -48.9028826776363,-28.5333010486695,0 -48.9033656060635,-28.5331595329993,0 -48.90367978125,-28.5330211398483,0 -48.9037590436406,-28.5328340675987,0 -48.903814381508,-28.5327768357112,0 -48.9037325560251,-28.5326495167308,0 -48.9034418105534,-28.5325877295797,0 -48.9029501098252,-28.5325171081313,0 -48.9025428415145,-28.5324420594737,0 -48.9023760170567,-28.5323478052454,0 -48.9021860856846,-28.5321099497399,0 -48.902165701582,-28.5318288732437,0 -48.9022947251138,-28.5315386477047,0 -48.9024275108344,-28.5313859954316,0 -48.9028319191183,-28.5312776469051,0 -48.9033983633635,-28.5311775276605,0 -48.9037703397891,-28.5310686754412,0 -48.9041046443772,-28.5308962130947,0 -48.9044068578363,-28.5307060649349,0 -48.9047823432829,-28.5304196410668,0 -48.9049234253619,-28.5301754350054,0 -48.9050395802942,-28.5298792779882,0 -48.9050281435817,-28.5296306437284,0 -48.9049502226182,-28.5294768142509,0 -48.9047697469239,-28.5294167311091,0 -48.9042837521706,-28.5293863099784,0 -48.9039414692179,-28.5293065390651,0 -48.9031220595503,-28.5290761548841,0 -48.9020929289906,-28.5288296075232,0 -48.9017116742916,-28.5286607033869,0 -48.9014860714536,-28.5286954159285,0 -48.9012596366522,-28.5287721331936,0 -48.9006951755431,-28.5288818232795,0 -48.9003689106998,-28.528976093936,0 -48.9000472709677,-28.5290551573167,0 -48.8997119882284,-28.5291369178698,0 -48.8986578821308,-28.5293833944299,0 -48.896999980385,-28.5295582681256,0 -48.8955922238381,-28.5296606016044,0 -48.8933117054468,-28.529606137643,0 -48.8921639189839,-28.5294506413934,0 -48.8921725063714,-28.52925421935,0 -48.8922652550875,-28.5289405221522,0 -48.8923024346063,-28.5287023586695,0 -48.8923090847517,-28.5283682242268,0 -48.8921514986008,-28.5281365870384,0 -48.8919176744349,-28.5279324153268,0 -48.8915531843568,-28.5277739614033,0 -48.8912552640973,-28.5275305937193,0 -48.8910125355599,-28.5272307858058,0 -48.8908251850304,-28.5268649894361,0 -48.8908216011649,-28.5265020491255,0 -48.8907427284256,-28.526118837033,0 -48.8906841457768,-28.52580279003,0 -48.8904730902439,-28.5255416717684,0 -48.8902597519096,-28.525395113148,0 -48.889606082051,-28.5250984656102,0 -48.8889461718124,-28.5245725289536,0 -48.8886901723439,-28.5243966560594,0 -48.8881994136779,-28.5240643359761,0 -48.8877949413078,-28.5237429078011,0 -48.8876900847014,-28.5235789343311,0 -48.8876018761508,-28.523447687259,0 -48.8876099610364,-28.5233675962421,0 -48.8877083865891,-28.5233118293639,0 -48.8878853230086,-28.5232229055819,0 -48.8881143725681,-28.5231233306838,0 -48.888357650255,-28.522960950477,0 -48.8885872696862,-28.5228327365463,0 -48.8886871778352,-28.522702505548,0 -48.8887740010174,-28.5225778003339,0 -48.8889077009693,-28.5224813016578,0 -48.8889494677287,-28.5223387068501,0 -48.8889503809527,-28.5222928833278,0 -48.8889451517035,-28.5222297742079,0 -48.8889172217476,-28.522166311086,0 -48.8888383801115,-28.5220533560324,0 -48.8887719371107,-28.5219692402066,0 -48.8887177165212,-28.5219045614815,0 -48.8886736974789,-28.5218531174595,0 -48.888611866276,-28.5217003166892,0 -48.8885976516397,-28.5215998254673,0 -48.8885897513029,-28.5215080266466,0 -48.888590778833,-28.5214564745015,0 -48.8885949336916,-28.5214107013829,0 -48.8886086468458,-28.5213736700018,0 -48.8886096172543,-28.5213249829949,0 -48.8886526845541,-28.5212798143205,0 -48.88869274053,-28.521223138006,0 -48.8887164660202,-28.5211719387432,0 -48.8887300078311,-28.5211435005629,0 -48.8887598210825,-28.5211124509725,0 -48.888780247318,-28.5210640647792,0 -48.8888103440652,-28.5210186943996,0 -48.8889021671204,-28.5209685542931,0 -48.8890228323773,-28.520936051476,0 -48.8891551987248,-28.5209208494948,0 -48.8891649755224,-28.5208782886054,0 -48.8892047097396,-28.5207834113962,0 -48.8892059461859,-28.5207213577447,0 -48.889239989838,-28.5206407139523,0 -48.8892839871719,-28.5206032004159,0 -48.8893175551691,-28.5205464247019,0 -48.8893131016855,-28.5204986061453,0 -48.8893143380537,-28.5204365524869,0 -48.8893475255482,-28.5203988709143,0 -48.8893631160932,-28.5203065543685,0 -48.8894569473231,-28.5203337237536,0 -48.8896030590713,-28.5203264441231,0 -48.889846198564,-28.5202899514252,0 -48.8899231081313,-28.5201498733372,0 -48.8899758297111,-28.5200534754998,0 -48.8901344276186,-28.5200544977667,0 -48.8901719952635,-28.5199817443191,0 -48.8904011239734,-28.5199553895079,0 -48.8906573529885,-28.5199898434428,0 -48.8908157374697,-28.5200210948013,0 -48.8909794164766,-28.5199685692688,0 -48.8910992420467,-28.5199491243165,0 -48.8911994384256,-28.5198331834263,0 -48.8913114070721,-28.5197377072061,0 -48.8913565553686,-28.5195963243533,0 -48.8913292461004,-28.5192668651786,0 -48.8913279238696,-28.5189078957036,0 -48.8912151168209,-28.5177694745888,0 -48.8911704329095,-28.5174621775983,0 -48.8911913792473,-28.5172605946467,0 -48.89121336518,-28.5170066803358,0 -48.8912169361727,-28.5168272629204,0 -48.8912384773993,-28.5165957753767,0 -48.8912600165948,-28.51636428944,0 -48.8913062047039,-28.5161705751396,0 -48.8913578573929,-28.515984403727,0 -48.8914220372286,-28.5158807288287,0 -48.8914210437067,-28.5154572493675,0 -48.8915346858292,-28.5153853349868,0 -48.8916122450718,-28.5152910423941,0 -48.8916913237901,-28.5151203768124,0 -48.8916839337394,-28.5149483689492,0 -48.8915618314037,-28.5145644859222,0 -48.8912538976545,-28.5142827668799,0 -48.891037731591,-28.5142794105398,0 -48.8909296479498,-28.5142777322313,0 -48.8908225144649,-28.5142283191892,0 -48.8907163324452,-28.5141311752959,0 -48.8906420040525,-28.5140631731327,0 -48.8905889113519,-28.5140145991763,0 -48.8905591472241,-28.5138804428917,0 -48.8905291931439,-28.5137558317687,0 -48.8904988589998,-28.5136503153784,0 -48.8905022798585,-28.5134784754002,0 -48.890407476207,-28.5133528570505,0 -48.890366905344,-28.5132185312279,0 -48.8903798030743,-28.5131136862863,0 -48.8905559657565,-28.5129540773107,0 -48.8907199887722,-28.5128611279654,0 -48.8908178319937,-28.5128340002552,0 -48.8910044224904,-28.5126936532248,0 -48.8911134544756,-28.5126475967211,0 -48.891239386285,-28.5126230504748,0 -48.8912660938918,-28.5125105227956,0 -48.8913194810509,-28.5122682861925,0 -48.8913614596023,-28.5120298427027,0 -48.8914034135981,-28.5117647640736,0 -48.891251150625,-28.5117043195785,0 -48.8911557782014,-28.5116073416929,0 -48.8910605952679,-28.5115008191162,0 -48.8909868383432,-28.5114041767295,0 -48.8909464554134,-28.5112603052925,0 -48.8909489252849,-28.5111361976755,0 -48.8908641717664,-28.5110489353623,0 -48.8907792284141,-28.5109712181746,0 -48.890780938435,-28.5108852978614,0 -48.8909553848445,-28.5108116100363,0 -48.8911371756712,-28.5108088690131,0 -48.891288960027,-28.510673544563,0 -48.8914590457801,-28.5106016983209,0 -48.8915570013482,-28.5105688396594,0 -48.8916680399018,-28.5105304552278,0 -48.8917398279891,-28.5105086500015,0 -48.8918120718071,-28.5104639334427,0 -48.8918391507162,-28.5104070539444,0 -48.8918365398618,-28.5102122006945,0 -48.8917548588127,-28.510079148227,0 -48.8916530017663,-28.5099820722654,0 -48.8915753467105,-28.5098823813965,0 -48.8914130365574,-28.5098495581796,0 -48.8912844056416,-28.5097940842606,0 -48.8912554348376,-28.5097286954762,0 -48.8912352636378,-28.5096558062271,0 -48.8912361753927,-28.5096099825517,0 -48.8912119837457,-28.5095217490377,0 -48.8911833929421,-28.5094372676861,0 -48.8910982985615,-28.5093671893004,0 -48.8910858608764,-28.5093402568248,0 -48.891095646369,-28.509283112838,0 -48.8911187832647,-28.5092070738237,0 -48.8910685754306,-28.5091222568429,0 -48.8910486317841,-28.5090379113694,0 -48.8910971733273,-28.5089890067021,0 -48.8911364612623,-28.5089705159916,0 -48.8912287663449,-28.5088955524127,0 -48.8912812516403,-28.5088658090041,0 -48.8913162935145,-28.5088434340641,0 -48.8913772719361,-28.5088214611807,0 -48.891421491304,-28.5087724892933,0 -48.8914446259633,-28.5086964501708,0 -48.8914881615113,-28.5086818473996,0 -48.891540253624,-28.5086808859047,0 -48.8915621087902,-28.5086523918496,0 -48.8916048838885,-28.5085966245142,0 -48.8916940057991,-28.5084643136034,0 -48.8918047426768,-28.5083323358809,0 -48.8919575689977,-28.5082583110201,0 -48.8918483608096,-28.5081287835319,0 -48.891832624952,-28.5081046659693,0 -48.8918908058762,-28.5080352342567,0 -48.8919901180572,-28.5080228792467,0 -48.8920751573324,-28.5080327259451,0 -48.8921724373977,-28.5080675947187,0 -48.8923095309223,-28.508111481568,0 -48.8925303869056,-28.5080820671648,0 -48.8926112542301,-28.5080928715247,0 -48.8927121646661,-28.5081410893854,0 -48.8929712469494,-28.5082514027809,0 -48.8931429126855,-28.5078527474964,0 -48.8931036375051,-28.5077968310955,0 -48.8930783818545,-28.5077620607004,0 -48.8930565981698,-28.5077158844093,0 -48.8930572244359,-28.5076843792789,0 -48.8930610348488,-28.5076557895726,0 -48.8930780992852,-28.5076130818604,0 -48.8931177469348,-28.5075764520769,0 -48.8931709901213,-28.5075085204969,0 -48.8932075097907,-28.507466114502,0 -48.8932378300477,-28.5074092854672,0 -48.8932456240055,-28.5073435144652,0 -48.8932659319277,-28.5073008553732,0 -48.893308535849,-28.5072785966049,0 -48.893345112938,-28.5072333259703,0 -48.8933815736683,-28.5071937828416,0 -48.8934183214484,-28.5071399205733,0 -48.8934517081916,-28.5070591329378,0 -48.8934744633453,-28.5070021881768,0 -48.8936064306266,-28.5068896387143,0 -48.8936635035227,-28.5067377287012,0 -48.8937092006554,-28.5066142910907,0 -48.8938089349878,-28.5064916918307,0 -48.8939086684395,-28.5063690935746,0 -48.8939439361341,-28.5062263956897,0 -48.8939915294361,-28.506007490544,0 -48.8940262284726,-28.5058934331806,0 -48.8941049141794,-28.5057418579702,0 -48.8941654292246,-28.5054908296913,0 -48.8941766088658,-28.5053928059013,0 -48.8940834916597,-28.5051876456538,0 -48.8938631749142,-28.5048499913011,0 -48.8935990603766,-28.5045403069173,0 -48.8935355438139,-28.5044724757298,0 -48.893397324714,-28.5043557349932,0 -48.8933021454534,-28.5042492135565,0 -48.8932183436598,-28.5041142196778,0 -48.8931660133303,-28.5040274594709,0 -48.8930496004166,-28.5039015095455,0 -48.8928472976329,-28.503745576893,0 -48.8926552341495,-28.5036184521567,0 -48.8925501978247,-28.5034640278369,0 -48.8924557793725,-28.5033193185013,0 -48.8921216620972,-28.5029123894843,0 -48.8921956047527,-28.4998018079352,0 -48.892189191693,-28.499788469259,0 -48.8923341512726,-28.499218149031,0 -48.8923074437096,-28.4988385869795,0 -48.8922425765781,-28.4986764447235,0 -48.8918000759015,-28.4983217026205,0 -48.8916970930214,-28.4982663840588,0 -48.8915521307935,-28.4979878939142,0 -48.8915025371667,-28.4978830045884,0 -48.891254568709,-28.4977266118813,0 -48.8911515884031,-28.4976083568725,0 -48.8910066249503,-28.4975053532452,0 -48.8906036353883,-28.4971215668806,0 -48.8900662764693,-28.4967465171191,0 -48.8895819345562,-28.4963149911934,0 -48.8892880060912,-28.4960926915623,0 -48.8891606088357,-28.4959761172751,0 -48.8890063644513,-28.4959049636572,0 -48.8890088730142,-28.495778947099,0 -48.8888544009519,-28.4957192495273,0 -48.8886489704885,-28.4956129215556,0 -48.8884308006947,-28.4954949355747,0 -48.8882519893397,-28.4953546420168,0 -48.8881518980437,-28.4951697311143,0 -48.8879627660862,-28.4951156637945,0 -48.887676659785,-28.4949331531745,0 -48.8874050251651,-28.4948945515542,0 -48.8872391833631,-28.4947544583813,0 -48.8871247577637,-28.4946380834461,0 -48.8871534315113,-28.4945010146465,0 -48.8872640183218,-28.4941589452646,0 -48.8874656073362,-28.49380683302,0 -48.8874951931259,-28.4936239398745,0 -48.8874997569951,-28.4933948176532,0 -48.8874506255436,-28.4932565391434,0 -48.8873766988353,-28.493060576972,0 -48.8873812628095,-28.4928314569515,0 -48.8872968811126,-28.4925092755907,0 -48.8871326430152,-28.4922889902345,0 -48.8871346969831,-28.4921858861483,0 -48.8870614574012,-28.4919555558375,0 -48.8868085043418,-28.4916307530084,0 -48.8866319853541,-28.4913758974629,0 -48.8864943672712,-28.4911216467356,0 -48.886254841097,-28.4907741323227,0 -48.8858740487884,-28.490355664775,0 -48.885788759798,-28.4900793080134,0 -48.8857023301044,-28.4898602299515,0 -48.8853945466241,-28.4896835477231,0 -48.8850269570002,-28.489253823713,0 -48.8848738673595,-28.4891253856429,0 -48.8847285053739,-28.488992352283,0 -48.8846948841239,-28.4889043162935,0 -48.8846533379049,-28.488819632091,0 -48.8845688711015,-28.4887190017791,0 -48.884468640179,-28.4885417272305,0 -48.8843341362725,-28.4883486399699,0 -48.8841899212646,-28.4882088796157,0 -48.8841388157671,-28.4881698870412,0 -48.8840173352778,-28.4881909129077,0 -48.8837910538897,-28.488263787736,0 -48.8836074339509,-28.4883448231829,0 -48.8836055608659,-28.4883377555958,0 -48.8831770193102,-28.4884123451583,0 -48.8825914551106,-28.4885063588772,0 -48.8823869598419,-28.4883541982941,0 -48.8821622498765,-28.4879152319683,0 -48.8819138934726,-28.4873613028111,0 -48.8815881996783,-28.4867832472322,0 -48.8814447265064,-28.4861736546125,0 -48.8813228386102,-28.4857821276669,0 -48.881238022114,-28.485482857479,0 -48.8811145358413,-28.4851715240964,0 -48.8810285769332,-28.4849295318685,0 -48.8810324666615,-28.4847347798961,0 -48.8810893649609,-28.4844835568085,0 -48.8811978999218,-28.4842445967508,0 -48.8812798152148,-28.4840396013568,0 -48.8813139849069,-28.4836275903341,0 -48.8811916422316,-28.4832589756442,0 -48.8810699891395,-28.4828559946201,0 -48.8808673369855,-28.4826121846734,0 -48.880664456963,-28.4823798284252,0 -48.8800241657725,-28.4819687586564,0 -48.879370687744,-28.4815689383656,0 -48.878548656263,-28.4811664860948,0 -48.8777887111016,-28.480902512885,0 -48.8772853347135,-28.4807800570361,0 -48.8769118484018,-28.4806481685521,0 -48.876397114007,-28.4804453140731,0 -48.8756492298365,-28.4802273554344,0 -48.8746645236163,-28.4801775834606,0 -48.8741079157461,-28.4801230414266,0 -48.8736200410693,-28.4798747596172,0 -48.8728746917672,-28.4795307695199,0 -48.8721812116609,-28.4791875896705,0 -48.8716653456086,-28.4790419985887,0 -48.8712538960611,-28.4788636628896,0 -48.8706338492133,-28.478739355794,0 -48.8701575739351,-28.4785599996983,0 -48.8693967529678,-28.4783418053814,0 -48.869025354812,-28.4781067930305,0 -48.8687282954514,-28.4779748593022,0 -48.868453857284,-28.4779474296539,0 -48.868194457073,-28.4779569527713,0 -48.8678968975709,-28.4780160922863,0 -48.8676374985155,-28.4780485045259,0 -48.8671987953105,-28.4780370738808,0 -48.8669076199456,-28.478291307664,0 -48.8663357610742,-28.4783510895041,0 -48.8659113573873,-28.4781725346926,0 -48.8654049551837,-28.4775572283005,0 -48.8649863180199,-28.4770922733332,0 -48.8645542599948,-28.4766500240473,0 -48.8641997655609,-28.4762204535025,0 -48.8634301596291,-28.4757958180061,0 -48.8627994837603,-28.4755567123654,0 -48.8623359732141,-28.4753889912385,0 -48.8620919465585,-28.4752705586681,0 -48.8617953655831,-28.4751856780471,0 -48.8609919974992,-28.4751501201111,0 -48.8605027932579,-28.474970529492,0 -48.8598700513315,-28.4748345155863,0 -48.8590164458484,-28.474717937059,0 -48.8583441210076,-28.474615671153,0 -48.8579466012562,-28.4743916779147,0 -48.8576366016553,-28.4743294951689,0 -48.8574326332111,-28.4741543886494,0 -48.8573335396849,-28.4739236377401,0 -48.8571015598587,-28.4738512222192,0 -48.8568695474528,-28.4737441046857,0 -48.85642043798,-28.4735588678768,0 -48.8562421689855,-28.4733956245536,0 -48.8558724407892,-28.4730803861111,0 -48.8555257819395,-28.4727418539262,0 -48.8555154518417,-28.4734185411364,0 -48.855377703417,-28.4738174494398,0 -48.8552818574934,-28.4740680455424,0 -48.8553827983176,-28.4742071531223,0 -48.8557296073351,-28.4743730566728,0 -48.8562340785073,-28.4744383100958,0 -48.8565544994377,-28.474626714209,0 -48.8567216546061,-28.474698106478,0 -48.8569863058544,-28.4763639049845,0 -48.8569934880903,-28.4766505048456,0 -48.8568867602035,-28.4767977953708,0 -48.8567943848044,-28.4768765553481,0 -48.8566193597667,-28.4771946622977,0 -48.8564327566086,-28.4774438280114,0 -48.8562223056948,-28.4775894822473,0 -48.8558185301628,-28.4776747891431,0 -48.8553987815024,-28.4779088180337,0 -48.8552649621973,-28.4781129767576,0 -48.8552223619667,-28.4782956559515,0 -48.8553112663458,-28.478388734112,0 -48.8552811685114,-28.4785945298426,0 -48.8551471139595,-28.4788101459621,0 -48.855182075681,-28.479005508047,0 -48.8554129055854,-28.479135204441,0 -48.8559442553477,-28.4791550463987,0 -48.8565283947086,-28.479129880755,0 -48.8570046443099,-28.4793092818404,0 -48.8574802042161,-28.4795230488072,0 -48.8580842624104,-28.4797961384231,0 -48.8583772116064,-28.4799263104165,0 -48.8587524300017,-28.4800972796779,0 -48.8590994971021,-28.4802517214978,0 -48.859460915134,-28.4803376300391,0 -48.8595871048047,-28.4805115091733,0 -48.8596220732489,-28.4807068710608,0 -48.8596558863855,-28.4809595135282,0 -48.8595480012337,-28.4811640849439,0 -48.8593375465318,-28.4813097437652,0 -48.8592428574245,-28.4815030630783,0 -48.8592391593767,-28.4816863563748,0 -48.8592477338175,-28.4819042235427,0 -48.8592965917963,-28.4820539656652,0 -48.859383423408,-28.4822501444099,0 -48.8594941067748,-28.4825498338767,0 -48.8596196055915,-28.4827580805331,0 -48.8597710364154,-28.4829667370864,0 -48.8598835719669,-28.4831747799468,0 -48.8600850194453,-28.4834758975873,0 -48.8602748886641,-28.4837080764655,0 -48.8604258600039,-28.4839396444192,0 -48.860448095486,-28.4841233460186,0 -48.8605094602172,-28.4842962039385,0 -48.8604909500999,-28.4845709396157,0 -48.8603957976109,-28.4847871732677,0 -48.8602497047919,-28.4849567657181,0 -48.8600158516111,-28.4849760024794,0 -48.8597424054007,-28.4850289937123,0 -48.8594157091738,-28.4851499029828,0 -48.8592318710134,-28.4852616021093,0 -48.8590616924192,-28.4853391372363,0 -48.8588026302095,-28.4853670579761,0 -48.8585152615141,-28.4854222042857,0 -48.8583721706452,-28.4854428682628,0 -48.8582140324697,-28.4855664305559,0 -48.858120493438,-28.4857024714732,0 -48.8580665467498,-28.48580475631,0 -48.8579739331781,-28.485894972614,0 -48.8578820127855,-28.485950820879,0 -48.8577900922982,-28.4860066690761,0 -48.8576199096599,-28.4860842027889,0 -48.8574751988645,-28.4861850565473,0 -48.8573760649835,-28.4863390302812,0 -48.8571813510714,-28.48633792372,0 -48.8568838146721,-28.4863150376034,0 -48.8565061594474,-28.4862463781943,0 -48.8562777296155,-28.4861870296038,0 -48.8563117050705,-28.4859948176872,0 -48.856236917125,-28.4858446650931,0 -48.8560553897915,-28.4858418015943,0 -48.8559646267578,-28.485840369764,0 -48.8558354275598,-28.4858154127843,0 -48.855668254185,-28.4857440185933,0 -48.8555159018625,-28.4855811821903,0 -48.8553612335275,-28.4855329042011,0 -48.8552315723112,-28.4855308580662,0 -48.8549840569515,-28.4855842471232,0 -48.8548085980624,-28.4856608111641,0 -48.8545779355391,-28.4857841082034,0 -48.8543526424532,-28.4860211996432,0 -48.8541035034717,-28.4861547798087,0 -48.8538326032205,-28.4860817455368,0 -48.8534968700711,-28.4860076862283,0 -48.8533162700157,-28.485958996353,0 -48.8530690822683,-28.4858439172823,0 -48.8526952461288,-28.4858801707848,0 -48.8522260178789,-28.4858763530359,0 -48.8517987706123,-28.4858782645187,0 -48.8512532690043,-28.4858744466244,0 -48.8509976875382,-28.4858439241746,0 -48.8508966524047,-28.4857807796275,0 -48.8508095323077,-28.4858735405463,0 -48.8506594912493,-28.4859170056025,0 -48.850497414022,-28.4859144422687,0 -48.8502584683725,-28.4858648250186,0 -48.8499609428025,-28.4858257402322,0 -48.8497097279029,-28.4857415496882,0 -48.8495290149041,-28.4856985823144,0 -48.8493669356384,-28.4856960176115,0 -48.8492680642476,-28.4857746690733,0 -48.849105406733,-28.4858007433415,0 -48.8489757450994,-28.4857986912136,0 -48.8488265184324,-28.485802059078,0 -48.8487357552407,-28.4858006224142,0 -48.8484701818356,-28.4857849587898,0 -48.848276849072,-28.4857246011431,0 -48.8481034326483,-28.4856416393952,0 -48.8479842820422,-28.4855748728977,0 -48.8477356541059,-28.4855737202639,0 -48.8477161923221,-28.4855495621451,0 -48.8476524079072,-28.4854969844063,0 -48.8475757728408,-28.4854384738743,0 -48.8474989060924,-28.4853914170191,0 -48.8474284044299,-28.4853501923833,0 -48.8473968028986,-28.4853095838467,0 -48.8473806076822,-28.4851488958364,0 -48.8474239221277,-28.4849318529752,0 -48.8474402586443,-28.4847659498636,0 -48.8475130841827,-28.4846926170325,0 -48.8476626584559,-28.4846720672228,0 -48.8477908080417,-28.4847485828537,0 -48.8479239298294,-28.4848996633507,0 -48.8480908618133,-28.4849825220623,0 -48.8483353579943,-28.485078068719,0 -48.8485482527086,-28.4851330061171,0 -48.8486328806398,-28.4851171569249,0 -48.8487187880609,-28.4850383007093,0 -48.8487933532434,-28.4848790493883,0 -48.8488230016248,-28.4846961678862,0 -48.8487549407476,-28.4845346584612,0 -48.8486603676235,-28.4844013766822,0 -48.8485458802229,-28.4842906998974,0 -48.8484112456284,-28.4842140823125,0 -48.8482566998437,-28.4841600680071,0 -48.8481731182018,-28.4841243664865,0 -48.848059214782,-28.4840229530341,0 -48.8479055889631,-28.4839921661877,0 -48.8477506604194,-28.4839037686902,0 -48.8475891676266,-28.4838725611745,0 -48.8474649097738,-28.4838705932717,0 -48.8473622627234,-28.4838689675389,0 -48.8472542150095,-28.4838672561862,0 -48.8471518585266,-28.4838513115102,0 -48.8470674513373,-28.4837497036104,0 -48.8469874812991,-28.4836959147949,0 -48.8469013313789,-28.4836802266672,0 -48.8468042808366,-28.4836691389697,0 -48.8467768263298,-28.4836663727789,0 -48.8467289952624,-28.4837058023128,0 -48.846656383428,-28.4837277384982,0 -48.8462897408067,-28.4836702281924,0 -48.8460088143792,-28.48366577626,0 -48.845553844096,-28.4837158617851,0 -48.8451818239338,-28.4839391524562,0 -48.8447496266159,-28.4839322994762,0 -48.8445366327423,-28.4837761289674,0 -48.8441688779635,-28.4837893965568,0 -48.8439041264717,-28.4840525830964,0 -48.8434869410681,-28.4843706477743,0 -48.8433537886156,-28.4845404258092,0 -48.8430940812647,-28.4845554032032,0 -48.8417330442521,-28.4845146978062,0 -48.8406278296929,-28.4846499348489,0 -48.8401064689748,-28.4847753424057,0 -48.838495193515,-28.4846561419485,0 -48.837882176327,-28.4842405364081,0 -48.8371316718569,-28.4839421106875,0 -48.8366994774487,-28.4839352321293,0 -48.8365600360329,-28.4841478763072,0 -48.8364977372199,-28.4845527374638,0 -48.8365125838531,-28.4851498173942,0 -48.8364483364771,-28.4856501430746,0 -48.8363604849884,-28.4859829773109,0 -48.8361076344516,-28.4864564264632,0 -48.8356416006605,-28.4867832358339,0 -48.8352792309696,-28.4873265610541,0 -48.8349772167405,-28.4875604870311,0 -48.8348932544111,-28.4877023913762,0 -48.8351246129186,-28.4879382780825,0 -48.8348918980065,-28.4882281755601,0 -48.83456511538,-28.4883159702129,0 -48.83438833222,-28.4885041420595,0 -48.8339892027351,-28.4889943534988,0 -48.8339833545355,-28.4892807457396,0 -48.8337814495134,-28.4896404064005,0 -48.833387385183,-28.4898824111757,0 -48.8329674157637,-28.4903340890218,0 -48.8325320746142,-28.490479937426,0 -48.8321592243009,-28.4907413753903,0 -48.8320225333772,-28.4910829769278,0 -48.8314756187526,-28.4913989321795,0 -48.8311656444792,-28.4917568637239,0 -48.8310737320678,-28.4920227814805,0 -48.8309165968188,-28.4923067583231,0 -48.8306718416804,-28.4926466315038,0 -48.8304082090942,-28.4928525107033,0 -48.8302098002611,-28.4930403311319,0 -48.8299465539692,-28.4932271174456,0 -48.8297045310349,-28.4934333402609,0 -48.8292016011414,-28.4937117896994,0 -48.8289190878272,-28.4937836727102,0 -48.8285296861095,-28.4937965484047,0 -48.8282463902538,-28.493906614155,0 -48.8281328576603,-28.4941721844879,0 -48.8281289474994,-28.4943631113954,0 -48.8281250373231,-28.4945540371959,0 -48.8281427379352,-28.4947453100706,0 -48.8281800969204,-28.4950323902008,0 -48.8281526206275,-28.4953184340017,0 -48.8278013534876,-28.4955802053981,0 -48.8276477239644,-28.4956923425476,0 -48.8274269089424,-28.4959179979676,0 -48.8272701489309,-28.4961828761476,0 -48.8269624929505,-28.4964262406257,0 -48.8267625041493,-28.4966904261983,0 -48.8264423291346,-28.4970440210643,0 -48.8262744776604,-28.4969867914407,0 -48.8261447679392,-28.496908584552,0 -48.826053217411,-28.4968380136995,0 -48.8259120735132,-28.4967769902112,0 -48.8257433610665,-28.4966190428315,0 -48.8255726557621,-28.4965093586307,0 -48.8253398717921,-28.4964750739022,0 -48.8249797644666,-28.4963241591664,0 -48.8245251924959,-28.4961411718997,0 -48.8243092277095,-28.4961300731424,0 -48.8241531512537,-28.4961504944574,0 -48.8238710311427,-28.496413358604,0 -48.8235657974126,-28.4965383420257,0 -48.8231574516921,-28.4966311158349,0 -48.8225347098997,-28.496636414887,0 -48.8222322967402,-28.4966239295523,0 -48.8221713114621,-28.4966458704429,0 -48.8221263612399,-28.4967291854942,0 -48.8220531256136,-28.4969266396001,0 -48.8218961059061,-28.4969928782471,0 -48.8216432084784,-28.4970957777819,0 -48.8215110249906,-28.4972158905522,0 -48.8214138907178,-28.4973136479034,0 -48.821411850907,-28.4974129283491,0 -48.8213826212984,-28.4975728899548,0 -48.8213189670604,-28.4977246604517,0 -48.8208584316408,-28.4978318678141,0 -48.8206151187909,-28.4978890817399,0 -48.8204320059238,-28.4979625391317,0 -48.8200466020267,-28.4982008210921,0 -48.8194532479791,-28.4984586834992,0 -48.8185537027617,-28.4988873361404,0 -48.8183371069623,-28.4989067771865,0 -48.8179366071803,-28.4990378566626,0 -48.8169627217923,-28.4993996350052,0 -48.8169007959854,-28.4993887093325,0 -48.8164942978737,-28.4995761905274,0 -48.8161788296688,-28.4997773867099,0 -48.8155905664043,-28.4999971146202,0 -48.8152892427794,-28.5001412399581,0 -48.8151720603325,-28.5001622744133,0 -48.8149879164642,-28.500285366201,0 -48.8148455089555,-28.5002716169248,0 -48.8147038092672,-28.5002234989377,0 -48.8146281287312,-28.5001191483671,0 -48.8145382998889,-28.5000718662249,0 -48.8145001055312,-28.5000368740781,0 -48.8144890274713,-28.499945021522,0 -48.8144904442923,-28.4998762888258,0 -48.8145189766737,-28.4997506962584,0 -48.814521574126,-28.4996246859415,0 -48.8145609489806,-28.499602401008,0 -48.8146147082764,-28.4995115919478,0 -48.8146828512828,-28.4993522565214,0 -48.8146863928906,-28.4991804263937,0 -48.8145204128512,-28.4990517027957,0 -48.8144187985637,-28.4989469349641,0 -48.8143683453928,-28.4988773678431,0 -48.8143318045029,-28.4987621873357,0 -48.8143228513029,-28.4985672357028,0 -48.8143271018644,-28.4983610359412,0 -48.8141493354368,-28.4981748279251,0 -48.8140602169146,-28.4980931792083,0 -48.8138414249858,-28.4980094445429,0 -48.8135976438607,-28.4978794696842,0 -48.8134448708555,-28.4977395001809,0 -48.8132904445415,-28.4976797188167,0 -48.813045245403,-28.4976184756649,0 -48.812916044996,-28.4975934776617,0 -48.8126826341063,-28.4975897202123,0 -48.8123478481931,-28.4974697358669,0 -48.8120618574615,-28.4974995084712,0 -48.8119180352749,-28.4975544900401,0 -48.8117089046531,-28.4976313367997,0 -48.8115792317818,-28.4976292482197,0 -48.8112944228083,-28.4976017422089,0 -48.8111407093809,-28.4975075916718,0 -48.8110395704931,-28.4973799091906,0 -48.8109499821528,-28.4973211692617,0 -48.8107828271321,-28.4972497206182,0 -48.8105633308915,-28.4972003466307,0 -48.8102655579398,-28.4971726296063,0 -48.8099154417629,-28.4971669865011,0 -48.8096428934443,-28.4971740524102,0 -48.8094080640357,-28.4972390218808,0 -48.8091831242478,-28.4974531205645,0 -48.8090015814731,-28.4974501931394,0 -48.8088330073992,-28.4974474746207,0 -48.8085360106744,-28.4972882083356,0 -48.8084345749036,-28.4972691617045,0 -48.808365652238,-28.4972565888996,0 -48.8082748823116,-28.4972551247007,0 -48.8082225397687,-28.4972771986093,0 -48.8082235459466,-28.4974376443632,0 -48.8081568169328,-28.4975282431651,0 -48.8079613594473,-28.4975709269479,0 -48.8078686940124,-28.497661106041,0 -48.807866325716,-28.4977756596966,0 -48.8079415241605,-28.4979029247845,0 -48.8079641436014,-28.4980637186666,0 -48.8079473868431,-28.4982467982712,0 -48.8079188472998,-28.4983723890781,0 -48.8079136369739,-28.4986244080908,0 -48.8080025159457,-28.4987175156654,0 -48.8081569403132,-28.4987773035051,0 -48.808180033167,-28.4989151867286,0 -48.808099858761,-28.4990284856989,0 -48.8079152357618,-28.4991744770871,0 -48.8075440800056,-28.4994039615898,0 -48.8074285710603,-28.4994989434692,0 -48.8070767912136,-28.4995734800514,0 -48.8068433743878,-28.4995697122964,0 -48.8067014434484,-28.4995330434396,0 -48.8064397239087,-28.4996434104127,0 -48.8061141148308,-28.499706908146,0 -48.8058922431585,-28.4997720804479,0 -48.8057361592613,-28.4997924784423,0 -48.805658354388,-28.4997912218057,0 -48.8054011384816,-28.4996839342699,0 -48.8053240450783,-28.4996483113076,0 -48.8052071008321,-28.4996578810024,0 -48.805115143301,-28.4997136918377,0 -48.8045928840773,-28.4998771416317,0 -48.804370538694,-28.499965221965,0 -48.8041760263818,-28.4999620783185,0 -48.8040972724226,-28.5000066424433,0 -48.8040166183422,-28.5001428509056,0 -48.8037296718971,-28.5002184271041,0 -48.8035467023695,-28.5002842243448,0 -48.8032708241825,-28.5004516519032,0 -48.8030616817381,-28.5005284846441,0 -48.8027242858873,-28.5005344876397,0 -48.8024505428387,-28.5005988152131,0 -48.8021763245494,-28.5006860527392,0 -48.8018624881142,-28.5008070268185,0 -48.8015243807492,-28.5008473928561,0 -48.8012643168303,-28.5008775617584,0 -48.8009653494522,-28.5009071004547,0 -48.8007838011451,-28.5009041617196,0 -48.8005770333727,-28.5008664368953,0 -48.8005025545524,-28.5007048021196,0 -48.8005044557858,-28.500613159578,0 -48.8004948158383,-28.5004525745061,0 -48.800576898517,-28.5002476379744,0 -48.8007348846622,-28.5001356034418,0 -48.800879192474,-28.5000577248761,0 -48.8010121937175,-28.4998994475187,0 -48.8009129662707,-28.4996801166022,0 -48.8007991108262,-28.4995407628096,0 -48.8006069760715,-28.499423061028,0 -48.8004657602582,-28.4993520197433,0 -48.800319220941,-28.4992937079232,0 -48.8001855499225,-28.4993329428877,0 -48.8000291543908,-28.499392059152,0 -48.7997964402878,-28.4995064976481,0 -48.7996781851386,-28.4995408385765,0 -48.7994073552672,-28.4996209577971,0 -48.7992395047918,-28.4996648242988,0 -48.7991593882493,-28.4997353948141,0 -48.7990735937929,-28.4999717246106,0 -48.7988632606073,-28.5001058272367,0 -48.7987054312376,-28.5002102230284,0 -48.7985743267007,-28.5002768537888,0 -48.7983297308337,-28.5003951211923,0 -48.7982170269355,-28.5004085738575,0 -48.7979661626648,-28.5004121470255,0 -48.7978465616,-28.5003414533763,0 -48.7976501058634,-28.5002236768985,0 -48.7974426262899,-28.5002203133762,0 -48.7973134274822,-28.5001953005628,0 -48.7972111142164,-28.5001248866642,0 -48.797151234433,-28.5000933585859,0 -48.7970850891798,-28.4999471353069,0 -48.7970874693445,-28.4998325819678,0 -48.7971929537882,-28.4997502575638,0 -48.7971698752588,-28.4996123732652,0 -48.79709445109,-28.4994965583871,0 -48.7970444855395,-28.499404074997,0 -48.7970114934356,-28.4993271443085,0 -48.7969014888999,-28.4992107686117,0 -48.7968155165983,-28.4991864557648,0 -48.7966874898431,-28.4990873214383,0 -48.7965721146938,-28.4988310925638,0 -48.7964113547488,-28.4986604179931,0 -48.7962513870997,-28.4984515582431,0 -48.7961684315412,-28.4982821431943,0 -48.7960217867962,-28.4982644869329,0 -48.7959002826194,-28.4982854323637,0 -48.7957877420513,-28.49829124727,0 -48.7956582266864,-28.4982815053326,0 -48.7955469557404,-28.4982262240814,0 -48.795488189646,-28.4981412364061,0 -48.7954897774431,-28.4980648681261,0 -48.7955278489782,-28.4978974186278,0 -48.7954612308405,-28.4977741051434,0 -48.7952815959631,-28.4976795165732,0 -48.7950232064629,-28.4976294871055,0 -48.7948680768671,-28.4976040507167,0 -48.7947384061203,-28.4976019460835,0 -48.794565192689,-28.497614412567,0 -48.7943750065425,-28.4976113252656,0 -48.7942627844466,-28.4976018644178,0 -48.7941158233755,-28.4975994784878,0 -48.7938950555108,-28.4975839114664,0 -48.7935696132137,-28.4976670049549,0 -48.7932731492977,-28.4977844209603,0 -48.7932353902936,-28.4979365967414,0 -48.7932328472231,-28.4980587862458,0 -48.7932732572406,-28.4982362385639,0 -48.793244443194,-28.4982547367448,0 -48.7932114292985,-28.4982828483291,0 -48.7931840668273,-28.4982991148825,0 -48.7931210385196,-28.4983410636531,0 -48.7930663631759,-28.4983712107082,0 -48.7930597679034,-28.4984283997439,0 -48.7930454151144,-28.4984687501229,0 -48.7929989939718,-28.4984918691374,0 -48.7929199040005,-28.4985263942558,0 -48.7928386098366,-28.4985370109893,0 -48.7928242190496,-28.4985792717149,0 -48.792839440411,-28.4986788316414,0 -48.7929063744826,-28.4987868717613,0 -48.79295522263,-28.4989328158612,0 -48.7929453071668,-28.4989937690766,0 -48.7929004924863,-28.4990694366776,0 -48.7928039673878,-28.4991366235264,0 -48.7926571651872,-28.4991265995055,0 -48.7924064634953,-28.4991225261329,0 -48.7922991660564,-28.4991617852393,0 -48.7922470990009,-28.4992433078402,0 -48.7920792498881,-28.4994264298532,0 -48.7918735157515,-28.4995035764115,0 -48.7917997865514,-28.4996015909987,0 -48.791597771992,-28.4997510963526,0 -48.7913355609433,-28.4998843442188,0 -48.7911605941058,-28.499980813346,0 -48.7909500926427,-28.5001225395755,0 -48.7907820203239,-28.5003031531799,0 -48.790562393906,-28.5004676501351,0 -48.7903949551451,-28.5006177163987,0 -48.7902364806388,-28.5007526485866,0 -48.7900688869176,-28.5008950910588,0 -48.7899310366827,-28.5010654649193,0 -48.7898707517157,-28.5011672469571,0 -48.789796934776,-28.5013201885353,0 -48.7897484961964,-28.5014515236223,0 -48.789724443011,-28.501608945284,0 -48.7897133819192,-28.5017408884541,0 -48.7894363934698,-28.5021065594517,0 -48.7892825167636,-28.5022281965209,0 -48.788923318465,-28.5023464923619,0 -48.7885112809148,-28.5024066293781,0 -48.7879974991022,-28.502462940887,0 -48.7877495561202,-28.5024648496133,0 -48.787537898455,-28.5024764367581,0 -48.7875054063561,-28.5024782156446,0 -48.787459614443,-28.5024980782342,0 -48.7872891522126,-28.5025720260943,0 -48.7872460087805,-28.5025907421981,0 -48.7869751552923,-28.5027852992014,0 -48.7867920569587,-28.5027967313813,0 -48.7866623455409,-28.5028215277858,0 -48.7864029464593,-28.5029474212722,0 -48.7863866387522,-28.50296199295,0 -48.7862676472165,-28.502951696859,0 -48.7860673749955,-28.5030171879293,0 -48.7859018400323,-28.5030756058654,0 -48.7856580219205,-28.5031556662097,0 -48.7855100961872,-28.5031990916061,0 -48.7851311453812,-28.503124159037,0 -48.7848639422518,-28.5030816046513,0 -48.784697450946,-28.5031858421475,0 -48.7845990019402,-28.5033446641517,0 -48.7844831024096,-28.503510841007,0 -48.7844159355904,-28.5037128441517,0 -48.7844070789955,-28.5038380971965,0 -48.7843966766226,-28.5039219612973,0 -48.784333287917,-28.5040584373704,0 -48.784226831258,-28.5041865714011,0 -48.7841286998189,-28.5043301190966,0 -48.7839194578872,-28.5044107401298,0 -48.7838070705253,-28.5044089066761,0 -48.7836008602819,-28.5043444261422,0 -48.7833944924493,-28.5042875839142,0 -48.7831703550282,-28.5042533694403,0 -48.783032031823,-28.5042511121083,0 -48.7828147817003,-28.5043010415061,0 -48.7827518699739,-28.5044146059469,0 -48.78260218484,-28.504542033028,0 -48.7823844546482,-28.504614872446,0 -48.7821596791131,-28.5046112028729,0 -48.7819331445582,-28.504691538431,0 -48.7819477168579,-28.5048216466392,0 -48.7820132046984,-28.5049984233294,0 -48.7819863096832,-28.5050438202445,0 -48.7819163479633,-28.5050808755309,0 -48.7817780237965,-28.5050786168628,0 -48.7816318527425,-28.5050380322925,0 -48.7813479971575,-28.504964641922,0 -48.7811509138215,-28.5048773892809,0 -48.7810638987485,-28.5048511400641,0 -48.7809194103993,-28.504781934577,0 -48.7808648764969,-28.5048049166809,0 -48.7808202505851,-28.5048710329314,0 -48.7807920352306,-28.5049278673043,0 -48.7807325993697,-28.504926896316,0 -48.7806791664778,-28.5048973757206,0 -48.7806197306385,-28.5048964046839,0 -48.7805550894522,-28.5048857986232,0 -48.780495032857,-28.5048307487261,0 -48.7803702539719,-28.5048403983252,0 -48.7803650750697,-28.5049256668398,0 -48.7803313561249,-28.5049871864301,0 -48.7802812283813,-28.5050579856336,0 -48.7802206904885,-28.5051095170075,0 -48.7801548515709,-28.5051561886787,0 -48.7800692542507,-28.5051990023861,0 -48.7799704191023,-28.5053495238697,0 -48.779904381148,-28.5054825415138,0 -48.7799257190375,-28.505515316893,0 -48.7799353268423,-28.5055727692015,0 -48.7799174158978,-28.5056536452619,0 -48.7799108128512,-28.5057108326325,0 -48.7799094132523,-28.5057776549923,0 -48.7799076137692,-28.5058635690606,0 -48.7798627868621,-28.5059392299572,0 -48.7798076541273,-28.505990851106,0 -48.779736733874,-28.506035385874,0 -48.7796934635079,-28.5061853338495,0 -48.7797427188276,-28.5062523943328,0 -48.7797301122909,-28.5063381317488,0 -48.7797181050073,-28.5063952307676,0 -48.7797049997726,-28.506504832416,0 -48.7797448280069,-28.5066678203892,0 -48.7797915576379,-28.5067593023341,0 -48.7798847196751,-28.5069565859693,0 -48.7799684759934,-28.507086868952,0 -48.7800091026922,-28.5072116734258,0 -48.7800242140482,-28.5072644431736,0 -48.7800123067547,-28.50731676915,0 -48.7799410947441,-28.507343969322,0 -48.7799492464418,-28.5073927218629,0 -48.7797427376917,-28.5076614217535,0 -48.7797251921055,-28.5077083697745,0 -48.7797064604189,-28.5077768181365,0 -48.7796880492645,-28.5078299943546,0 -48.7796868493958,-28.5078872700073,0 -48.7796641960189,-28.5079365565694,0 -48.7796376197975,-28.5079666791134,0 -48.7796069601055,-28.5079852756287,0 -48.7795701169162,-28.5079993504699,0 -48.7795453992479,-28.5080927661811,0 -48.7795424710941,-28.5081223352032,0 -48.7795791068823,-28.5082827586586,0 -48.7795755870086,-28.508450767692,0 -48.7795187541773,-28.5086866608399,0 -48.7794884969965,-28.508892429791,0 -48.7794167717661,-28.509013487255,0 -48.7792771625322,-28.5090723203843,0 -48.7791908677681,-28.5090632710938,0 -48.7790703089789,-28.5090383813844,0 -48.7789516288947,-28.5090171140503,0 -48.7788811554864,-28.5090109375107,0 -48.7788220156253,-28.5089956474527,0 -48.7787787889072,-28.5089949405792,0 -48.7787297566154,-28.5090132364303,0 -48.7787151485137,-28.5090655180815,0 -48.7786837769024,-28.5091437880604,0 -48.7786614135535,-28.509179230344,0 -48.7786034266313,-28.5092379651564,0 -48.7785431380324,-28.509277564071,0 -48.7784612337881,-28.5093168094279,0 -48.7783490071144,-28.5093809549729,0 -48.7783691568616,-28.5093809563182,0 -48.7782449947245,-28.5094469618203,0 -48.7780291028927,-28.5095604086493,0 -48.7780011398056,-28.5095655233372,0 -48.7778670228899,-28.5097182975289,0 -48.7773354661244,-28.5098666623342,0 -48.7773084389752,-28.5099014635679,0 -48.7772517623006,-28.5099750201863,0 -48.7771694472804,-28.5100338320295,0 -48.7770910357053,-28.5100611963908,0 -48.7770196484313,-28.5100628939862,0 -48.7768997493884,-28.5100580657235,0 -48.7768417358673,-28.5100185546489,0 -48.7767364401031,-28.5100168311785,0 -48.7766204429542,-28.5099805546826,0 -48.7764083888669,-28.509981268252,0 -48.7762819449072,-28.5099791982181,0 -48.7761694317518,-28.5099315202284,0 -48.7761050097256,-28.5099104112204,0 -48.7760434104405,-28.5099094026475,0 -48.7759628376735,-28.5098851670707,0 -48.7759124661955,-28.5098127219413,0 -48.7758620346586,-28.5097431417269,0 -48.7758018779578,-28.509673402246,0 -48.7757865079942,-28.5096330437222,0 -48.7757775040134,-28.5095985190684,0 -48.7757457423792,-28.509566485462,0 -48.7757265918261,-28.509551848896,0 -48.7757170450696,-28.509543097571,0 -48.7757004730489,-28.5095600145231,0 -48.7756900866452,-28.5095913579365,0 -48.7756635483371,-28.5096195709305,0 -48.7756210396535,-28.50963606368,0 -48.7756030418656,-28.5096525585531,0 -48.7756266769437,-28.5097351027531,0 -48.7756898500448,-28.5097930122561,0 -48.7757087552982,-28.509783602297,0 -48.7757725153646,-28.5098362141467,0 -48.7757810986456,-28.5098907845043,0 -48.7757707723545,-28.5099192629918,0 -48.775766748192,-28.5099564396692,0 -48.7757435734202,-28.509978978678,0 -48.775727301253,-28.5099815759226,0 -48.7756770719651,-28.509980753373,0 -48.7756732614594,-28.5099879653508,0 -48.7757232121266,-28.5100804557144,0 -48.7758252786829,-28.5101623407698,0 -48.7759528001361,-28.5102675605158,0 -48.7762875778736,-28.5103876343594,0 -48.7763019017426,-28.510392970679,0 -48.7763502020774,-28.5104358150429,0 -48.7764240506005,-28.5104714012349,0 -48.776558598152,-28.5105509537933,0 -48.7766720740692,-28.5105528113234,0 -48.776715015172,-28.5105316172784,0 -48.7767669866622,-28.5105463217324,0 -48.7767943140521,-28.5106006486876,0 -48.7768730833683,-28.5107107992602,0 -48.7769409866318,-28.5107792662826,0 -48.7769662246426,-28.510805905456,0 -48.7769631826824,-28.510847873497,0 -48.7769589373885,-28.5109471153761,0 -48.7769437657962,-28.5110519097024,0 -48.7769276755399,-28.5110974828274,0 -48.7769267944297,-28.5111394845802,0 -48.7769258732427,-28.5111833966543,0 -48.7769032578862,-28.5112307717506,0 -48.7768850849773,-28.511272490477,0 -48.7768732756581,-28.5113200446384,0 -48.7768615064147,-28.5113656879259,0 -48.7768495387394,-28.5114208784453,0 -48.7768353288764,-28.5114798503624,0 -48.7767816115631,-28.5115668237436,0 -48.7767481485721,-28.511615932223,0 -48.7767469469148,-28.5116732082799,0 -48.7767282524931,-28.5117397473781,0 -48.7767021866772,-28.5117419481608,0 -48.7766062434696,-28.5118939926466,0 -48.7764991290172,-28.5120526659488,0 -48.7764047421355,-28.5122230089771,0 -48.7763230835759,-28.5124050168146,0 -48.7762027587403,-28.5125749333534,0 -48.776056255077,-28.5127558798092,0 -48.7757658917993,-28.5129917653853,0 -48.7756582920696,-28.5131733501104,0 -48.7754077953513,-28.5133640518478,0 -48.7752500036779,-28.5134645988035,0 -48.7751183910689,-28.5135541151721,0 -48.775024962709,-28.5136786346879,0 -48.7749954169973,-28.5138500365803,0 -48.7749903655648,-28.5140905957598,0 -48.7749356029056,-28.5142272078684,0 -48.7748421737008,-28.5143517266513,0 -48.7747093560965,-28.5144985184765,0 -48.7745503578223,-28.5146563398487,0 -48.7744415548921,-28.5148951977082,0 -48.7744122458574,-28.5150551456869,0 -48.774341625699,-28.5153290063048,0 -48.7743123182526,-28.5154889526165,0 -48.7742275248572,-28.5158198776076,0 -48.7742606569409,-28.5160954384764,0 -48.7743084430837,-28.5162910253758,0 -48.7743178029194,-28.5164630645906,0 -48.774364626097,-28.5167044726427,0 -48.7745010322415,-28.5170046454761,0 -48.7745747594568,-28.5172006573977,0 -48.774660732769,-28.5174312476689,0 -48.775162448514,-28.5176342740014,0 -48.7753800421791,-28.5177753472874,0 -48.7755342338737,-28.5178466273842,0 -48.7756865004814,-28.5180095480652,0 -48.7760085725656,-28.5181179544299,0 -48.7762910155813,-28.5182600888816,0 -48.7765095750484,-28.5183553398393,0 -48.7767528704575,-28.5185082927499,0 -48.7768527807828,-28.5186932735564,0 -48.7769748543525,-28.5188051651471,0 -48.7769949670028,-28.5188659423494,0 -48.7770487646047,-28.5189298482907,0 -48.7772213898567,-28.5190501301107,0 -48.7773016098561,-28.519091549946,0 -48.7773388495603,-28.519090428568,0 -48.7774133471134,-28.5191837304734,0 -48.7775827881006,-28.5194246877251,0 -48.7775826742878,-28.5194542465145,0 -48.7775973232893,-28.5195289702618,0 -48.7776473396849,-28.519618595762,0 -48.7776910514336,-28.5196995247373,0 -48.777738667164,-28.5197490057563,0 -48.7777598613368,-28.5198209712349,0 -48.7778005723202,-28.5198903918256,0 -48.7778190653226,-28.5199365325395,0 -48.7778633179996,-28.5199916864588,0 -48.7779566290271,-28.5200275905319,0 -48.7780633874801,-28.5200407960754,0 -48.7781679865197,-28.5200024006835,0 -48.7781909631689,-28.5199596672982,0 -48.7782928770585,-28.5199315047401,0 -48.7785124034066,-28.5199809325709,0 -48.7788104663725,-28.51999726747,0 -48.7790693807881,-28.5200244201597,0 -48.7793001392062,-28.5200640999612,0 -48.7770362901032,-28.5264277065875,0 -48.7698603202309,-28.5236236592477,0 -48.7697059635644,-28.5234095934502,0 -48.769652574257,-28.5233046815754,0 -48.7695953443903,-28.5231673572438,0 -48.7694906281096,-28.5228681531802,0 -48.7693725301094,-28.5226630369448,0 -48.7692945891968,-28.5225249807213,0 -48.7692072573934,-28.522359299033,0 -48.7690757270899,-28.5222387279851,0 -48.7689081834363,-28.5219800562746,0 -48.7687909931848,-28.5217947861834,0 -48.7685192897822,-28.5215535001085,0 -48.7684157116864,-28.5213378966355,0 -48.7682948562009,-28.5211973932979,0 -48.7682996471174,-28.5211919919042,0 -48.7683012291974,-28.5211902077162,0 -48.7682979794174,-28.5211894940043,0 -48.7681256890976,-28.5209316526484,0 -48.7679631756587,-28.5208327601005,0 -48.7678112221194,-28.5207445143837,0 -48.7676857698752,-28.5206395610642,0 -48.7675188949177,-28.5203873322219,0 -48.7673881736919,-28.5202285767376,0 -48.7672993174815,-28.5201354438549,0 -48.7672151053965,-28.5200271077909,0 -48.767213410268,-28.5200022472408,0 -48.7672440258523,-28.5199457206025,0 -48.7673259645454,-28.5198181528694,0 -48.7673579656757,-28.5197361741694,0 -48.7673681585627,-28.5196630040566,0 -48.7673913236673,-28.5194585714595,0 -48.7673973443719,-28.519298337404,0 -48.7673966589649,-28.519123286342,0 -48.7674070261937,-28.5189627547602,0 -48.7674361967097,-28.5187919024681,0 -48.7674561429813,-28.5187436499174,0 -48.7675013529319,-28.5185756854267,0 -48.7675506314733,-28.5184027944938,0 -48.7676002241663,-28.518250198014,0 -48.7676154746628,-28.5180957136176,0 -48.7675735171944,-28.5179507539722,0 -48.7674705336184,-28.5178229519097,0 -48.7673522556797,-28.5176913561568,0 -48.7672492492933,-28.5175540097359,0 -48.7671144167271,-28.5173406919297,0 -48.7670007513824,-28.5171936758189,0 -48.7668727608211,-28.5170082250609,0 -48.7667689491122,-28.516804075879,0 -48.7666339112486,-28.5166452471792,0 -48.7664342907946,-28.5162676368259,0 -48.7663227205209,-28.5160213415588,0 -48.7662738224167,-28.5158792087717,0 -48.7662283632554,-28.5157791485153,0 -48.7661498471259,-28.5156059717561,0 -48.7660819342919,-28.515499811976,0 -48.7659980199312,-28.5153624648498,0 -48.7659446065205,-28.5151908210578,0 -48.7659796261909,-28.5148347706739,0 -48.7588530174817,-28.5104396183274,0 -48.7586810011892,-28.5103087854699,0 -48.758688092717,-28.5101899743939,0 -48.7587931420653,-28.5099500131524,0 -48.7588780550798,-28.5097960731521,0 -48.7588971409937,-28.5096719016315,0 -48.7589483769195,-28.5094835741117,0 -48.7589657364675,-28.5093523778622,0 -48.7589835282835,-28.5092123828783,0 -48.7588835478748,-28.5088542804408,0 -48.7585384613585,-28.5086479707374,0 -48.7583914324009,-28.5084579867663,0 -48.7583645945198,-28.5084392398998,0 -48.7583066472544,-28.5081762082209,0 -48.7584228890362,-28.5080064414861,0 -48.7585164776876,-28.5078684061366,0 -48.7586099832094,-28.5077038658462,0 -48.7586514642001,-28.5075218939663,0 -48.7586967911896,-28.5074190758149,0 -48.7587960410348,-28.5072071572411,0 -48.7588342213929,-28.5069212612936,0 -48.7588716271104,-28.5067007951296,0 -48.7588706155743,-28.5065787718102,0 -48.7588044660591,-28.5064417099675,0 -48.7585799145461,-28.5062949655222,0 -48.758472077851,-28.5061896850056,0 -48.7584411547546,-28.5060665072544,0 -48.758465180727,-28.5059470338561,0 -48.7586432167094,-28.5058502384468,0 -48.7588527477514,-28.505736319297,0 -48.7590139095073,-28.5054928886434,0 -48.7591195495796,-28.5053232771716,0 -48.7591322572781,-28.5052112078936,0 -48.7590443598038,-28.5051247683507,0 -48.759014295449,-28.5050294818444,0 -48.7589242445513,-28.504882549682,0 -48.7588923244185,-28.5047429432778,0 -48.7588301476709,-28.5046279699246,0 -48.7588031123074,-28.5045385191187,0 -48.7587731576413,-28.5044681661531,0 -48.7587443599244,-28.5043375239376,0 -48.7585748213744,-28.5042311297095,0 -48.7584484075743,-28.5041703777174,0 -48.7583379307335,-28.504188599473,0 -48.7581821432307,-28.5042343408147,0 -48.7580549165044,-28.5042784760567,0 -48.7579664937531,-28.5043006581683,0 -48.7578732247608,-28.5043112112816,0 -48.7577039238665,-28.5043401322531,0 -48.7576189635044,-28.5043400361188,0 -48.7574382680177,-28.5043624762443,0 -48.7572823985196,-28.5044001015553,0 -48.7571896611407,-28.504317164456,0 -48.7570605897505,-28.5042624840611,0 -48.756951535728,-28.5041486667163,0 -48.7569230060172,-28.5040065297938,0 -48.756801253408,-28.5037580968383,0 -48.7567739080606,-28.5036292956239,0 -48.7567281104921,-28.5035628368586,0 -48.7566478239446,-28.5034954004598,0 -48.7565171930192,-28.5034466293949,0 -48.7563821836068,-28.5033722169652,0 -48.7562804949133,-28.5033282131659,0 -48.7562046291032,-28.5033006763534,0 -48.7561457239445,-28.503241991715,0 -48.7560657993994,-28.5031689690606,0 -48.7559917233253,-28.5030337163381,0 -48.7556986596832,-28.5028165531154,0 -48.7555843542715,-28.5027393115428,0 -48.7555003719803,-28.5026940566366,0 -48.7554528119328,-28.502646265522,0 -48.755383541932,-28.5025919389176,0 -48.7553317800335,-28.5025536623461,0 -48.7552760695255,-28.5025301610477,0 -48.7552382470642,-28.5024690813208,0 -48.7551967355494,-28.5024142583726,0 -48.7551322604929,-28.5023247241304,0 -48.7550878894642,-28.5022012783736,0 -48.7549480364093,-28.5020638306912,0 -48.7547140333384,-28.5018584293766,0 -48.7546166052795,-28.5017678067267,0 -48.7545346987858,-28.5015761594799,0 -48.7544507625392,-28.5014483588036,0 -48.7544385524941,-28.5012262621304,0 -48.7545527619862,-28.501034099479,0 -48.7545440334096,-28.5006981558653,0 -48.754313811348,-28.5004916886154,0 -48.7396082527008,-28.4976224226053,0 -48.7395733002744,-28.4976146323304,0 -48.7408702965755,-28.4932429611198,0 -48.7587058121351,-28.4447877425103,0 -48.7592570666488,-28.443289277318,0 -48.7845607443427,-28.4226820522733,0 -48.7845109697141,-28.4225558889532,0 -48.7838754149576,-28.4213308605929,0 -48.7828717771426,-28.4200425359515,0 -48.7819153352451,-28.4189784306329,0 -48.7784874747096,-28.4149175194935,0 -48.7740216461979,-28.409682178364,0 -48.7707136159301,-28.4058063972742,0 -48.7683289795635,-28.4030228469096,0 -48.7668113428944,-28.4012332444033,0 -48.7661287100954,-28.4004141718276,0 -48.7655657953847,-28.3997574896745,0 -48.7649086103717,-28.3989617478902,0 -48.7642700248378,-28.3982064174957,0 -48.7638756637301,-28.397546766661,0 -48.7636319688276,-28.3968093748139,0 -48.7631560363706,-28.39448106879,0 -48.7630208989435,-28.3938199438371,0 -48.76274761951,-28.3926408862808,0 -48.7623696717638,-28.3908928765715,0 -48.7622044438313,-28.3901223941807,0 -48.7617302797676,-28.3889457631785,0 -48.7610387741655,-28.3874034465463,0 -48.7603953812089,-28.3859566477595,0 -48.7595866850482,-28.3841557120536,0 -48.7590551672134,-28.3829361115309,0 -48.7585482817806,-28.3817780311509,0 -48.7576957449426,-28.3800107414214,0 -48.7567587941627,-28.378356649089,0 -48.7559760655921,-28.3769686550824,0 -48.7549467182668,-28.3751927083067,0 -48.7544501037728,-28.3743193542105,0 -48.7534158933421,-28.3725203990092,0 -48.7528630134501,-28.3715515729875,0 -48.7521110275832,-28.3702461897659,0 -48.7508582836248,-28.3680625937264,0 -48.7504175946314,-28.3673047417176,0 -48.7497836094695,-28.3661913278143,0 -48.7493589404668,-28.3654423307604,0 -48.7490093828932,-28.3648177617908,0 -48.7483244103007,-28.3636662546546,0 -48.7473876140097,-28.3620178404785,0 -48.7469725093235,-28.3612775900803,0 -48.7466330230066,-28.3607906905324,0 -48.7458832274702,-28.3599503656329,0 -48.744944643995,-28.3588490811461,0 -48.7435697376346,-28.3572478238559,0 -48.7419857553017,-28.3554282309179,0 -48.7406928004316,-28.3539371669473,0 -48.7397224365358,-28.3528124045266,0 -48.739087104766,-28.3520770759877,0 -48.7384712652277,-28.3513392027765,0 -48.7377212922416,-28.3505131578606,0 -48.7370677184269,-28.3497230863166,0 -48.7363908267256,-28.3489641389755,0 -48.7356989712178,-28.3481476418349,0 -48.7349123269097,-28.3472207070506,0 -48.7342732748393,-28.346511078755,0 -48.7336793081372,-28.3458136565342,0 -48.7331956212407,-28.3452603519944,0 -48.7328193073718,-28.3446830458613,0 -48.7326579537201,-28.3442506452718,0 -48.7325845497618,-28.343844534617,0 -48.7160319361702,-28.3492167440413,0 -48.7151104110043,-28.3494802056331,0 -48.7150677227418,-28.3494374559065,0 -48.7150439133755,-28.3494139494888,0 -48.7149956762762,-28.3493674131064,0 -48.7149632914689,-28.3493365711828,0 -48.7149201241072,-28.349295443491,0 -48.7148986484784,-28.3492747908595,0 -48.7148667097292,-28.3492435868642,0 -48.7148509010341,-28.3492278655747,0 -48.714738849329,-28.3491150688125,0 -48.7145897945049,-28.3489644146655,0 -48.7145151468867,-28.3488891849244,0 -48.7144112571954,-28.3487848619865,0 -48.7142031084675,-28.3485765439829,0 -48.7141926821067,-28.348566200259,0 -48.7141715932107,-28.3485456988446,0 -48.7141502428852,-28.3485254001113,0 -48.7141069789887,-28.3484852629481,0 -48.7140779224094,-28.3484586725157,0 -48.7140391827486,-28.3484232217586,0 -48.714019908349,-28.3484054299635,0 -48.7139912228397,-28.348378548352,0 -48.7139770307117,-28.348364992493,0 -48.7139490094034,-28.348337589473,0 -48.7139352113046,-28.3483237152975,0 -48.7139148569141,-28.3483026396557,0 -48.7138943447012,-28.3482809115242,0 -48.713853623209,-28.3482372345412,0 -48.7138131773106,-28.3481933639126,0 -48.713759427949,-28.3481347341219,0 -48.7137325512286,-28.3481054282719,0 -48.7136434821801,-28.3480083462953,0 -48.7135990954645,-28.3479597080873,0 -48.7135328120895,-28.3478865037763,0 -48.7135216241418,-28.3478740000061,0 -48.7134995630298,-28.3478487989358,0 -48.7134778562407,-28.3478233603905,0 -48.7134635743022,-28.3478062751156,0 -48.7134354698275,-28.3477718148828,0 -48.713422343276,-28.347755280971,0 -48.7134147473101,-28.3477457341861,0 -48.7134010984317,-28.3477282442869,0 -48.7133741711797,-28.3476930272847,0 -48.713360873937,-28.3476753092274,0 -48.7133346096082,-28.3476396886516,0 -48.7133087282452,-28.3476038305297,0 -48.7132916697794,-28.3475798142157,0 -48.7132579661097,-28.3475315539109,0 -48.71323991913,-28.3475050400524,0 -48.7132281326973,-28.3474872658209,0 -48.7132050242656,-28.3474514541958,0 -48.7131790762106,-28.3474097661983,0 -48.7131664098738,-28.3473887836236,0 -48.7131547623138,-28.3473688006078,0 -48.7131472279452,-28.3473553657153,0 -48.7131325597173,-28.3473283396371,0 -48.7130895546787,-28.3472467737115,0 -48.7130746911729,-28.3472197983218,0 -48.7130670251786,-28.3472064063758,0 -48.7130562067427,-28.3471885762267,0 -48.7130505406631,-28.3471798102161,0 -48.7130416992261,-28.3471668038741,0 -48.7130324598648,-28.3471540078367,0 -48.7130276878322,-28.3471476749995,0 -48.7130108842206,-28.3471260634831,0 -48.713002334109,-28.3471153810739,0 -48.7129892724163,-28.3470995162267,0 -48.7129758794286,-28.3470838897858,0 -48.7129690484906,-28.347076177568,0 -48.7129550853649,-28.3470609837823,0 -48.712947930799,-28.3470535007376,0 -48.7129369920863,-28.3470424450722,0 -48.7128822545189,-28.3469885532383,0 -48.7128193952163,-28.3469263597199,0 -48.7127857273402,-28.3468932042866,0 -48.7127687188762,-28.3468767682009,0 -48.712753552354,-28.3468626275439,0 -48.7127432226166,-28.3468533950249,0 -48.7127221644181,-28.3468352939242,0 -48.7127007095329,-28.3468175198963,0 -48.7126718477802,-28.3467940450833,0 -48.7126574354485,-28.3467822994499,0 -48.7126360016982,-28.3467644987822,0 -48.7126254022548,-28.3467554781596,0 -48.71259908268,-28.3467325609019,0 -48.7125861349016,-28.3467209114272,0 -48.7125734065925,-28.3467090134079,0 -48.7125671397607,-28.3467029528595,0 -48.712561902584,-28.346697586963,0 -48.7125585547216,-28.3466939032504,0 -48.7125521893043,-28.3466863436617,0 -48.7125491493596,-28.3466824668592,0 -48.7125433550181,-28.3466745473246,0 -48.7125378781849,-28.3466664519331,0 -48.7125343835513,-28.3466609616253,0 -48.7125276963118,-28.3466498594136,0 -48.7125146199271,-28.3466266136385,0 -48.7124975119612,-28.3465955137003,0 -48.712488578982,-28.3465801333236,0 -48.7124453707159,-28.3465080823128,0 -48.7124049367308,-28.3464403100628,0 -48.7123862255445,-28.3464097785299,0 -48.7123766165724,-28.3463946302182,0 -48.7123618836189,-28.3463720604425,0 -48.712346746725,-28.3463496915055,0 -48.7123390317674,-28.3463385902137,0 -48.7123232986422,-28.3463165356386,0 -48.7123152819401,-28.3463056011042,0 -48.7123030662518,-28.3462893081726,0 -48.7122864033028,-28.3462677975139,0 -48.7122779118549,-28.3462571435839,0 -48.712264982914,-28.3462412809019,0 -48.7122451402579,-28.3462177684616,0 -48.7122372936142,-28.3462088033688,0 -48.7122213063372,-28.346191084678,0 -48.7121889639076,-28.3461559665885,0 -48.7121730587418,-28.3461382222857,0 -48.7121355149117,-28.3460958703099,0 -48.7121234196346,-28.3460814831953,0 -48.7121175713368,-28.3460741668699,0 -48.7120906500842,-28.3460397532303,0 -48.7120730990965,-28.3460173343904,0 -48.7120196111977,-28.3459490720143,0 -48.7119967016628,-28.3459196071944,0 -48.7119850435377,-28.3459050109757,0 -48.7119729591567,-28.3458906691904,0 -48.7119666950418,-28.3458836438157,0 -48.7119609725991,-28.3458774844391,0 -48.7119491859395,-28.3458654573337,0 -48.7119370752641,-28.345853677566,0 -48.7119207334494,-28.3458381276539,0 -48.7119125885407,-28.3458303305543,0 -48.7118942888696,-28.3458128709541,0 -48.7118698508651,-28.3457896332432,0 -48.7118578343579,-28.3457778462382,0 -48.7118419285309,-28.3457614731616,0 -48.711821151263,-28.3457393162515,0 -48.7118106685849,-28.3457283127659,0 -48.7117995555682,-28.3457171819489,0 -48.7117846845304,-28.3457023963135,0 -48.7117775371946,-28.3456947872214,0 -48.7117676173109,-28.3456836940508,0 -48.7117480458727,-28.3456613321286,0 -48.7117093895309,-28.3456162727988,0 -48.7116899318834,-28.345593830723,0 -48.7116238167564,-28.3455188870485,0 -48.7116088825775,-28.3455010686678,0 -48.7115992076292,-28.3454890053884,0 -48.711580258697,-28.3454646140573,0 -48.711560857866,-28.3454390608467,0 -48.7115513554875,-28.3454261787991,0 -48.7115374037265,-28.3454066718986,0 -48.7115298466008,-28.3453957356752,0 -48.7115150083879,-28.3453737054008,0 -48.7114857201665,-28.3453294531081,0 -48.7114708139995,-28.345307457485,0 -48.7114517170667,-28.3452800143629,0 -48.7114419918118,-28.3452663801501,0 -48.7114270688626,-28.3452461255915,0 -48.7114138539752,-28.345229355971,0 -48.7113957761235,-28.3452072801132,0 -48.7113869258602,-28.3451961239187,0 -48.7113568767553,-28.3451564424019,0 -48.711317243064,-28.3451032457708,0 -48.711297147399,-28.3450768052306,0 -48.7112813222297,-28.3450566803488,0 -48.7112705619289,-28.3450433894651,0 -48.7112485864978,-28.3450170886327,0 -48.7112301308258,-28.3449959723607,0 -48.7112206624774,-28.3449855993556,0 -48.7112061545592,-28.3449702607868,0 -48.7111912482447,-28.3449552129126,0 -48.7111836379421,-28.3449478036383,0 -48.7111742797925,-28.3449389392274,0 -48.7111551545829,-28.3449215559943,0 -48.7111164603624,-28.3448872242912,0 -48.711097498852,-28.3448697264974,0 -48.7110863786256,-28.3448590553509,0 -48.7110643815473,-28.3448374819877,0 -48.7110207263132,-28.3447940617311,0 -48.7109986787331,-28.3447725513928,0 -48.7109940184066,-28.3447681599737,0 -48.7109844543434,-28.3447595812172,0 -48.7109745878112,-28.3447512319849,0 -48.7109543122369,-28.3447349842537,0 -48.7109269305952,-28.3447135914133,0 -48.7109134978388,-28.3447027189661,0 -48.7109004479407,-28.344691555011,0 -48.7108941152375,-28.3446858182067,0 -48.7108859409679,-28.3446779753999,0 -48.7108819785443,-28.3446739569622,0 -48.7108762033353,-28.3446677966584,0 -48.7108679762269,-28.3446582385982,0 -48.7106244714877,-28.3443586153744,0 -48.7105726319007,-28.3443121068401,0 -48.710488467334,-28.344236742267,0 -48.7103198585001,-28.3440862423321,0 -48.7099821617156,-28.3437856766105,0 -48.7098133896484,-28.3436353363672,0 -48.7097303258235,-28.3435610268428,0 -48.7096750741963,-28.3435113755911,0 -48.7095648022939,-28.3434118869172,0 -48.7094375953941,-28.3432967746793,0 -48.7092344662642,-28.3431129675168,0 -48.7091240399835,-28.3430135750489,0 -48.7090686861478,-28.3429639846347,0 -48.7090444472005,-28.3429424641696,0 -48.7089955195065,-28.3428998479776,0 -48.708946021255,-28.3428577728932,0 -48.7089127481869,-28.3428300009178,0 -48.7088904411259,-28.3428115979762,0 -48.7088455670797,-28.3427750415929,0 -48.7087946970545,-28.3427342695181,0 -48.7087605788111,-28.3427072774308,0 -48.7086919534418,-28.3426536650355,0 -48.7086574551733,-28.3426270090799,0 -48.7085881939758,-28.3425739366615,0 -48.7083792693277,-28.342415466621,0 -48.7083194640771,-28.3423704931657,0 -48.7082894182751,-28.3423482251328,0 -48.7082441549404,-28.3423150901995,0 -48.7081986502623,-28.3422822673036,0 -48.7081798666436,-28.342268877128,0 -48.7081757963845,-28.3422659758507,0 -48.7081299141743,-28.342233633416,0 -48.7081068760752,-28.3422175734586,0 -48.7080721827037,-28.3421936390043,0 -48.7080256862155,-28.3421619905702,0 -48.7080023323937,-28.3421462860046,0 -48.7079671611555,-28.3421228666677,0 -48.7079140709739,-28.342088057513,0 -48.7078665606942,-28.3420574471474,0 -48.707842673815,-28.3420422479587,0 -48.7078067031953,-28.3420195916466,0 -48.7077523845301,-28.3419859342433,0 -48.7076976198841,-28.3419526399501,0 -48.707670069277,-28.3419361339772,0 -48.7076527573961,-28.3419259268062,0 -48.7076179004599,-28.3419060229016,0 -48.7075827321211,-28.3418867360563,0 -48.7075591167015,-28.3418742035225,0 -48.7075433022259,-28.3418659792934,0 -48.7075115011674,-28.3418498352329,0 -48.707475473439,-28.3418321039888,0 -48.707451317133,-28.3418205271883,0 -48.7074026907845,-28.3417978386069,0 -48.707378229245,-28.3417867076939,0 -48.7073290235711,-28.3417647941092,0 -48.7072794710511,-28.3417432353907,0 -48.7072462771021,-28.3417289986415,0 -48.7071795126004,-28.3417006718842,0 -48.7071504332356,-28.3416884890683,0 -48.7070922218634,-28.3416646914176,0 -48.7070338927756,-28.3416416225569,0 -48.7069949222946,-28.3416266387624,0 -48.7069689006259,-28.3416168263772,0 -48.7069167531399,-28.341597588092,0 -48.7068578703368,-28.3415765667516,0 -48.706818490168,-28.3415628938692,0 -48.7067921688751,-28.3415539333183,0 -48.7067393513504,-28.3415363617142,0 -48.7066995789575,-28.341523475776,0 -48.7066729796847,-28.3415150254419,0 -48.7066195800582,-28.3414984451942,0 -48.7065927674371,-28.3414903068137,0 -48.7065389186588,-28.3414743236609,0 -48.7064847411048,-28.341458723208,0 -48.7064484215985,-28.3414485298826,0 -48.7063752985726,-28.3414285954555,0 -48.70636631884,-28.3414263693163,0 -48.7063602888143,-28.3414250766889,0 -48.7063481478829,-28.3414229240329,0 -48.7063420394897,-28.3414220629451,0 -48.7063297986362,-28.3414207655126,0 -48.7063175453834,-28.3414200450155,0 -48.7063093878059,-28.3414198807973,0 -48.7063039743075,-28.3414199070282,0 -48.7062931863757,-28.341420285066,0 -48.7062847077063,-28.3414209271924,0 -48.7062790731575,-28.3414215362106,0 -48.7062678527748,-28.3414231521285,0 -48.7062622526294,-28.3414241587873,0 -48.7062510839481,-28.3414264970048,0 -48.7062399617242,-28.3414292512389,0 -48.7062325423069,-28.3414312918143,0 -48.7062177391502,-28.3414357981622,0 -48.7062014980366,-28.3414412633356,0 -48.7061936032833,-28.3414441621801,0 -48.7061819922877,-28.3414487761976,0 -48.7061706656872,-28.3414538278573,0 -48.7061650996404,-28.3414565494486,0 -48.7061541223271,-28.3414624369045,0 -48.7061487198025,-28.3414656304518,0 -48.7061407052239,-28.3414707736266,0 -48.7061329076995,-28.3414762729076,0 -48.7061279314508,-28.3414800507707,0 -48.7061184802426,-28.3414878864305,0 -48.706113979161,-28.3414919432371,0 -48.7061054132078,-28.3415003527612,0 -48.7060973404467,-28.3415091582828,0 -48.7036249565414,-28.3383406024361,0 -48.70363077105,-28.3383432809897,0 -48.7036425486486,-28.338348270521,0 -48.70365451212,-28.3383528661193,0 -48.7036625861571,-28.3383557446335,0 -48.7036789821847,-28.3383611732072,0 -48.703695519563,-28.3383661074185,0 -48.7037038447907,-28.338368304526,0 -48.703716438342,-28.3383712145417,0 -48.7037291756479,-28.3383735762666,0 -48.7037356212067,-28.3383745240965,0 -48.7037438082384,-28.338375564585,0 -48.703760189503,-28.3383773108499,0 -48.7037765992484,-28.3383786880657,0 -48.7037875465565,-28.3383794225806,0 -48.7038094686402,-28.3383805407171,0 -48.7038409268338,-28.3383815308642,0 -48.7038566686549,-28.3383817238093,0 -48.7038776188557,-28.3383815804121,0 -48.7038802808254,-28.3383815619066,0 -48.7038873854629,-28.3383813566258,0 -48.7039015446284,-28.3383805845037,0 -48.7039156754956,-28.3383793338869,0 -48.7039250930296,-28.3383782654876,0 -48.7039438823045,-28.3383755953787,0 -48.7039557900282,-28.3383734950239,0 -48.7039616795086,-28.3383723126929,0 -48.7039704490418,-28.3383703489376,0 -48.7039834756391,-28.3383669594833,0 -48.7039963367454,-28.3383630165304,0 -48.7040027191642,-28.3383608231327,0 -48.7040181603759,-28.3383550825976,0 -48.7040257515243,-28.3383520526462,0 -48.7040369882904,-28.3383472882134,0 -48.7040480627987,-28.3383421961282,0 -48.7040535358548,-28.3383395093991,0 -48.7040821791651,-28.3383249688636,0 -48.7040963792657,-28.3383175475796,0 -48.7041032229462,-28.3383138188525,0 -48.7041174528512,-28.3383060825107,0 -48.7041395275243,-28.3382934794541,0 -48.7041688541679,-28.338276541046,0 -48.7041836365702,-28.3382682363041,0 -48.7042126960449,-28.3382522587832,0 -48.7042709998907,-28.3382205326262,0 -48.7043294893313,-28.3381890893284,0 -48.7043685857777,-28.3381682731434,0 -48.7044469825307,-28.3381269421044,0 -48.7044541469032,-28.3381232639157,0 -48.7044686587443,-28.3381161633959,0 -48.7044880930127,-28.3381068272512,0 -48.7044977312577,-28.3381020358672,0 -48.7045119288037,-28.338094470208,0 -48.7045578963514,-28.3380683561522,0 -48.7045789102398,-28.3380564207969,0 -48.7046162455425,-28.3380351778265,0 -48.7046348331505,-28.3380244286017,0 -48.7046427472908,-28.3380196627039,0 -48.7046581862043,-28.3380096545961,0 -48.7046593747192,-28.338008831465,0 -48.704673271478,-28.3379992164862,0 -48.704693155162,-28.3379850151869,0 -48.7047031297198,-28.3379779561147,0 -48.7047286912713,-28.3379599937594,0 -48.7048069962983,-28.3379049680827,0 -48.7048586652166,-28.3378682033159,0 -48.7049100733295,-28.3378311185808,0 -48.7049356460813,-28.3378124294337,0 -48.7049554874534,-28.3377974426178,0 -48.704968483435,-28.337787222083,0 -48.7049941222703,-28.3377664137994,0 -48.7050203026297,-28.3377445049426,0 -48.7050331372822,-28.3377333339123,0 -48.7050519244673,-28.3377161639431,0 -48.705068630394,-28.3376999694968,0 -48.7050906168537,-28.3376781701219,0 -48.7051017283213,-28.3376673583338,0 -48.7051368576998,-28.3376339156336,0 -48.7051547524437,-28.3376174614221,0 -48.7051723621096,-28.3376019044747,0 -48.7051842970234,-28.3375917018559,0 -48.7052084424514,-28.3375715633915,0 -48.7052406673395,-28.3375450459834,0 -48.70530531687,-28.3374922138611,0 -48.7053702033484,-28.3374396197446,0 -48.7055004596788,-28.3373349269229,0 -48.7055065384447,-28.3373301477093,0 -48.7055189181885,-28.337320791827,0 -48.7055355112856,-28.3373084212078,0 -48.7055436928768,-28.3373021254729,0 -48.7055556408085,-28.3372923564469,0 -48.7055739544333,-28.3372762159691,0 -48.7056097069821,-28.3372431894936,0 -48.7056613474377,-28.3371948925775,0 -48.7056787442876,-28.3371777624505,0 -48.7057017177748,-28.3371547432272,0 -48.7057136144098,-28.3371435657054,0 -48.705762743264,-28.3370992059252,0 -48.7059554306759,-28.3368919175473,0 -48.7060415763297,-28.3367992403641,0 -48.7060488262466,-28.336791314237,0 -48.7060628282978,-28.3367751644839,0 -48.7060762565707,-28.3367586619837,0 -48.7060849185365,-28.336747474617,0 -48.7060905691689,-28.3367399362686,0 -48.7061016146795,-28.3367247115328,0 -48.7061136624302,-28.3367073377092,0 -48.706121503152,-28.3366956403336,0 -48.7061367982481,-28.3366720050295,0 -48.7061517009741,-28.3366481197084,0 -48.7061808798906,-28.3365999596314,0 -48.7062027966218,-28.3365638304787,0 -48.7062176795526,-28.3365399090196,0 -48.7062252590689,-28.3365280266097,0 -48.7062368448414,-28.3365103382557,0 -48.7062487463559,-28.3364928446563,0 -48.7062548351473,-28.3364841770023,0 -48.7062673210065,-28.3364670363236,0 -48.7062737315737,-28.3364585723373,0 -48.7062836001242,-28.3364460069961,0 -48.7062954662842,-28.3364314904928,0 -48.7063196216463,-28.3364026986506,0 -48.706337464452,-28.3363809378396,0 -48.7063589647466,-28.3363538432289,0 -48.7064015684068,-28.3362994121655,0 -48.7064297610104,-28.3362629920184,0 -48.7064859086642,-28.3361899940596,0 -48.7065280423697,-28.3361352389376,0 -48.7065704051925,-28.3360806236795,0 -48.7065917328237,-28.3360533900964,0 -48.7066239854914,-28.3360127073937,0 -48.7066469272853,-28.335984391265,0 -48.7066624535432,-28.335965659457,0 -48.7066939574099,-28.3359285096211,0 -48.7067099358182,-28.335910083346,0 -48.7067422414375,-28.3358734795189,0 -48.7067749616372,-28.3358371624165,0 -48.7067969579892,-28.3358130713871,0 -48.7068412554831,-28.3357651290448,0 -48.7068545661517,-28.3357512497189,0 -48.7068636839051,-28.3357421907488,0 -48.7068824026117,-28.3357244691839,0 -48.7069016304717,-28.3357071526903,0 -48.706914640433,-28.33569576798,0 -48.7069409362596,-28.3356731931904,0 -48.7069705058631,-28.3356477585308,0 -48.7069899578477,-28.3356305542824,0 -48.7069995476995,-28.3356218281606,0 -48.7070136925125,-28.3356085223667,0 -48.7070274863615,-28.3355949226475,0 -48.7070342313712,-28.3355879798014,0 -48.7070785763171,-28.3355412381704,0 -48.7071005009082,-28.3355176420701,0 -48.7071328922018,-28.3354819058478,0 -48.707154080187,-28.3354578286965,0 -48.7071645286589,-28.3354456970806,0 -48.7071800145418,-28.3354273880236,0 -48.7072002459805,-28.3354027534312,0 -48.7072101678425,-28.3353903331955,0 -48.7072166069754,-28.335382068445,0 -48.7072247993427,-28.335371549923,0 -48.7072461131388,-28.3353430620196,0 -48.7072643658729,-28.3353173830406,0 -48.7072732333081,-28.3353044130836,0 -48.7072861775793,-28.3352847803245,0 -48.7072986783058,-28.3352649330389,0 -48.7073047572342,-28.3352549203269,0 -48.7073165612187,-28.3352347364051,0 -48.7073222767216,-28.3352245463106,0 -48.7073306022878,-28.3352091578758,0 -48.7073608213135,-28.3351518511467,0 -48.7103319811987,-28.3378148462302,0 -48.7196596649716,-28.3364470200693,0 -48.727151805912,-28.3380567671815,0 -48.7187974731393,-28.3186570917852,0 -48.7235328733941,-28.3135024470209,0 -48.7229895047353,-28.3125371723101,0 -48.7227712175078,-28.3118905726844,0 -48.7221423321211,-28.3100084124788,0 -48.7219390160228,-28.3094225121555,0 -48.7217466925169,-28.308827244599,0 -48.7208846198506,-28.3062440885046,0 -48.7199985689122,-28.3037751186229,0 -48.719714204908,-28.30284217561,0 -48.7193766045972,-28.3021289302081,0 -48.7189637913766,-28.3016035043747,0 -48.7185827836532,-28.3012562255705,0 -48.7163675476864,-28.2993456054034,0 -48.7153767709038,-28.2984523989946,0 -48.7146401398648,-28.2977840309727,0 -48.7137260035064,-28.29694079884,0 -48.7122653448343,-28.2956223951101,0 -48.7108690239552,-28.2943241559321,0 -48.710231336579,-28.293723315706,0 -48.7093074418604,-28.2928856228578,0 -48.7082948105152,-28.2919604888323,0 -48.7079019147552,-28.2915671464739,0 -48.7067176728215,-28.2904958818058,0 -48.7058757985122,-28.2893071770697,0 -48.7052889505512,-28.2883003712789,0 -48.7051205156221,-28.2880053330372,0 -48.7045322792552,-28.2870482008289,0 -48.6793198096613,-28.2552385426774,0 -48.6793629871376,-28.2551876657198,0 -48.6793725138914,-28.2549968426528,0 -48.67937427183,-28.2549157048815,0 -48.6793664893817,-28.2547771096315,0 -48.6793517673688,-28.2547100148051,0 -48.6793275031569,-28.2545854624663,0 -48.6792964027793,-28.2545276392916,0 -48.6791907693849,-28.2544255790867,0 -48.6790787129807,-28.254371153571,0 -48.678977229164,-28.2543264591214,0 -48.6789670684727,-28.2542976390652,0 -48.6790171331799,-28.2542268696834,0 -48.679018684474,-28.2541552782871,0 -48.6789981581535,-28.2541071823728,0 -48.6790161893727,-28.2540215458649,0 -48.6791007667229,-28.2538510975895,0 -48.6791618166002,-28.2537709670826,0 -48.6791702058713,-28.2536326448883,0 -48.6791941447836,-28.2535232359306,0 -48.679169469113,-28.2534177763338,0 -48.6790423799179,-28.2533105752471,0 -48.678920681813,-28.2532034672957,0 -48.6788573421048,-28.2531403210878,0 -48.6787825017174,-28.253110402098,0 -48.6786973955529,-28.2530564358743,0 -48.6786232774555,-28.2529931064286,0 -48.6785009589198,-28.2529146333667,0 -48.6784432191976,-28.2528420344648,0 -48.6784231077202,-28.2527748479752,0 -48.6784086949286,-28.2526934354329,0 -48.6784110741211,-28.2525836586047,0 -48.6784121085245,-28.2525359306493,0 -48.6783546793967,-28.2524490124547,0 -48.6783176720604,-28.2524149609259,0 -48.6781761836807,-28.2524746265167,0 -48.6781170995452,-28.2524640725091,0 -48.6780282605831,-28.2523336495066,0 -48.6778862441584,-28.2521688988801,0 -48.6777859011039,-28.2520717006403,0 -48.677690431637,-28.2519984601393,0 -48.6776490691933,-28.2519165894424,0 -48.6775869745409,-28.2517961690154,0 -48.6774120001071,-28.2516595045664,0 -48.6773274132186,-28.2515816736241,0 -48.6771673667799,-28.2515025580595,0 -48.6770555220721,-28.251438586411,0 -48.6769115417142,-28.2513645205889,0 -48.6767959602052,-28.2512240906213,0 -48.6767009062073,-28.2511317590021,0 -48.6766329053603,-28.251035109962,0 -48.6765810756199,-28.2509387364463,0 -48.6765185692574,-28.2508374061335,0 -48.6764816665464,-28.2507985829182,0 -48.6764226870695,-28.2507832553393,0 -48.6763040015807,-28.2507860114754,0 -48.6762056354164,-28.2508464084838,0 -48.6760975249177,-28.2508588925203,0 -48.6760654935492,-28.2508440248061,0 -48.6760448661813,-28.2508007020023,0 -48.6760469369387,-28.2507052462269,0 -48.6760498360251,-28.250571606157,0 -48.6760685935193,-28.2504525603585,0 -48.676084460996,-28.2504081940633,0 -48.6760939974932,-28.2503663403617,0 -48.676094742943,-28.2503319760371,0 -48.6760954055507,-28.2503014305824,0 -48.6760939109136,-28.2502708467825,0 -48.6760816373061,-28.2502400812935,0 -48.6760647203524,-28.2502245140848,0 -48.6760519083861,-28.2502185665691,0 -48.6760522397066,-28.2502032932914,0 -48.6760400508251,-28.2501687089614,0 -48.6760363179128,-28.2501419090204,0 -48.6760046406599,-28.2501108134782,0 -48.6759598616259,-28.2500871317713,0 -48.675932081086,-28.2500752000362,0 -48.6759106462133,-28.2500691080332,0 -48.6758673203865,-28.2500779187058,0 -48.6758386479806,-28.2500868872151,0 -48.6757814636506,-28.2500179633793,0 -48.6757446650801,-28.2499743648926,0 -48.6757180409488,-28.2499593853309,0 -48.6756419133152,-28.2498634462455,0 -48.6755598189227,-28.2497952049244,0 -48.675507212144,-28.2497346272289,0 -48.6754276064484,-28.2496759780453,0 -48.6753854180806,-28.24963228777,0 -48.6753727190595,-28.2495962617617,0 -48.675373392221,-28.249565238479,0 -48.6753716810271,-28.2495198517515,0 -48.6753458706009,-28.2494668924548,0 -48.6752958062419,-28.2494135204844,0 -48.6752217956171,-28.249345415971,0 -48.6751504807144,-28.2492773578409,0 -48.6750656173351,-28.2492132016642,0 -48.6749539809908,-28.2491396821045,0 -48.6748794534705,-28.2490954419182,0 -48.6747570385444,-28.2490217404338,0 -48.6746612631495,-28.2489628140018,0 -48.6745115863889,-28.2489029734109,0 -48.6742916356095,-28.2488514825044,0 -48.6741902627453,-28.2488020114464,0 -48.6740999814802,-28.2487384046073,0 -48.6739608787861,-28.248688291653,0 -48.6738051935972,-28.2486569937688,0 -48.6737010405035,-28.24864811193,0 -48.6731993065242,-28.2484501286342,0 -48.6725123850706,-28.2481022981568,0 -48.6721761403819,-28.2478941262865,0 -48.6721524995654,-28.2478765600953,0 -48.6717344934596,-28.2473063899803,0 -48.6565008474192,-28.2402923766639,0 -48.6563023868221,-28.2401634968029,0 -48.656196623108,-28.2401047309946,0 -48.6561104597931,-28.2400632013793,0 -48.6560301765298,-28.2400257238892,0 -48.6559267841096,-28.2399744424598,0 -48.6558330326705,-28.2399239761667,0 -48.6557159261518,-28.2398541791781,0 -48.6556134120718,-28.2397976973974,0 -48.6554602067301,-28.2397175091785,0 -48.6551517340676,-28.2396065602461,0 -48.6549753566755,-28.2395410869547,0 -48.6548328135356,-28.2394826004358,0 -48.6546842449795,-28.239455790545,0 -48.6538737811549,-28.2390825415799,0 -48.6538552484784,-28.2390499668895,0 -48.6527810913098,-28.236787681235,0 -48.6527886777824,-28.2367780816492,0 -48.6525973661502,-28.2366231390088,0 -48.6524130132589,-28.2365216967166,0 -48.6523101641739,-28.2364464955378,0 -48.6521804747761,-28.2362824657742,0 -48.6520863104241,-28.2362270903686,0 -48.6519992940882,-28.2360135674831,0 -48.6517727666916,-28.2358727352904,0 -48.6513792513342,-28.2357852702584,0 -48.6510790343587,-28.2357004561797,0 -48.6509011311018,-28.2354502680657,0 -48.650833975351,-28.2353151672081,0 -48.6505782787968,-28.2351571272134,0 -48.6503913613763,-28.2351189887357,0 -48.6501700988797,-28.2350827387928,0 -48.650023174171,-28.2350083444094,0 -48.6497787963875,-28.2348042933866,0 -48.649540658147,-28.2343827565853,0 -48.6494719932803,-28.2341824757334,0 -48.6493690348975,-28.2340356045192,0 -48.6491686063641,-28.2337315473926,0 -48.6490443611455,-28.2336314452878,0 -48.648906159436,-28.233534772907,0 -48.648705836209,-28.2333974811427,0 -48.6484596538131,-28.2332690330542,0 -48.64794926767,-28.2331990444586,0 -48.6462186787828,-28.2323311397814,0 -48.6437569162513,-28.2310118498987,0 -48.6418367390703,-28.2279922096832,0 -48.6418959070829,-28.2252961388859,0 -48.6420784600502,-28.2169976483691,0 -48.6487772707612,-28.2088030195217,0 -48.6633405125568,-28.2079220472326,0 -48.6644635360085,-28.2078447002135,0 -48.667503576345,-28.2076258973673,0 -48.6675584481594,-28.2055696212878,0 -48.6649659961124,-28.2030080089514,0 -48.6630941052982,-28.2015053170889,0 -48.6620844085365,-28.198763162785,0 -48.660567692167,-28.1959221056426,0 -48.6598913990575,-28.1927713641502,0 -48.6598833205145,-28.192735955687,0 -48.6598867288447,-28.1927362898932,0 -48.6599054107971,-28.1927375930195,0 -48.6599147703725,-28.1927380328761,0 -48.659929101438,-28.1927384134825,0 -48.6599386519785,-28.1927385046997,0 -48.6599577800542,-28.1927383896591,0 -48.6599769029027,-28.1927380580971,0 -48.6600024032769,-28.1927376098243,0 -48.6600151559866,-28.1927375123927,0 -48.6600342550127,-28.1927377035906,0 -48.6600438012355,-28.1927379929824,0 -48.6600902582919,-28.1927400872546,0 -48.6601134704203,-28.192741359345,0 -48.6601482615522,-28.192743596611,0 -48.6601830229455,-28.192746257407,0 -48.6602003943314,-28.1927477726813,0 -48.6602351271929,-28.192751172581,0 -48.6602524801951,-28.1927530752348,0 -48.6602785054589,-28.192756209451,0 -48.6603049330613,-28.1927599634843,0 -48.6603180614626,-28.1927621369733,0 -48.6603376701214,-28.1927657837446,0 -48.6603571751343,-28.192769879773,0 -48.660366913551,-28.1927721037727,0 -48.6603821204022,-28.1927757385913,0 -48.6604123648703,-28.1927833296981,0 -48.6604424370878,-28.1927913237267,0 -48.6604623975805,-28.1927968533204,0 -48.660502190501,-28.192808370153,0 -48.6605203185226,-28.1928139587186,0 -48.6605323222652,-28.1928178543033,0 -48.6605562006663,-28.1928259500083,0 -48.6605684703318,-28.1928302505042,0 -48.6605799842954,-28.192834287503,0 -48.6606116997342,-28.1928454045907,0 -48.6606276396172,-28.1928508296127,0 -48.6606517078216,-28.1928586306125,0 -48.6606638503085,-28.1928623209405,0 -48.660692501449,-28.1928705797393,0 -48.6607068665805,-28.1928745338607,0 -48.6607284937483,-28.1928802268398,0 -48.6607610944403,-28.1928882012537,0 -48.6607938721854,-28.1928954385318,0 -48.6608103365057,-28.192898761074,0 -48.6608323671159,-28.1929028550617,0 -48.6608434184952,-28.1929047583848,0 -48.6608600419484,-28.1929074244409,0 -48.6608850785946,-28.192910974499,0 -48.660895317689,-28.1929121871057,0 -48.6609158685586,-28.1929140722103,0 -48.6609570391521,-28.1929170500128,0 -48.660977579879,-28.1929189442969,0 -48.6610001196639,-28.1929211795021,0 -48.6610301877789,-28.1929242290501,0 -48.6610451338343,-28.1929261983931,0 -48.6610599802769,-28.1929287172932,0 -48.6610673508009,-28.1929302415599,0 -48.6610783301857,-28.192932910774,0 -48.6610860456716,-28.1929350637916,0 -48.6611012800569,-28.1929396913842,0 -48.6611463542907,-28.1929546818944,0 -48.6611755625204,-28.192964592339,0 -48.6612143853546,-28.1929781041331,0 -48.6612338491114,-28.1929845547256,0 -48.6612391452285,-28.1929859443924,0 -48.6612427974097,-28.1929865845237,0 -48.6612452734109,-28.1929868884396,0 -48.6612502979551,-28.1929871907652,0 -48.6612541096473,-28.1929871567991,0 -48.6612566584625,-28.1929870285498,0 -48.6612617420502,-28.1929864749778,0 -48.6612651026515,-28.1929859189357,0 -48.6612717162148,-28.192984326443,0 -48.6612765090348,-28.1929827391713,0 -48.6612811129973,-28.1929808331133,0 -48.6612833237074,-28.1929797612225,0 -48.6612953203233,-28.1929732261505,0 -48.6613107622534,-28.1929642145003,0 -48.6613185889266,-28.1929598638546,0 -48.6613379696764,-28.1929499183413,0 -48.66136397324,-28.1929367564387,0 -48.6613767542362,-28.1929297385769,0 -48.6613860955706,-28.1929240243748,0 -48.6613921105558,-28.1929199764862,0 -48.6613960314316,-28.1929171836672,0 -48.6614036637541,-28.1929113675557,0 -48.6614092187778,-28.1929068337863,0 -48.6614199250789,-28.1928973534708,0 -48.6614301623692,-28.1928874317274,0 -48.6614367697123,-28.1928806156242,0 -48.6614495188331,-28.1928666406261,0 -48.6614719386406,-28.1928407037221,0 -48.6614828131663,-28.1928276081039,0 -48.6614986671531,-28.192807721971,0 -48.6615139061625,-28.1927874464346,0 -48.6615212777443,-28.1927771331567,0 -48.6615414048665,-28.1927479816491,0 -48.6615546034197,-28.1927284378197,0 -48.6615806111016,-28.1926891639683,0 -48.6616321487666,-28.1926103999136,0 -48.661658248248,-28.1925712179301,0 -48.6616849613815,-28.192532370798,0 -48.6616986301652,-28.1925131241126,0 -48.6617069209734,-28.1925018429636,0 -48.6617240441452,-28.192479587304,0 -48.6617472155228,-28.1924501000907,0 -48.6617585866029,-28.1924352352375,0 -48.6617695900082,-28.192420156481,0 -48.6617748993838,-28.1924125146872,0 -48.6617941963391,-28.1923836011723,0 -48.6618194724669,-28.1923448021429,0 -48.6618321960337,-28.1923254577818,0 -48.6618424003795,-28.1923103928973,0 -48.6618633788212,-28.1922805878699,0 -48.6618915655017,-28.1922409447628,0 -48.6619053022391,-28.1922209144505,0 -48.6619185355633,-28.192200595221,0 -48.661924890566,-28.1921902915286,0 -48.6619275658241,-28.1921857536782,0 -48.6619325205721,-28.192176526927,0 -48.661937035018,-28.1921671390023,0 -48.6619398309481,-28.1921607985327,0 -48.6619449965937,-28.1921479660228,0 -48.6619520130894,-28.1921284343489,0 -48.6619608636684,-28.1921022026734,0 -48.6619654356571,-28.1920891435874,0 -48.6619703186482,-28.1920761889441,0 -48.6619729351268,-28.1920697826257,0 -48.6619771325166,-28.1920602538059,0 -48.662005268367,-28.1920001282939,0 -48.6620429516541,-28.1919200176038,0 -48.6620615662672,-28.1918798683327,0 -48.6620641666893,-28.1918741705031,0 -48.6621295257561,-28.1917310153236,0 -48.6621631950376,-28.1916564846444,0 -48.6622132449819,-28.1915445090257,0 -48.6622627073454,-28.191432279928,0 -48.6622872013169,-28.1913760528269,0 -48.6622935687507,-28.1913609763085,0 -48.6622976583352,-28.1913508861107,0 -48.6623054732437,-28.1913305921017,0 -48.6623164568015,-28.1912999393811,0 -48.6623234017248,-28.1912793777288,0 -48.6623366950344,-28.1912380459738,0 -48.6623464860636,-28.1912060373978,0 -48.6623510518832,-28.1911899735064,0 -48.6623552725941,-28.1911738585597,0 -48.6623572304874,-28.1911657805831,0 -48.6623607916196,-28.1911495552381,0 -48.6623623644127,-28.1911414073496,0 -48.6623644341052,-28.1911291354118,0 -48.6623716307755,-28.1910795875006,0 -48.662380626265,-28.1910134773846,0 -48.6623852684671,-28.1909804247942,0 -48.6623915155883,-28.1909371767668,0 -48.662394786733,-28.1909155687668,0 -48.662400206412,-28.1908832062837,0 -48.6624021852363,-28.1908746231103,0 -48.662403916788,-28.1908690045978,0 -48.6624052277048,-28.1908652915197,0 -48.6624081476481,-28.1908579337886,0 -48.6624130617614,-28.190847027751,0 -48.6624199940382,-28.1908325561937,0 -48.6624233521296,-28.1908252869029,0 -48.6624279282954,-28.1908142577889,0 -48.6624299034457,-28.190808670423,0 -48.6624335207123,-28.1907969756362,0 -48.6624398584968,-28.1907734347149,0 -48.6624411750951,-28.1907672044307,0 -48.6624418038372,-28.1907630198524,0 -48.662442631307,-28.1907545882776,0 -48.6624431416192,-28.1907461066763,0 -48.6624438668251,-28.190734777162,0 -48.6624444584102,-28.1907291298096,0 -48.6624458840294,-28.1907207178165,0 -48.6624469195592,-28.1907165489998,0 -48.6624486425691,-28.1907114083582,0 -48.6624500691117,-28.190708094318,0 -48.662453498014,-28.1907016836939,0 -48.6624554902405,-28.1906985957482,0 -48.6624599560666,-28.1906926356996,0 -48.662465000681,-28.1906869564899,0 -48.6624686340168,-28.1906833188867,0 -48.6624764233861,-28.1906763599076,0 -48.6624803890541,-28.190673360199,0 -48.6624831451925,-28.1906715574484,0 -48.6624888671133,-28.1906683437805,0 -48.6625065836286,-28.1906596148013,0 -48.6625122577371,-28.1906562560291,0 -48.6625149895395,-28.1906543719074,0 -48.6625211131931,-28.1906495498646,0 -48.6625239670212,-28.1906469998143,0 -48.6625279246227,-28.1906429712372,0 -48.6625314117404,-28.1906386548602,0 -48.6625329465834,-28.1906363620364,0 -48.6625340558972,-28.1906341434477,0 -48.6625345666268,-28.1906325820947,0 -48.6625350964101,-28.1906292885286,0 -48.6625351333133,-28.1906275929673,0 -48.6625348435999,-28.1906241686492,0 -48.6625341332836,-28.1906207635793,0 -48.6625334666295,-28.1906185509953,0 -48.6625318660911,-28.1906144092837,0 -48.6625297526883,-28.1906105561942,0 -48.6625280220111,-28.1906080814661,0 -48.6625240031448,-28.1906033301029,0 -48.6625195288021,-28.1905987152443,0 -48.6625135107374,-28.1905926030602,0 -48.6625107373295,-28.1905894876619,0 -48.6625071483088,-28.1905846351521,0 -48.6625057246991,-28.1905821028889,0 -48.662503710038,-28.1905773400583,0 -48.6625029724918,-28.1905747291999,0 -48.6625026017414,-28.1905721152461,0 -48.6625025908959,-28.190570842917,0 -48.6625030198495,-28.1905684408825,0 -48.6625034793622,-28.1905673478609,0 -48.6625045526893,-28.190565868814,0 -48.6625079931021,-28.1905626701348,0 -48.6625105003028,-28.1905607100325,0 -48.6625158841806,-28.1905571205094,0 -48.6625331061661,-28.1905472370459,0 -48.6625384908212,-28.1905436117389,0 -48.662540988475,-28.1905416332994,0 -48.6625516722534,-28.1905331718605,0 -48.6625613574634,-28.1905256675693,0 -48.6625660649866,-28.1905217960894,0 -48.662572766195,-28.1905157117672,0 -48.6625768626173,-28.190511387625,0 -48.6625787752558,-28.1905091287906,0 -48.6625814365318,-28.1905056012404,0 -48.6625849301371,-28.1904999583082,0 -48.6625900517942,-28.1904897959645,0 -48.6625931515125,-28.1904829732869,0 -48.662598695916,-28.1904692088012,0 -48.6626011911561,-28.1904622860302,0 -48.6626057207123,-28.1904483417461,0 -48.6626098247369,-28.1904343004258,0 -48.6626174746359,-28.1904060452384,0 -48.6626228688595,-28.1903857004858,0 -48.6626332168919,-28.1903449406741,0 -48.6626467026579,-28.1902905553396,0 -48.6626535948152,-28.1902634150611,0 -48.662664460196,-28.1902228447172,0 -48.6626666065439,-28.1902154732118,0 -48.6626713429548,-28.1902008198372,0 -48.6626765802899,-28.1901862835103,0 -48.662680281148,-28.1901766288767,0 -48.6626880725213,-28.1901574083219,0 -48.6627041216048,-28.1901190737545,0 -48.6627118336532,-28.1900998419299,0 -48.6627189641788,-28.1900804834195,0 -48.6627222231532,-28.1900707402808,0 -48.6627261719338,-28.1900576617006,0 -48.6627279565719,-28.1900510875029,0 -48.6627303624428,-28.1900411585188,0 -48.6627332963371,-28.1900261312548,0 -48.6627345281631,-28.1900176256293,0 -48.6627362057515,-28.1900005469801,0 -48.6627382117039,-28.189966294489,0 -48.6627396142407,-28.1899492017787,0 -48.6627441263013,-28.1899084683687,0 -48.6627474049908,-28.189881338496,0 -48.6627545926831,-28.1898271622113,0 -48.6627560401986,-28.1898195986827,0 -48.6627573607549,-28.1898146130695,0 -48.662760651041,-28.189804744351,0 -48.662772384706,-28.1897755395446,0 -48.6627756523407,-28.1897657690161,0 -48.6627769510014,-28.1897608469111,0 -48.6627777533697,-28.1897567374392,0 -48.6627781008904,-28.1897539639338,0 -48.6627781547495,-28.1897528028522,0 -48.6628506533942,-28.1897624253502,0 -48.6731820533507,-28.1904708663761,0 -48.684234506512,-28.2040303643504,0 -48.6921147301853,-28.2037033879833,0 -48.6845696527684,-28.1884895312172,0 -48.6908107994041,-28.1819270338812,0 -48.6737010500969,-28.1716759527814,0 -48.6669780721247,-28.1642980926125,0 -48.6667329201549,-28.1640375487332,0 -48.6666731580141,-28.1640604030632,0 -48.6665545190921,-28.164065542946,0 -48.6665166124257,-28.1640744467552,0 -48.6664811908415,-28.1640929411969,0 -48.666443232365,-28.164104231448,0 -48.666416304336,-28.1641037724331,0 -48.6663705256321,-28.1641029920776,0 -48.6663564409898,-28.164131399587,0 -48.6663156854404,-28.1641474151611,0 -48.666261674576,-28.1641536570246,0 -48.6661778849483,-28.1641665515914,0 -48.6661256856766,-28.1642134086136,0 -48.6660742103525,-28.1642268562158,0 -48.6660203542479,-28.1642259380319,0 -48.6659775274159,-28.1642132705897,0 -48.6659563483589,-28.1641961986297,0 -48.6659301437789,-28.1641623279111,0 -48.6658875260567,-28.1641401157261,0 -48.6658498777581,-28.1641370864729,0 -48.6657936914901,-28.164119418154,0 -48.6657510719522,-28.1640972058973,0 -48.6656891373348,-28.1640961498392,0 -48.6656381801978,-28.1640857310064,0 -48.6656168451829,-28.1640758172725,0 -48.66559053894,-28.1640467211035,0 -48.6655677533333,-28.1639794890903,0 -48.6655203194226,-28.1639309327689,0 -48.6654784254414,-28.1638753105204,0 -48.6654327520513,-28.1638449296703,0 -48.6653905990913,-28.1638012380556,0 -48.6653537306724,-28.1637624134438,0 -48.6653301155649,-28.1637333631237,0 -48.6653014793811,-28.1636875152027,0 -48.6652668350347,-28.1636702135051,0 -48.6652379915959,-28.1636339119693,0 -48.6652007069065,-28.1636141762289,0 -48.6651528075083,-28.1635870990607,0 -48.665115781279,-28.1635554342851,0 -48.6650872488928,-28.1635048128535,0 -48.6650559199999,-28.1634589200625,0 -48.6650087956029,-28.1633960464409,0 -48.6649484149969,-28.1633419382076,0 -48.6649452134071,-28.1633388789042,0 -48.6649384503314,-28.1633329078078,0 -48.6649321440259,-28.1633279368886,0 -48.6649289058695,-28.1633256171207,0 -48.6649239163063,-28.1633223648594,0 -48.6649161314964,-28.163317973405,0 -48.6649079465727,-28.1633141792588,0 -48.6649036865541,-28.1633125007145,0 -48.6649004328839,-28.1633113531514,0 -48.6648938388953,-28.1633093280489,0 -48.6648737392959,-28.1633042297955,0 -48.6648637809762,-28.1633014886521,0 -48.664858887885,-28.1632998890745,0 -48.6648379647273,-28.1632928823124,0 -48.6648311282023,-28.1632902935446,0 -48.6648277890898,-28.1632888741218,0 -48.6648213417374,-28.1632857054815,0 -48.6648182545825,-28.1632839296386,0 -48.6648138389476,-28.1632809757374,0 -48.6648057350312,-28.1632748826349,0 -48.664789815208,-28.1632625113452,0 -48.6647778280092,-28.1632533021477,0 -48.6645689926422,-28.1630961428726,0 -48.6645022826987,-28.1630404610337,0 -48.6644931060215,-28.1630326622258,0 -48.6644751056906,-28.1630167187246,0 -48.6644574890611,-28.1630004474839,0 -48.6644226920291,-28.162967534098,0 -48.6644127038918,-28.1629576997708,0 -48.6644062631502,-28.1629509670048,0 -48.6643937844422,-28.1629372109579,0 -48.6643693350659,-28.1629092829281,0 -48.6643567745976,-28.1628955436568,0 -48.6643480696981,-28.1628866244761,0 -48.6643435935238,-28.1628822536426,0 -48.664336676742,-28.1628758376731,0 -48.6643291529007,-28.1628692758708,0 -48.6643240331315,-28.1628650108077,0 -48.6643135324043,-28.162856747176,0 -48.6643081721486,-28.1628527395985,0 -48.6642972440265,-28.1628449560557,0 -48.6642860648934,-28.1628374568035,0 -48.6642784835228,-28.1628325995779,0 -48.6642630698062,-28.1628231964025,0 -48.664211074672,-28.162792713925,0 -48.66418494984,-28.1627776963005,0 -48.6641455013908,-28.1627554947252,0 -48.6640885033376,-28.1627242681892,0 -48.6640597998762,-28.1627089267814,0 -48.6640352552339,-28.1626961736426,0 -48.6640228666598,-28.162689971041,0 -48.6640040942308,-28.1626809979099,0 -48.6639850358453,-28.1626725160901,0 -48.6639753696356,-28.1626684895472,0 -48.6639553711977,-28.1626606591481,0 -48.6639150520136,-28.1626457330011,0 -48.6638998360492,-28.162640330242,0 -48.6638794751546,-28.1626332519802,0 -48.663869375121,-28.1626295154127,0 -48.6638625431732,-28.1626267190581,0 -48.6638580660101,-28.1626247118564,0 -48.6638493121671,-28.1626203935754,0 -48.6638365675938,-28.1626132734516,0 -48.6638282888343,-28.1626081966828,0 -48.6638120968245,-28.1625975801729,0 -48.6638070314338,-28.1625940743525,0 -48.6637971192558,-28.1625868400982,0 -48.6637774818954,-28.1625722310424,0 -48.6637673286823,-28.1625653082319,0 -48.6637186792867,-28.16253454949,0 -48.6637029693149,-28.162524256753,0 -48.6636717488587,-28.1625034136401,0 -48.6636630414199,-28.1624974181151,0 -48.6636588239649,-28.162494269304,0 -48.6636528046267,-28.1624891947366,0 -48.6636507902874,-28.1624872659053,0 -48.6636470187951,-28.1624832402583,0 -48.6636435572302,-28.1624790216434,0 -48.6636413907542,-28.1624761154523,0 -48.6636373468482,-28.1624701273688,0 -48.6636207997726,-28.1624421358179,0 -48.6636167552476,-28.1624361477233,0 -48.6636145995367,-28.1624332323535,0 -48.6636111379746,-28.1624290137379,0 -48.6635897217448,-28.1624048733858,0 -48.6635788128393,-28.1623929212143,0 -48.6635622057082,-28.1623751873276,0 -48.6635540470716,-28.1623669002803,0 -48.6635370374091,-28.1623508474586,0 -48.6635140291312,-28.1623297110534,0 -48.6635028508063,-28.1623188909515,0 -48.6634921799039,-28.1623076829949,0 -48.6634871034498,-28.1623018849042,0 -48.6634833767379,-28.1622972288995,0 -48.6634810329073,-28.1622940487281,0 -48.6634766026346,-28.1622875396798,0 -48.6634640966108,-28.1622675572705,0 -48.6634573953454,-28.1622578334967,0 -48.6634528711522,-28.1622519005434,0 -48.663443504109,-28.1622402004698,0 -48.6634308607138,-28.1622246814508,0 -48.6634246984364,-28.1622168348954,0 -48.6634159192248,-28.1622047929467,0 -48.6634095381427,-28.162195291066,0 -48.6633972407154,-28.1621760336465,0 -48.6633732422151,-28.1621372139748,0 -48.6633608101096,-28.1621180352088,0 -48.6633345226705,-28.1620800878955,0 -48.6633237348399,-28.1620634820387,0 -48.6633168210001,-28.1620522748629,0 -48.6633035497307,-28.1620295632597,0 -48.66329920158,-28.1620216209988,0 -48.6632910500119,-28.1620055475173,0 -48.6632834214485,-28.1619892841544,0 -48.6632687891793,-28.1619565703865,0 -48.6632655215865,-28.1619485744245,0 -48.6632636133707,-28.1619431641353,0 -48.6632602471303,-28.1619322157655,0 -48.663253997253,-28.1619101295565,0 -48.6632503657947,-28.1618992041953,0 -48.663247508753,-28.1618920181809,0 -48.6632459055366,-28.1618884717561,0 -48.6632432506739,-28.1618832199946,0 -48.6632396757296,-28.1618771859353,0 -48.6632370519417,-28.1618733065319,0 -48.6632313084414,-28.1618658641814,0 -48.6632281994925,-28.1618622920558,0 -48.6632215781909,-28.1618554388551,0 -48.6632145007555,-28.1618489297745,0 -48.6632095820506,-28.1618447672335,0 -48.6631993898053,-28.1618368430716,0 -48.6631692370388,-28.1618146644247,0 -48.6631539981681,-28.1618037749881,0 -48.6630805426889,-28.1617521738101,0 -48.6630607440905,-28.1617384188186,0 -48.6630343763046,-28.1617201030245,0 -48.6630213334942,-28.1617107583638,0 -48.6630084692947,-28.1617011727847,0 -48.6630021313617,-28.1616962645756,0 -48.6629927456709,-28.1616887148848,0 -48.6629861549435,-28.1616828006116,0 -48.6629820710808,-28.1616786253289,0 -48.6629794762879,-28.1616757569756,0 -48.6629745241891,-28.1616698436887,0 -48.6629710094459,-28.1616652722448,0 -48.6629643001971,-28.1616558908572,0 -48.6629513674733,-28.1616368213652,0 -48.662944636736,-28.1616274853192,0 -48.6629405752793,-28.1616218218389,0 -48.6629330501645,-28.1616101801618,0 -48.6629231573042,-28.1615945731292,0 -48.6629177227967,-28.1615869823925,0 -48.6629116507146,-28.161579678157,0 -48.6629083060339,-28.1615761741442,0 -48.6629035313615,-28.1615719330969,0 -48.6629001145666,-28.161569402616,0 -48.6628977563648,-28.1615678286221,0 -48.662892840866,-28.1615649206509,0 -48.6628890162035,-28.1615629151965,0 -48.6628811239873,-28.1615592437863,0 -48.662864878993,-28.1615525060465,0 -48.6628568913266,-28.1615489949154,0 -48.6628492223582,-28.1615458593038,0 -48.662838903905,-28.1615418573479,0 -48.6628339585284,-28.1615394092613,0 -48.6628301791153,-28.1615371518002,0 -48.6628277608179,-28.1615355409829,0 -48.6628231420126,-28.1615321055342,0 -48.662816697222,-28.1615264823188,0 -48.6628127017758,-28.1615224710014,0 -48.6628052704118,-28.1615140074345,0 -48.6627958818937,-28.161501900528,0 -48.6627837640389,-28.1614855968489,0 -48.6627774838324,-28.1614775764316,0 -48.662764150994,-28.1614614508167,0 -48.662757277696,-28.1614535287641,0 -48.6627464739317,-28.1614418938866,0 -48.6627433040712,-28.1614387811078,0 -48.6627366003538,-28.1614328918796,0 -48.6627294911022,-28.161427420328,0 -48.6627245668904,-28.1614239703002,0 -48.6627143550908,-28.1614174352216,0 -48.6627092583201,-28.1614144338326,0 -48.6626988434492,-28.1614087791814,0 -48.6626776878375,-28.1613979963027,0 -48.6626672216389,-28.1613923589464,0 -48.6626556773516,-28.161386233425,0 -48.6626454700915,-28.1613808620769,0 -48.6626404925607,-28.1613780070082,0 -48.662633304578,-28.161373327686,0 -48.6626287585852,-28.161369830693,0 -48.6626265700081,-28.1613679434812,0 -48.6626234288318,-28.1613649121443,0 -48.6626190283724,-28.1613598657248,0 -48.6626168582545,-28.1613566433475,0 -48.6626156948302,-28.1613544492674,0 -48.6626139697839,-28.1613499623402,0 -48.6626133576434,-28.1613476779929,0 -48.6626125109664,-28.161343061775,0 -48.6626111778014,-28.1613290084841,0 -48.6626101236309,-28.1613170713923,0 -48.6626089420432,-28.1613011620309,0 -48.6626080662613,-28.1612932250639,0 -48.6626059587319,-28.1612791761752,0 -48.6626046948595,-28.1612721979832,0 -48.6626024380766,-28.1612617564738,0 -48.6625997010172,-28.1612513689954,0 -48.6625981136253,-28.161246181157,0 -48.6625958135139,-28.1612395911493,0 -48.6625940946751,-28.1612352761506,0 -48.6625902673484,-28.1612268190333,0 -48.6625881789174,-28.1612226689965,0 -48.6625836837478,-28.1612144901523,0 -48.6625788087984,-28.1612064303868,0 -48.6625753919262,-28.1612011028228,0 -48.662568230308,-28.1611905230519,0 -48.6625606965804,-28.1611797381199,0 -48.6625567791491,-28.1611744829644,0 -48.6625526337759,-28.1611694227246,0 -48.6625504571589,-28.1611669855531,0 -48.6625458131226,-28.1611623678338,0 -48.6625433252046,-28.1611601869361,0 -48.6625393599316,-28.1611571327162,0 -48.6624147347765,-28.1610690164851,0 -48.6623641930721,-28.1610330818774,0 -48.6623580526812,-28.1610284655877,0 -48.662354090949,-28.1610252489627,0 -48.66234650083,-28.1610184601362,0 -48.6623428825964,-28.1610149068323,0 -48.6623360184864,-28.1610075080953,0 -48.6623331296829,-28.1610041021707,0 -48.6623276721433,-28.1609970881675,0 -48.6623238605155,-28.1609916547292,0 -48.6623186265826,-28.160983273267,0 -48.6623144100435,-28.1609758564037,0 -48.6623063139554,-28.1609609568382,0 -48.6622986177768,-28.1609459556102,0 -48.6622936646259,-28.1609358921059,0 -48.6622840668764,-28.1609156068035,0 -48.6622659753987,-28.1608762467924,0 -48.6622571092325,-28.1608565246939,0 -48.6622441939919,-28.1608267996849,0 -48.6622421656079,-28.1608217750342,0 -48.6622385281364,-28.160811589707,0 -48.6622317766697,-28.1607910644288,0 -48.66222801665,-28.1607808852694,0 -48.6622234731864,-28.1607702422486,0 -48.6622209811453,-28.1607649932502,0 -48.6622168727639,-28.1607572896573,0 -48.662212229844,-28.1607498209029,0 -48.6622096615123,-28.1607461946558,0 -48.6622037257468,-28.1607387126366,0 -48.6621954864991,-28.1607289988931,0 -48.6621914806666,-28.1607240671398,0 -48.6621828085571,-28.1607127125879,0 -48.6621786592004,-28.1607068939376,0 -48.6621768259066,-28.1607041288907,0 -48.6621734467595,-28.1606984682298,0 -48.6621704575229,-28.1606926512155,0 -48.6621686807462,-28.1606886871289,0 -48.6621656496039,-28.1606805960536,0 -48.6621619017711,-28.1606679989177,0 -48.6621574126435,-28.1606511128328,0 -48.6621550300063,-28.1606426897366,0 -48.6621489232339,-28.1606229519698,0 -48.6621457262075,-28.1606131161546,0 -48.6621406801132,-28.1605984399341,0 -48.6621324706432,-28.1605765818104,0 -48.6621315201406,-28.160574427159,0 -48.6621292270138,-28.1605703187792,0 -48.6621264598405,-28.1605664638935,0 -48.662124385703,-28.1605640014808,0 -48.6621198347934,-28.1605593038333,0 -48.6621123145755,-28.1605525888832,0 -48.662102021585,-28.1605437057865,0 -48.6620972050779,-28.1605390487614,0 -48.6620928633956,-28.1605341024591,0 -48.6620909354676,-28.1605314888936,0 -48.662088408749,-28.1605273495394,0 -48.6620831438824,-28.1605166484865,0 -48.662080868828,-28.1605112231079,0 -48.66207800456,-28.1605029454351,0 -48.6620759181943,-28.160494500412,0 -48.6620752075433,-28.160490202624,0 -48.6620738001533,-28.160477194418,0 -48.662073204496,-28.1604685220733,0 -48.6620725332791,-28.1604511780045,0 -48.6620725324487,-28.1604479293312,0 -48.6620729388369,-28.1604414130692,0 -48.6620740874855,-28.1604283945412,0 -48.6620741166328,-28.1604218806486,0 -48.6620735243348,-28.1604168265491,0 -48.6620729481406,-28.1604142900361,0 -48.6620717058416,-28.1604105515058,0 -48.6620699920808,-28.1604069761965,0 -48.6620689493891,-28.1604052891783,0 -48.662066472337,-28.1604021524198,0 -48.6620650268422,-28.1604007289236,0 -48.6620625947616,-28.1603988105605,0 -48.6620596939253,-28.1603969023663,0 -48.6620537936536,-28.1603933910415,0 -48.6620419016101,-28.1603868900063,0 -48.6620360395957,-28.1603835054474,0 -48.662003785451,-28.1603638625147,0 -48.6619878394218,-28.1603536740579,0 -48.6619794768988,-28.1603477746425,0 -48.6619741812952,-28.1603436326098,0 -48.6619707716228,-28.1603407773086,0 -48.6619641911626,-28.1603348543549,0 -48.6619594550619,-28.1603302438571,0 -48.6619503486511,-28.160320632594,0 -48.6619416189407,-28.1603105580047,0 -48.6619245077117,-28.160289341981,0 -48.6619218260219,-28.1602857859367,0 -48.6619170972211,-28.160278496341,0 -48.661913126456,-28.1602710385058,0 -48.6619108841767,-28.1602659925754,0 -48.6619095423035,-28.1602626042493,0 -48.6619072270783,-28.1602557975434,0 -48.6619064425309,-28.1602525266749,0 -48.661906194711,-28.1602508350566,0 -48.6619060166203,-28.1602482513718,0 -48.6619061836833,-28.1602443116668,0 -48.6619068899312,-28.1602403806191,0 -48.6619074513957,-28.1602384500439,0 -48.6619090195899,-28.1602346873651,0 -48.6619100158064,-28.1602328815163,0 -48.6619118022289,-28.1602303137576,0 -48.6619136799418,-28.1602282343887,0 -48.6619150410456,-28.1602269942961,0 -48.6619179805545,-28.1602247799615,0 -48.6619273536093,-28.1602188403262,0 -48.6619302533284,-28.1602165983269,0 -48.6619315937071,-28.1602153397067,0 -48.6619381678723,-28.1602089194121,0 -48.6619410109348,-28.1602055392216,0 -48.6619424368924,-28.16020314539,0 -48.661942953005,-28.1602019002291,0 -48.661943432666,-28.1601999594453,0 -48.6619438353514,-28.1601955000354,0 -48.6619438497204,-28.1601924955879,0 -48.6619433502057,-28.1601864325132,0 -48.6619428773071,-28.1601833751366,0 -48.661941595053,-28.1601772447249,0 -48.6619399877372,-28.1601711175734,0 -48.6619364732668,-28.1601590211612,0 -48.6619300802864,-28.1601355876168,0 -48.6619244439664,-28.1601147927959,0 -48.6619214618825,-28.1601044468313,0 -48.6619166051838,-28.1600890072451,0 -48.6619110738816,-28.1600736998746,0 -48.6619079808614,-28.1600661127421,0 -48.6619028712065,-28.1600548195634,0 -48.6618981664787,-28.1600455087092,0 -48.6618948684224,-28.1600394066535,0 -48.6618879205772,-28.1600274322407,0 -48.6618842819587,-28.1600215319878,0 -48.6618767254049,-28.1600099172587,0 -48.6618688297125,-28.1599984674586,0 -48.661863404707,-28.1599909038323,0 -48.661852237409,-28.1599758796511,0 -48.6618358042024,-28.1599543772615,0 -48.6618272667874,-28.159943891263,0 -48.6618182642869,-28.1599337040686,0 -48.6618135362876,-28.1599287506104,0 -48.6618016766524,-28.1599169896949,0 -48.6617936070598,-28.1599093087579,0 -48.6617771573917,-28.1598941943575,0 -48.661761875916,-28.1598806248319,0 -48.6617309263065,-28.159853893309,0 -48.6617215042098,-28.1598461716463,0 -48.6617150454503,-28.1598411979878,0 -48.661701857079,-28.1598315616031,0 -48.6616750234115,-28.15981266983,0 -48.6616617858716,-28.159802951647,0 -48.6616489353538,-28.1597927526915,0 -48.6616427086594,-28.1597873947404,0 -48.661638479163,-28.1597834069307,0 -48.6616358001098,-28.1597806450554,0 -48.6616308040695,-28.1597749022467,0 -48.6616284663803,-28.1597719303219,0 -48.6616240688863,-28.1597658094828,0 -48.6616200218821,-28.1597594875615,0 -48.6616174989211,-28.159755176992,0 -48.6616127927963,-28.1597463892831,0 -48.6616094181536,-28.1597396096373,0 -48.6616030247273,-28.1597260024533,0 -48.6615970409527,-28.1597123025867,0 -48.6615932294335,-28.1597031242809,0 -48.6555634511834,-28.1618661236921,0 -48.6555570632827,-28.1618601602333,0 -48.6555531034083,-28.1618564109122,0 -48.6555449966361,-28.1618490539042,0 -48.6555391236485,-28.1618433861833,0 -48.6555337554412,-28.1618373388545,0 -48.6555313622975,-28.1618340949315,0 -48.6555293254104,-28.1618309562374,0 -48.6555257291328,-28.1618245245661,0 -48.6555164081107,-28.1618046858024,0 -48.6555119352642,-28.161794566972,0 -48.655506481431,-28.1617808759456,0 -48.65550352335,-28.1617741302828,0 -48.6555001339653,-28.1617675578675,0 -48.6554982057195,-28.1617643670637,0 -48.6554949800648,-28.1617597188862,0 -48.6554918964732,-28.1617558226606,0 -48.6554853114333,-28.161748356234,0 -48.6554783095754,-28.161741225212,0 -48.6554636834262,-28.161727494959,0 -48.6554527273198,-28.1617171835941,0 -48.655447436788,-28.1617118777494,0 -48.6554005123552,-28.1616634149783,0 -48.655377271292,-28.1616390163786,0 -48.6553485599658,-28.1616076666261,0 -48.6553423407723,-28.1616010633666,0 -48.6553296971786,-28.1615880345169,0 -48.6553203827991,-28.1615780673675,0 -48.6553175078271,-28.1615746070201,0 -48.65531572732,-28.1615722216823,0 -48.6553124524803,-28.1615672934477,0 -48.6553081019306,-28.1615596036937,0 -48.6553001784984,-28.1615438404408,0 -48.6552989317559,-28.1615412566259,0 -48.6552967975516,-28.1615359415005,0 -48.6552912881972,-28.1615196688796,0 -48.6552890200996,-28.1615144241549,0 -48.6552876785765,-28.161511883875,0 -48.655285337947,-28.1615081986258,0 -48.6552831026549,-28.1615051826436,0 -48.6552783823419,-28.1614993182241,0 -48.6552632873969,-28.1614824392125,0 -48.655258267023,-28.1614772552898,0 -48.6552478396256,-28.161467178757,0 -48.6552430596198,-28.1614618006942,0 -48.655242800616,-28.1614614531648,0 -48.6552409135142,-28.1614589123518,0 -48.6552396149488,-28.161456824391,0 -48.6552375700489,-28.1614524580189,0 -48.6552361137886,-28.1614479128341,0 -48.6552340558653,-28.1614385298036,0 -48.6552324398218,-28.1614315091855,0 -48.6552313333182,-28.1614280796754,0 -48.6552263530218,-28.1614145322248,0 -48.6552235482583,-28.1614078525146,0 -48.6552202592727,-28.1614012366544,0 -48.6552183659321,-28.1613979561282,0 -48.6552174007192,-28.1613965677736,0 -48.6552149990462,-28.161394171796,0 -48.6552121594891,-28.161392165382,0 -48.6552058698981,-28.1613887913878,0 -48.6552046596963,-28.1613882651071,0 -48.6552020707268,-28.1613875621143,0 -48.6551938557001,-28.1613864830019,0 -48.6551913067436,-28.1613858258526,0 -48.6551901263792,-28.1613853276184,0 -48.655188499424,-28.1613843073704,0 -48.6551849390746,-28.1613813590091,0 -48.6551781680151,-28.1613752154977,0 -48.6551718848131,-28.1613687559723,0 -48.6551679427634,-28.1613642761517,0 -48.6551606119157,-28.1613549652695,0 -48.6551342403158,-28.1613186567376,0 -48.6551289463201,-28.161312115025,0 -48.6551214453724,-28.1613035948035,0 -48.6551179264638,-28.1612992307192,0 -48.6551147879221,-28.1612946925161,0 -48.6551134345849,-28.1612923238545,0 -48.655111700432,-28.1612886396281,0 -48.6551032125188,-28.1612670197884,0 -48.6550869142123,-28.1612236292521,0 -48.6550400795979,-28.1610929884706,0 -48.6549639059285,-28.1608838059566,0 -48.6549355971086,-28.1608056337838,0 -48.6549210227251,-28.160766658079,0 -48.6549109048644,-28.1607407968133,0 -48.6549056980617,-28.1607279222981,0 -48.6548976490238,-28.1607086917944,0 -48.6548864145809,-28.1606832266381,0 -48.6548805514944,-28.1606705842953,0 -48.6548714102902,-28.1606517415079,0 -48.6548618201831,-28.16063305294,0 -48.6548568506532,-28.1606237736801,0 -48.6548399578492,-28.1605931764378,0 -48.65482852955,-28.1605728686783,0 -48.654805302571,-28.1605324544308,0 -48.6547698005832,-28.1604721783074,0 -48.6546979472449,-28.1603520261731,0 -48.6546211720046,-28.1602233257987,0 -48.6545826234512,-28.160159063708,0 -48.6545244404564,-28.160062848322,0 -48.6545131063374,-28.1600447802464,0 -48.6545052925027,-28.1600328622502,0 -48.6544891406768,-28.1600092975892,0 -48.6544724609816,-28.1599860036448,0 -48.6544383363913,-28.1599397991538,0 -48.6544128450768,-28.1599050938359,0 -48.6543962728208,-28.1598817472035,0 -48.6543881893735,-28.1598699694196,0 -48.6543763814408,-28.1598521454425,0 -48.6543650492426,-28.1598340768384,0 -48.6543595774538,-28.159824951418,0 -48.6543512873733,-28.1598106252523,0 -48.6543352512652,-28.1597817300149,0 -48.6543197704044,-28.159752591512,0 -48.6542894974176,-28.1596940201061,0 -48.6542742121477,-28.1596648039952,0 -48.6542664251838,-28.1596502606533,0 -48.6542544753939,-28.1596285726451,0 -48.6542434075083,-28.1596091284768,0 -48.6542206693259,-28.159570481492,0 -48.65420522667,-28.1595448356965,0 -48.6541741313217,-28.1594936308191,0 -48.6541510773601,-28.1594551050774,0 -48.6541360538012,-28.1594292770111,0 -48.6541286709471,-28.1594162924925,0 -48.6541178249309,-28.1593967348154,0 -48.6541021428199,-28.1593671418101,0 -48.6540941882856,-28.1593514231231,0 -48.6540788438108,-28.1593197696298,0 -48.6540640539933,-28.1592878998471,0 -48.654035233699,-28.1592238764549,0 -48.6540092312083,-28.15859005995,0 -48.6538625107995,-28.1578083315219,0 -48.6538171406794,-28.1575172578653,0 -48.6538059062324,-28.1572420464321,0 -48.6539081741722,-28.1567533754902,0 -48.6538852855391,-28.1566313007337,0 -48.6538738542392,-28.1564233823557,0 -48.6538852849605,-28.1562822407355,0 -48.6539272386887,-28.156089595787,0 -48.653953316103,-28.1560003338126,0 -48.6539196200874,-28.1557599808423,0 -48.6539226184182,-28.1556225238212,0 -48.6539911130095,-28.1554460806341,0 -48.6542934586572,-28.155116847741,0 -48.6543735749433,-28.1549699778417,0 -48.6545511162448,-28.1547715492874,0 -48.6545967545339,-28.1545741742856,0 -48.6547697860306,-28.1541493330835,0 -48.654923601737,-28.1537037453814,0 -48.6549639263135,-28.1536617216177,0 -48.6549939164501,-28.1536300146842,0 -48.6551030888826,-28.1535119341394,0 -48.6551574799005,-28.1534527371138,0 -48.6552387854579,-28.1533637563596,0 -48.6553196990592,-28.1532745072503,0 -48.6553600009264,-28.153229776213,0 -48.6553834251603,-28.1532031626424,0 -48.6553987307239,-28.1531852165012,0 -48.6554087970023,-28.1531731718517,0 -48.6554286788153,-28.1531488981739,0 -48.6554433812413,-28.1531305716211,0 -48.6554723958849,-28.1530936326178,0 -48.655558206429,-28.1529819546111,0 -48.6555871218746,-28.1529448877678,0 -48.6556017661552,-28.1529264610714,0 -48.6556240282098,-28.1528989976318,0 -48.6556467421287,-28.1528718123241,0 -48.6556582954791,-28.1528583315212,0 -48.655668002466,-28.1528473457766,0 -48.6556745939908,-28.1528401231326,0 -48.6556880771014,-28.1528259082219,0 -48.6556949686872,-28.1528189159553,0 -48.6557090417658,-28.1528051715384,0 -48.6557235160098,-28.1527917225611,0 -48.6557333793459,-28.1527829137015,0 -48.6557536571975,-28.1527656931174,0 -48.655770175211,-28.1527523512665,0 -48.6557812986571,-28.1527436273074,0 -48.6558038331476,-28.1527265538377,0 -48.6558152340168,-28.1527181865302,0 -48.6558382941065,-28.1527017713424,0 -48.6558616916627,-28.1526857231949,0 -48.6558774764967,-28.1526752021954,0 -48.6559094759629,-28.1526545100913,0 -48.6559337824947,-28.1526392622563,0 -48.6559500347694,-28.1526292454416,0 -48.6559827353387,-28.1526095400821,0 -48.6559991737074,-28.1525998508165,0 -48.6560322683509,-28.1525807656839,0 -48.6560656602878,-28.1525620375369,0 -48.656088101099,-28.1525497442517,0 -48.6561334816928,-28.1525255550135,0 -48.6561646762246,-28.1525095769364,0 -48.6561855673648,-28.1524992512402,0 -48.6561995590739,-28.1524925159486,0 -48.6562276676967,-28.152479372975,0 -48.6562488781214,-28.1524697923407,0 -48.6562630939578,-28.1524635212742,0 -48.6562916926331,-28.1524512705685,0 -48.6563060858059,-28.1524452729325,0 -48.6563350801029,-28.1524335433541,0 -48.656364362745,-28.1524221254514,0 -48.6563840611505,-28.1524146666969,0 -48.6564238981169,-28.1524001086175,0 -48.6564471003629,-28.152392105688,0 -48.65645877655,-28.1523883805875,0 -48.6564763972061,-28.1523832862665,0 -48.6564882305647,-28.1523803040112,0 -48.6564941647004,-28.1523789527877,0 -48.6565031119076,-28.1523771387636,0 -48.6565151074711,-28.1523751246816,0 -48.6565211418223,-28.1523743071605,0 -48.6565302233427,-28.1523733440817,0 -48.6565439432574,-28.1523725231635,0 -48.6565734736798,-28.1523717200393,0 -48.6566325133189,-28.1523705738049,0 -48.6566915510962,-28.1523699694145,0 -48.656730911697,-28.1523698036828,0 -48.6568096337633,-28.1523698604526,0 -48.6568284277716,-28.1523698031581,0 -48.6568660429432,-28.1523693547432,0 -48.6568942436173,-28.152369295939,0 -48.6569130283932,-28.1523696625238,0 -48.6569224068994,-28.1523700124437,0 -48.6569364688554,-28.1523708037681,0 -48.6570581519252,-28.1523797251085,0 -48.6572303854517,-28.1523921369989,0 -48.6572469294039,-28.1523934845704,0 -48.6572579422531,-28.1523945392548,0 -48.6572799089086,-28.1523969631696,0 -48.6573127883823,-28.1524012975098,0 -48.6573346663577,-28.1524045410118,0 -48.6573783904271,-28.1524115506375,0 -48.6573829633859,-28.1524123866507,0 -48.6573919480778,-28.1524144717067,0 -48.6574007576427,-28.1524170945665,0 -48.6574065468768,-28.1524191155935,0 -48.6574179999971,-28.1524237778083,0 -48.6574204489146,-28.1524249112158,0 -48.6574251285865,-28.152427409453,0 -48.6574295578427,-28.1524301649949,0 -48.6574324060745,-28.1524321357086,0 -48.657437893354,-28.1524363527688,0 -48.6574432932845,-28.1524412996815,0 -48.6574529657379,-28.1524519766086,0 -48.6574580124408,-28.1524572512102,0 -48.6574607673307,-28.1524597704889,0 -48.6574706782003,-28.1524679165613,0 -48.6574758496307,-28.1524716865451,0 -48.6574812202982,-28.1524751526391,0 -48.6574839952215,-28.1524767520186,0 -48.6574897458973,-28.1524796023073,0 -48.6574927224628,-28.152480844419,0 -48.6574973495338,-28.1524824484975,0 -48.6575011162135,-28.152483388016,0 -48.6575036823059,-28.152483820166,0 -48.6575089059255,-28.1524842520681,0 -48.6575115522941,-28.1524842791649,0 -48.6575168719683,-28.1524840094493,0 -48.6575221690717,-28.1524833780796,0 -48.6575256639645,-28.1524827885744,0 -48.6575324853508,-28.1524813533548,0 -48.6575408712008,-28.1524791237841,0 -48.6575574953289,-28.1524739941016,0 -48.6575659257084,-28.1524716028307,0 -48.6575702237932,-28.1524705666677,0 -48.6575924303651,-28.1524657406445,0 -48.6576035658235,-28.152463476599,0 -48.6576202983404,-28.152460388604,0 -48.6576370397517,-28.1524578052123,0 -48.6576454004823,-28.1524567575863,0 -48.6576620681729,-28.152455219836,0 -48.6576703853182,-28.1524547755952,0 -48.6576827993599,-28.1524545732552,0 -48.6576920529661,-28.1524550382881,0 -48.65769820692,-28.1524557476853,0 -48.6577022854397,-28.1524563769738,0 -48.6577104354405,-28.1524579873356,0 -48.6577165221605,-28.1524594445518,0 -48.6577286841557,-28.1524628560815,0 -48.657765190735,-28.1524745421455,0 -48.6577774643774,-28.1524779913771,0 -48.657783641805,-28.1524794776775,0 -48.6577929473178,-28.1524812972444,0 -48.6578023376587,-28.1524825312015,0 -48.6578070632658,-28.1524828917927,0 -48.6578570314199,-28.1524855329744,0 -48.6578820612879,-28.1524866197378,0 -48.6579196312214,-28.1524877948645,0 -48.6579446766012,-28.152488169259,0 -48.6579571977852,-28.1524882115912,0 -48.6579759623397,-28.1524880814925,0 -48.658057522342,-28.1524868781412,0 -48.6581730194629,-28.1524865828044,0 -48.6583024724727,-28.1524578156948,0 -48.6583431862228,-28.152462911575,0 -48.6584534166107,-28.1524476082151,0 -48.6584954192733,-28.1524483264417,0 -48.658569733878,-28.1524495971564,0 -48.6586602019748,-28.1524511440271,0 -48.6587571328406,-28.1524528013354,0 -48.6588379096036,-28.152454182391,0 -48.6589025279125,-28.1524552871481,0 -48.6589994606622,-28.152456944317,0 -48.6590895548834,-28.1524756728285,0 -48.6592052484046,-28.1525063003325,0 -48.6592753966966,-28.1525504699634,0 -48.6593848152081,-28.1525723928693,0 -48.6594457052672,-28.1525963532395,0 -48.6594679495594,-28.1526139223176,0 -48.659522566346,-28.1526291787925,0 -48.6595579823401,-28.1526355137399,0 -48.6595927142001,-28.1526733499136,0 -48.6596117891634,-28.1526879988882,0 -48.6596369517967,-28.152719942428,0 -48.6596752880282,-28.1527406502138,0 -48.6597069128687,-28.1527727036359,0 -48.6597314531776,-28.1528332824388,0 -48.6597720847153,-28.1528970038073,0 -48.6597808447061,-28.1529401240419,0 -48.6597928339281,-28.152983299464,0 -48.6597948825039,-28.1530377658978,0 -48.6598422878668,-28.1530872778539,0 -48.6598737259628,-28.1531279219359,0 -48.659885778136,-28.1531682347168,0 -48.6599107540791,-28.1532087683562,0 -48.6599487790273,-28.1532437953642,0 -48.6599964985366,-28.1532789880307,0 -48.6600214745455,-28.1533195216534,0 -48.660062231065,-28.1533775132561,0 -48.6601242361053,-28.1534988932547,0 -48.6601735030925,-28.153611461682,0 -48.6606652568877,-28.1526140027173,0 -48.6629961738168,-28.1484130381493,0 -48.6590651545421,-28.1438073845582,0 -48.6587734253772,-28.1436859016982,0 -48.6513531682094,-28.1407176043611,0 -48.6513365996304,-28.1403809962799,0 -48.6511687677572,-28.1400744533072,0 -48.6510560836034,-28.1399264191314,0 -48.6509567138653,-28.1398848373831,0 -48.6505818666337,-28.1397387598771,0 -48.6504112350822,-28.1396594398993,0 -48.6501659016555,-28.1394489664843,0 -48.6500512246201,-28.1392245025575,0 -48.6497521329367,-28.138861274816,0 -48.6496811311436,-28.1386595234984,0 -48.6497379263721,-28.1382785289123,0 -48.6496902678728,-28.1377477298956,0 -48.6496191320662,-28.1374718586374,0 -48.6494751076581,-28.1369944233061,0 -48.6493988248181,-28.1367878060268,0 -48.6493170432513,-28.1364233114166,0 -48.649264813786,-28.1362650744283,0 -48.649153900641,-28.1356711189668,0 -48.6490667837342,-28.1352208104376,0 -48.6490238521482,-28.1349670196818,0 -48.648985469172,-28.1347515032848,0 -48.6489058891626,-28.1344493362234,0 -48.6487245054331,-28.1336297656248,0 -48.6484211946521,-28.1332139411868,0 -48.6482927449588,-28.1329300347649,0 -48.648228382387,-28.1326711012424,0 -48.6481487032156,-28.1323737073464,0 -48.648089515535,-28.1321244108579,0 -48.6480377992765,-28.1317797518459,0 -48.6479999402819,-28.1315403708372,0 -48.647988168636,-28.1313396339923,0 -48.6480872899748,-28.1311399307629,0 -48.6481409382591,-28.1310032600868,0 -48.6481150988593,-28.1307067904011,0 -48.6478400634377,-28.1301807758957,0 -48.6477974951302,-28.1297129941069,0 -48.6477929832795,-28.1294264387798,0 -48.6477958146331,-28.1291477382133,0 -48.6475407328984,-28.1289537031971,0 -48.6472155691478,-28.1287385290425,0 -48.6469914313153,-28.1286439621295,0 -48.6468165807024,-28.1285120461917,0 -48.6467503467036,-28.1283390208183,0 -48.6465357666319,-28.1280536336558,0 -48.6462766969309,-28.1275860453656,0 -48.6459921569444,-28.1271773940978,0 -48.6457188773646,-28.1266763831039,0 -48.6454455999921,-28.1262664666316,0 -48.6453545074679,-28.1260842814194,0 -48.6451730192394,-28.1258434480978,0 -48.6449753353579,-28.1256417044058,0 -48.644580219172,-28.1252644465787,0 -48.6441703015689,-28.1248089827047,0 -48.6438059287233,-28.1244901565762,0 -48.6436237434523,-28.124307972363,0 -48.6434767662493,-28.1241097492741,0 -48.6432551475115,-28.1239006295997,0 -48.6430340094076,-28.1237486652282,0 -48.6427583611854,-28.1235792293325,0 -48.6424850838118,-28.1234425905874,0 -48.6421662588137,-28.1232148591402,0 -48.6419571150963,-28.1229399785882,0 -48.6418299259989,-28.1227563925559,0 -48.641717273246,-28.1225611551651,0 -48.6414877826401,-28.1223426206614,0 -48.6413449745934,-28.1221011593235,0 -48.6412402463822,-28.1217778848432,0 -48.6412036971273,-28.121420733872,0 -48.6410800198879,-28.1210776924449,0 -48.6409325914467,-28.120766720811,0 -48.6407543229269,-28.1203909825532,0 -48.640632796298,-28.1201933810738,0 -48.6405265903353,-28.1199810639375,0 -48.6404058607564,-28.1197358857252,0 -48.6403378025396,-28.119639183577,0 -48.6402907209836,-28.1193376122649,0 -48.6403168016205,-28.1191136232886,0 -48.640499845609,-28.11865976536,0 -48.6405392979061,-28.1183153527692,0 -48.6405565446954,-28.1180196223874,0 -48.6406017406501,-28.1177468543251,0 -48.6406757633415,-28.1175765715548,0 -48.6406072865663,-28.1172730167035,0 -48.6404856549433,-28.1169196192442,0 -48.6403346868144,-28.1165929713093,0 -48.6401998462434,-28.1163566924021,0 -48.6401309516539,-28.1160806338067,0 -48.6400366693449,-28.1156624734987,0 -48.6397942990128,-28.1152734404408,0 -48.6396832810027,-28.1150596086362,0 -48.6395280623686,-28.1147704596047,0 -48.6394099085014,-28.1145592962672,0 -48.6393543149464,-28.1142947813706,0 -48.639251289538,-28.1141055803849,0 -48.6392620376391,-28.1141022569342,0 -48.639242445423,-28.1140953995887,0 -48.6391214712719,-28.1139022805408,0 -48.6389924856139,-28.1137210971907,0 -48.6389323037494,-28.1136514561139,0 -48.6567063932117,-28.1085957560281,0 -48.6644889300284,-28.0877901632144,0 -48.6643787587099,-28.0876384660802,0 -48.6642615127247,-28.0874836794502,0 -48.664114620142,-28.0871068429348,0 -48.6639766689917,-28.0867148794463,0 -48.6639482491517,-28.0862613332458,0 -48.6639003073324,-28.0858655972,0 -48.6638352038691,-28.0848942762203,0 -48.663683817886,-28.0835318709778,0 -48.6636682380664,-28.0830579591225,0 -48.6635191823769,-28.0819858933021,0 -48.6634438265491,-28.0814880443751,0 -48.663386189035,-28.0809675785171,0 -48.663311497604,-28.0804391819755,0 -48.6632204127997,-28.0798723093319,0 -48.6631200567994,-28.0793358364363,0 -48.6630778232231,-28.0788996659991,0 -48.6629940262281,-28.0783940339833,0 -48.6629973229134,-28.0778440471888,0 -48.6630009519521,-28.077278788514,0 -48.6630277651621,-28.0768361552773,0 -48.6630474550117,-28.076324645538,0 -48.6630643350317,-28.0759429596413,0 -48.6631010770896,-28.0754393809972,0 -48.6631114950014,-28.0749582704094,0 -48.6631113189549,-28.0745686548469,0 -48.6631278654595,-28.0742022406686,0 -48.6631389440987,-28.0736905840251,0 -48.663122211066,-28.073270129137,0 -48.6630965338314,-28.0728647977346,0 -48.6630908883591,-28.0723299395865,0 -48.6630281059205,-28.0712517015519,0 -48.662977415782,-28.0704104965036,0 -48.6629620038019,-28.0699289456494,0 -48.6629449384228,-28.0695237624593,0 -48.66285648091,-28.0680401964186,0 -48.6627948455596,-28.0665112484208,0 -48.6627159899539,-28.0649820085123,0 -48.6627109338853,-28.0647030994255,0 -48.63556419784,-28.0750195247863,0 -48.6332329893625,-28.0811239030176,0 -48.6285820408986,-28.0818729434409,0 -48.628327015144,-28.0819163708688,0 -48.6283406078937,-28.0819133847979,0 -48.6283599609309,-28.0819089645979,0 -48.6283985781103,-28.0818997613858,0 -48.6284178317004,-28.0818949781912,0 -48.6284562797664,-28.0818850500557,0 -48.6284946714874,-28.0818746341059,0 -48.6285202512924,-28.0818674159924,0 -48.6285714293226,-28.081852339041,0 -48.6285849140495,-28.0818480519494,0 -48.6285937708677,-28.0818450109547,0 -48.628611168545,-28.0818384724681,0 -48.6286197377626,-28.081834984278,0 -48.6286366166943,-28.0818275253919,0 -48.628653236809,-28.081819439725,0 -48.6286641854448,-28.0818136917979,0 -48.6286714374833,-28.081809702814,0 -48.6286858623368,-28.081801317601,0 -48.6286976537113,-28.0817938968613,0 -48.628705225747,-28.0817887679282,0 -48.6287101554208,-28.0817852619671,0 -48.6287197239034,-28.0817780643823,0 -48.6287266812284,-28.081772482599,0 -48.6287312206135,-28.0817686813168,0 -48.6287400722293,-28.0817608760177,0 -48.6287528646955,-28.0817486455947,0 -48.6287611090031,-28.0817401353476,0 -48.6287665071324,-28.0817343002638,0 -48.6287770878221,-28.0817222392186,0 -48.6287895768971,-28.0817071437021,0 -48.6287945582416,-28.0817008344083,0 -48.6287955731236,-28.0816995506226,0 -48.6288042265052,-28.08168807911,0 -48.6288124494193,-28.0816764734913,0 -48.6288163932432,-28.0816706132633,0 -48.6288239075041,-28.0816587607895,0 -48.6288274677886,-28.0816527501948,0 -48.6288325617175,-28.0816436347681,0 -48.6288388560287,-28.081631265012,0 -48.62884177984,-28.0816249724637,0 -48.628845886832,-28.0816153889417,0 -48.6288496214421,-28.0816056277107,0 -48.6288513601985,-28.0816006771354,0 -48.6288571531849,-28.081583345062,0 -48.6288682721523,-28.081548655218,0 -48.6288787809769,-28.0815139542742,0 -48.6288854447585,-28.0814907903492,0 -48.6288897395434,-28.0814753455454,0 -48.6288979800672,-28.0814444311789,0 -48.6289066910226,-28.0814096000234,0 -48.6289121743601,-28.0813863529087,0 -48.6289156896892,-28.0813708312972,0 -48.6289223768765,-28.0813397639626,0 -48.6289270892279,-28.0813164220134,0 -48.6289300891234,-28.0813008463326,0 -48.6289357696236,-28.0812696442927,0 -48.6289384330544,-28.0812540082746,0 -48.6289434447527,-28.0812226955444,0 -48.628948020868,-28.0811913119522,0 -48.6289508419779,-28.0811703373085,0 -48.628955896903,-28.0811282699288,0 -48.6289616984999,-28.0810748014092,0 -48.6289644248599,-28.0810480509165,0 -48.6289681448886,-28.081007927601,0 -48.6289712752647,-28.0809677935413,0 -48.6289725606163,-28.0809477313114,0 -48.6289739299463,-28.0809209656203,0 -48.6289744580807,-28.0809075853006,0 -48.6289750317105,-28.0808875008545,0 -48.6289753699398,-28.0808573888385,0 -48.6289749464451,-28.0807910180249,0 -48.6289744344881,-28.0807578321094,0 -48.6289733007492,-28.0807080425068,0 -48.6289717093647,-28.0806582538043,0 -48.6289707506313,-28.0806333615909,0 -48.6289684777249,-28.080583561107,0 -48.6289671608636,-28.080558662152,0 -48.6289649905716,-28.0805213150296,0 -48.6289616926967,-28.0804715061893,0 -48.6289598693511,-28.0804465984787,0 -48.6289569262866,-28.0804092385482,0 -48.6289520131974,-28.0803531936147,0 -48.6289488434833,-28.0803215136598,0 -48.6289470646963,-28.0803057110827,0 -48.6289441358877,-28.0802820564059,0 -48.6289390438435,-28.080246644091,0 -48.628935136113,-28.0802230897935,0 -48.6289330043113,-28.0802113145252,0 -48.628929585359,-28.0801936607399,0 -48.6289260868883,-28.0801765739141,0 -48.6289187666292,-28.0801424767294,0 -48.6289110513391,-28.0801084982779,0 -48.6289057086864,-28.0800859032963,0 -48.6288945726958,-28.0800408217419,0 -48.6288858627067,-28.0800070970442,0 -48.6288799063678,-28.0799846533624,0 -48.6288676637546,-28.0799398329884,0 -48.6288486115295,-28.07987271664,0 -48.6288355547341,-28.0798280171133,0 -48.6288089129377,-28.0797385819407,0 -48.6287530836569,-28.0795524229637,0 -48.6287245733845,-28.0794596082516,0 -48.6287050620554,-28.0793979062561,0 -48.6286951097043,-28.0793671195948,0 -48.628679876411,-28.0793210199685,0 -48.6286589437667,-28.0792597449795,0 -48.6286481703047,-28.0792291968965,0 -48.6286315727749,-28.0791834977286,0 -48.6286144167963,-28.0791379513643,0 -48.6286056176014,-28.0791152420947,0 -48.6285895644792,-28.0790749751913,0 -48.6285813276705,-28.079054901436,0 -48.6285687202182,-28.0790248541788,0 -48.6285491798669,-28.0789799615831,0 -48.6285288386719,-28.0789352891917,0 -48.628518340735,-28.0789130291164,0 -48.6285040161661,-28.0788834478075,0 -48.6284966979289,-28.0788687042957,0 -48.6284855246899,-28.078846630799,0 -48.6284683146591,-28.0788136342013,0 -48.6284545643773,-28.0787880967791,0 -48.628445249625,-28.07877116216,0 -48.6284262866054,-28.078737494772,0 -48.6284166439243,-28.0787207620997,0 -48.6283970595843,-28.0786874810288,0 -48.6283770939681,-28.0786544279665,0 -48.6283635874127,-28.0786325217367,0 -48.6283361417471,-28.0785889540207,0 -48.6283046360022,-28.0785403261024,0 -48.6282833198231,-28.0785080977722,0 -48.6282689785639,-28.0784866821044,0 -48.6282400380012,-28.0784440093136,0 -48.6282181344112,-28.0784121227224,0 -48.6281739461595,-28.0783485411977,0 -48.6280848184606,-28.0782216905918,0 -48.6280403477455,-28.0781581135071,0 -48.628028745498,-28.0781415815291,0 -48.6280051874082,-28.0781087009008,0 -48.627981223013,-28.0780760572081,0 -48.627965066173,-28.0780543936868,0 -48.6279324229199,-28.0780112591959,0 -48.6278336496967,-28.0778823829957,0 -48.6278011168046,-28.0778392322123,0 -48.6277850334677,-28.077817561132,0 -48.6277533674586,-28.0777739561242,0 -48.6277378275732,-28.0777519965026,0 -48.6277149758954,-28.077718821301,0 -48.6277100689342,-28.0777114731047,0 -48.6277006011973,-28.0776966202389,0 -48.6276915398244,-28.0776815849557,0 -48.6276857321217,-28.0776714599136,0 -48.6276746151069,-28.0776509932072,0 -48.6276666863852,-28.0776354449734,0 -48.627661585523,-28.0776249984238,0 -48.627651791819,-28.0776039322982,0 -48.6276470836659,-28.0775933030952,0 -48.6276380218357,-28.0775719065331,0 -48.6276293715289,-28.0775503188317,0 -48.6276238199486,-28.0775358310752,0 -48.6276131055563,-28.0775066827534,0 -48.6276015961361,-28.0774736491794,0 -48.6275941471471,-28.0774515320923,0 -48.6275795172068,-28.0774071659765,0 -48.6275599623184,-28.0773480530899,0 -48.6275498559671,-28.0773186443303,0 -48.6275393567217,-28.077289427031,0 -48.6275339284176,-28.0772748967959,0 -48.6275226013701,-28.0772460528791,0 -48.627516677582,-28.0772317486769,0 -48.6275074201956,-28.077210466027,0 -48.6274987803257,-28.0771917383438,0 -48.6274942948456,-28.0771824484631,0 -48.62748736624,-28.0771686048983,0 -48.627476454269,-28.0771480789437,0 -48.62746487435,-28.0771278569933,0 -48.6274588253792,-28.0771178632451,0 -48.6274461461344,-28.0770981360931,0 -48.6274395156426,-28.0770884125983,0 -48.6274291815514,-28.0770739957648,0 -48.6274149232639,-28.0770548371686,0 -48.6273861180507,-28.0770166862512,0 -48.627356949767,-28.0769787548402,0 -48.6273373329573,-28.0769535580716,0 -48.6272978055927,-28.0769033659628,0 -48.6272379979879,-28.0768283615487,0 -48.6271581502896,-28.0767284421215,0 -48.6271185095867,-28.0766783289609,0 -48.6270792706726,-28.0766279886881,0 -48.627059847152,-28.0766027043606,0 -48.6270310105674,-28.0765646073549,0 -48.6269705176169,-28.0764834015363,0 -48.6269304092878,-28.0764291212656,0 -48.6268505744408,-28.0763203139714,0 -48.6266911875899,-28.0761024513771,0 -48.6266109639728,-28.0759937820708,0 -48.626557046856,-28.0759215596212,0 -48.626529926847,-28.0758855491295,0 -48.6264890046078,-28.0758316511747,0 -48.6264469689908,-28.0757771386255,0 -48.6264257470209,-28.0757500189701,0 -48.6263936452116,-28.0757095099556,0 -48.6263612177717,-28.0756692122802,0 -48.6263448719352,-28.0756491423838,0 -48.6263119466629,-28.0756091791769,0 -48.6262953550197,-28.075589276293,0 -48.6262703045394,-28.0755595367199,0 -48.6262365951039,-28.0755200825527,0 -48.6262196089951,-28.0755004437846,0 -48.6261939600014,-28.0754710997163,0 -48.6261550938983,-28.0754273339939,0 -48.6261201557863,-28.0753886983736,0 -48.62610255464,-28.0753694724463,0 -48.6260759535985,-28.0753407617221,0 -48.6260356444514,-28.0752979633784,0 -48.6259948500757,-28.0752554909085,0 -48.6259742564939,-28.0752343908759,0 -48.6259068123616,-28.0751662467186,0 -48.625872859959,-28.0751324011149,0 -48.625821621152,-28.0750819337971,0 -48.6257699776523,-28.0750318295356,0 -48.6257440028577,-28.0750069190357,0 -48.6256917366283,-28.0749573811148,0 -48.6256654346422,-28.074932753511,0 -48.6256257738398,-28.0748960026253,0 -48.625572493171,-28.0748473678935,0 -48.6255456682551,-28.0748232004234,0 -48.6255052030032,-28.0747871482017,0 -48.6254439606572,-28.0747335210941,0 -48.6252291932648,-28.0745474315207,0 -48.6252159548794,-28.0745359617829,0 -48.6251399699831,-28.0744885579019,0 -48.6250724081655,-28.0744467132948,0 -48.6250271892018,-28.0744190331619,0 -48.6250001050387,-28.0744025936395,0 -48.6249362523887,-28.0743641697695,0 -48.6249258858626,-28.07435808061,0 -48.6249049064069,-28.0743463215195,0 -48.6248835974768,-28.0743350887085,0 -48.6248692192992,-28.0743278743754,0 -48.6248595672062,-28.0743231776626,0 -48.6248401147111,-28.0743140344436,0 -48.6248179815486,-28.0743041140151,0 -48.6248031078105,-28.0742976940319,0 -48.6247730975626,-28.0742852553852,0 -48.6247579715768,-28.074279209919,0 -48.6247275303745,-28.0742673949158,0 -48.6246968819199,-28.0742558566294,0 -48.6246352059828,-28.0742331606237,0 -48.6246177617589,-28.0742269670619,0 -48.6246090189205,-28.074224036236,0 -48.6245958348464,-28.0742198923897,0 -48.6245825418493,-28.0742160710249,0 -48.6245758440697,-28.0742143040157,0 -48.624562345146,-28.0742110655903,0 -48.6245555330509,-28.074209612158,0 -48.6245452080429,-28.0742076468632,0 -48.6245368361175,-28.0742062567365,0 -48.6245200740691,-28.0742039365607,0 -48.6245032773522,-28.0742021477694,0 -48.6244920576913,-28.0742011957066,0 -48.6244695646127,-28.0741997593024,0 -48.6244433963848,-28.0741986656774,0 -48.6244302911647,-28.0741983302459,0 -48.624410629966,-28.0741981070745,0 -48.6243811454747,-28.074198399423,0 -48.6243682662988,-28.0741988801987,0 -48.6243618264332,-28.0741992742296,0 -48.6243522084068,-28.0742000548927,0 -48.6243378056127,-28.0742017180907,0 -48.6243234344206,-28.0742040046886,0 -48.6243162602332,-28.0742054053665,0 -48.6243098196865,-28.0742068457339,0 -48.6242972125424,-28.0742102279533,0 -48.6242848873147,-28.0742142010102,0 -48.6242767788069,-28.0742171192353,0 -48.6242606278056,-28.0742234260331,0 -48.6242432749211,-28.0742307407423,0 -48.6242347872433,-28.0742346089831,0 -48.6242223221308,-28.0742407901651,0 -48.6242101486461,-28.0742475722657,0 -48.6242041758362,-28.074251231282,0 -48.6241832464738,-28.0742649262597,0 -48.6241696301053,-28.0742742997949,0 -48.6241606910215,-28.0742806505276,0 -48.6241431244427,-28.074293610164,0 -48.6241302103345,-28.0743035460176,0 -48.6241217083177,-28.0743102650328,0 -48.6241049498508,-28.0743239424682,0 -48.6240966892621,-28.0743308914545,0 -48.6240803670997,-28.0743449999398,0 -48.6240642719368,-28.0743594014776,0 -48.6240536486447,-28.0743691517586,0 -48.6240326140345,-28.0743890073428,0 -48.6239891917503,-28.0744307260865,0 -48.6239677362892,-28.0744516752412,0 -48.6239466103305,-28.0744728019211,0 -48.6239362129435,-28.0744834581691,0 -48.6239158180827,-28.074505021554,0 -48.6239058748387,-28.0745159472532,0 -48.6238912780244,-28.0745325401158,0 -48.6238786897951,-28.074547525548,0 -48.6238725393384,-28.0745551063874,0 -48.6238635170322,-28.0745666169189,0 -48.6238504574111,-28.0745841742631,0 -48.6238380175391,-28.0746021217805,0 -48.6238320464137,-28.0746112581778,0 -48.6238233550521,-28.0746249392828,0 -48.6238062804445,-28.0746524070571,0 -48.6237894965962,-28.0746799789933,0 -48.6237562177793,-28.07473522699,0 -48.6237468758038,-28.0747509900707,0 -48.623728844333,-28.0747827450629,0 -48.62370499025,-28.0748252085409,0 -48.6236926329067,-28.0748463422321,0 -48.6236796688211,-28.074867312314,0 -48.6236728886832,-28.0748777156418,0 -48.6236709250201,-28.0748804968591,0 -48.6236665687018,-28.074885690596,0 -48.6236616931099,-28.0748904424788,0 -48.623658179837,-28.0748933862968,0 -48.623655737846,-28.0748952478016,0 -48.6236506023225,-28.0748987770091,0 -48.6236445090767,-28.0749024608969,0 -48.6236402895369,-28.0749047701766,0 -48.6236315150439,-28.07490908444,0 -48.6236178058192,-28.0749150275804,0 -48.6235992157907,-28.0749225190252,0 -48.6235901106486,-28.0749263407297,0 -48.6235470591458,-28.0749448312518,0 -48.6235255026741,-28.0749535258154,0 -48.6235110316409,-28.0749589595568,0 -48.6235037519359,-28.0749615401865,0 -48.6234927638084,-28.0749652119619,0 -48.6234779652398,-28.0749697016144,0 -48.6234704862321,-28.0749717462523,0 -48.6234591633964,-28.0749745459585,0 -48.6234476956367,-28.0749769906981,0 -48.6234419037011,-28.0749780721813,0 -48.623419797137,-28.0749818310904,0 -48.6234050340246,-28.0749841465926,0 -48.6233754724602,-28.074988380468,0 -48.6233606694698,-28.0749903075741,0 -48.6233310300772,-28.0749938181098,0 -48.6233013387937,-28.0749969218662,0 -48.6232815194573,-28.0749987983998,0 -48.6232418433874,-28.0750021350238,0 -48.6232120493021,-28.0750043525382,0 -48.623192908974,-28.0750056201726,0 -48.6231524234358,-28.0750083000661,0 -48.6230897430362,-28.0750121786712,0 -48.6201725454921,-28.0699017201811,0 -48.6202076195545,-28.0696732424558,0 -48.6202681148668,-28.0694928564149,0 -48.6203220068297,-28.0691237611796,0 -48.6204015303749,-28.0686906531,0 -48.6205147112524,-28.0683178091439,0 -48.6205169010447,-28.0683111323089,0 -48.6205066008675,-28.0681973487094,0 -48.620504906569,-28.0680789088617,0 -48.6205074314474,-28.0679643624645,0 -48.6205090305403,-28.0678918159164,0 -48.620545233443,-28.0678122311404,0 -48.6205817747785,-28.0677173738589,0 -48.6206366272264,-28.0675731765454,0 -48.620759231507,-28.0673509608168,0 -48.6209683655462,-28.0668818390418,0 -48.621032152654,-28.0666188968928,0 -48.621174098814,-28.066339191965,0 -48.621375470127,-28.0661898955417,0 -48.6214174076433,-28.0660454739154,0 -48.621374938328,-28.0658231960757,0 -48.6213349216588,-28.0656849942603,0 -48.621187671149,-28.0655645089212,0 -48.6210706798108,-28.0654020546751,0 -48.6208665911425,-28.0652839258177,0 -48.6207828572651,-28.0651755225741,0 -48.6207592186584,-28.0650758019124,0 -48.6207198761817,-28.064907052703,0 -48.6206722620332,-28.0647228827826,0 -48.6206081052239,-28.0645078675964,0 -48.6205811686517,-28.0643466948337,0 -48.6205478175438,-28.0641172157669,0 -48.6205008771456,-28.0639024990918,0 -48.6204259230177,-28.0637866090189,0 -48.6202923895033,-28.0635933100482,0 -48.6200796974821,-28.0634750293212,0 -48.6198668350478,-28.0633643880891,0 -48.6196889140719,-28.0632314321049,0 -48.6195494906438,-28.063051182383,0 -48.6195054146019,-28.0629608710988,0 -48.6193877568333,-28.0628289607649,0 -48.6191583542942,-28.0626874726255,0 -48.618748505904,-28.0625275733852,0 -48.6185445936545,-28.0624018055334,0 -48.6183933443066,-28.0622311141537,0 -48.6183364513298,-28.0620773392608,0 -48.6182380334336,-28.0618540896118,0 -48.6180874584674,-28.0616528529278,0 -48.6179434143558,-28.0615199756971,0 -48.6179409304237,-28.0614958037551,0 -48.6178426953772,-28.061427062679,0 -48.6176732202559,-28.061301891467,0 -48.617390655593,-28.0612282315971,0 -48.6171766209307,-28.0611710406263,0 -48.6169217361329,-28.0610138270511,0 -48.6167446660698,-28.0608426850565,0 -48.6166702236354,-28.0607038842411,0 -48.6165961184844,-28.0605498103482,0 -48.6163439311844,-28.0602704136411,0 -48.6161231473814,-28.0601290704967,0 -48.6159945273968,-28.0601039182732,0 -48.6157288452572,-28.0600458256911,0 -48.6154454423138,-28.0600103446719,0 -48.6150170457208,-28.0599112276127,0 -48.6148833548591,-28.0598307919006,0 -48.6147061320259,-28.0597924881224,0 -48.6144700542407,-28.0597080507304,0 -48.6141606894915,-28.0597025204709,0 -48.6137227446957,-28.0596280577928,0 -48.6133260002374,-28.0594607321027,0 -48.6129046976908,-28.0592356834275,0 -48.6125358048532,-28.0589771667601,0 -48.6124616223579,-28.0588269092837,0 -48.6123386584755,-28.0583197931673,0 -48.6123093768288,-28.0579888829005,0 -48.6123416187965,-28.0578278883306,0 -48.612323391144,-28.0574838013534,0 -48.6123028849886,-28.0572428044131,0 -48.6123087095403,-28.056979348912,0 -48.6123644102917,-28.0567969741787,0 -48.6124687197605,-28.0565268122387,0 -48.6124907486327,-28.0563408111621,0 -48.6124302390787,-28.0561564146309,0 -48.6123958075152,-28.0559610126058,0 -48.6124360630541,-28.0558929590637,0 -48.6125973378762,-28.0556092899802,0 -48.6128201342962,-28.0554641969096,0 -48.6129634346523,-28.0554093946795,0 -48.6131842045107,-28.0553559390631,0 -48.6135865020485,-28.0552712632698,0 -48.6138713282074,-28.0552418386789,0 -48.6141566578317,-28.0551895038972,0 -48.6144283160148,-28.0551713083894,0 -48.614661997034,-28.0551180753099,0 -48.6148703599619,-28.0550414834713,0 -48.6150546693321,-28.0548842601783,0 -48.6151853086769,-28.0548177763412,0 -48.6153045512194,-28.0546823403794,0 -48.6154116399975,-28.0545123144925,0 -48.6154663224944,-28.0543757566307,0 -48.6155984762986,-28.0542405441409,0 -48.6156502834097,-28.0541758738669,0 -48.6160216743749,-28.054156999976,0 -48.6162318710156,-28.0541434621904,0 -48.6164576402787,-28.0541559771437,0 -48.6166456861139,-28.0541220015539,0 -48.6167512411432,-28.05409727487,0 -48.6168304184565,-28.0540213024443,0 -48.6170633379654,-28.0540024288861,0 -48.6174053361739,-28.0540864896768,0 -48.6175971199202,-28.0541757617361,0 -48.617392721598,-28.0536336398849,0 -48.6173435766142,-28.0533999643932,0 -48.6172480310002,-28.0530468949413,0 -48.617063375839,-28.0528297880624,0 -48.6169664813015,-28.0525378101551,0 -48.616873407366,-28.0522896447867,0 -48.6171227376998,-28.0517001929475,0 -48.6171257108059,-28.0512455237337,0 -48.6172067598759,-28.0510141089653,0 -48.6172313854165,-28.0506784067698,0 -48.6173268953641,-28.0502522587556,0 -48.6173886458494,-28.0497949700648,0 -48.617430148913,-28.0494748363336,0 -48.6174358748503,-28.0492151983693,0 -48.6174895936564,-28.0489485744369,0 -48.6174098658407,-28.0488327792256,0 -48.6171384668469,-28.0486447220315,0 -48.6170041139073,-28.0484896036739,0 -48.6168903479281,-28.048182053363,0 -48.6169305045935,-28.0479230115393,0 -48.6170634729408,-28.0473600078672,0 -48.6172831863593,-28.046767952953,0 -48.6174488957056,-28.0462819094523,0 -48.6174120698149,-28.0456090049256,0 -48.6173391320028,-28.0450118693456,0 -48.6172594573508,-28.0447201905263,0 -48.6171963247474,-28.0444593555693,0 -48.6172199381917,-28.0441694695313,0 -48.6173444806703,-28.043988286724,0 -48.6174548376018,-28.0436693493494,0 -48.6175483160959,-28.0433348399879,0 -48.6175537035892,-28.0430904732135,0 -48.6175965507258,-28.0427092471536,0 -48.6176880075768,-28.0424663761672,0 -48.6177328738787,-28.04199351249,0 -48.6177396073005,-28.0416880554337,0 -48.6177463406412,-28.0413825972613,0 -48.6177337905364,-28.0410947703298,0 -48.617689406416,-28.0407645517741,0 -48.6178179266435,-28.0405003585618,0 -48.6179085414897,-28.0403443683543,0 -48.6178864451253,-28.0401749632681,0 -48.6177992966961,-28.040054266104,0 -48.6175072806748,-28.0397283443442,0 -48.6168605214178,-28.0393804979595,0 -48.6167671153854,-28.0392237014845,0 -48.6167092538262,-28.0390412640497,0 -48.6168133679141,-28.0387612006137,0 -48.6167601974691,-28.0385368264324,0 -48.616562814775,-28.0380465698991,0 -48.6162475499153,-28.0375063408647,0 -48.6159114623635,-28.0370292395239,0 -48.6156414417927,-28.036780092552,0 -48.6155079657324,-28.0367811151729,0 -48.6151883174466,-28.0363912077226,0 -48.6149889074879,-28.0360177238095,0 -48.6148586160262,-28.0356793289089,0 -48.6145548502221,-28.035399034846,0 -48.614110348075,-28.0352538034942,0 -48.6137161366799,-28.0351705582924,0 -48.6134093406924,-28.0350277179084,0 -48.6130708160764,-28.0347620960986,0 -48.6128703336116,-28.0344835928942,0 -48.612731261825,-28.0343455652153,0 -48.6123212028153,-28.0336184369285,0 -48.6121581871056,-28.0332030762047,0 -48.6120778575705,-28.0329419419686,0 -48.6119647941781,-28.0326038438044,0 -48.6118000898622,-28.0322648479828,0 -48.6116502417057,-28.0320330595457,0 -48.6115162532841,-28.0318626641725,0 -48.611248280207,-28.0315218709412,0 -48.6110403119271,-28.0312389269921,0 -48.610866909734,-28.030858250346,0 -48.610805150081,-28.0305363234556,0 -48.6108297858388,-28.0302006202298,0 -48.6108314732337,-28.0301242566339,0 -48.6108341730859,-28.030002073337,0 -48.6106614232199,-28.0298787368339,0 -48.6104764346062,-28.0298277835125,0 -48.6099804861999,-28.0298907600132,0 -48.6096745306177,-28.0298567872976,0 -48.6095355158759,-28.029551668844,0 -48.6093158126999,-28.0293644999906,0 -48.60893074852,-28.0288688773218,0 -48.6087839487337,-28.0284996328659,0 -48.6086841339419,-28.0282901871939,0 -48.6085283162041,-28.0280368086079,0 -48.6084682014508,-28.0279569798633,0 -48.6082972482189,-28.0279014825256,0 -48.6080772713841,-28.0277539478096,0 -48.6079777185537,-28.0275841474909,0 -48.6078959220052,-28.0272656782357,0 -48.6081299369601,-28.0269298149986,0 -48.6083229796354,-28.0267651106433,0 -48.6084319899885,-28.0265072719246,0 -48.6086038509116,-28.0263340482806,0 -48.6086038517549,-28.0263048793588,0 -48.6086644901605,-28.0262103417912,0 -48.6087907936351,-28.0260463838784,0 -48.6090969320498,-28.0256334595261,0 -48.6094163589214,-28.0252035779879,0 -48.6095693627136,-28.0249999768193,0 -48.6096247941032,-28.0248290564785,0 -48.6096332738274,-28.0247375316269,0 -48.6096618752138,-28.0246119805054,0 -48.6097552716073,-28.0244760978741,0 -48.6098082973814,-28.0244139962483,0 -48.609927383231,-28.0242842879549,0 -48.6101108833056,-28.0241614316851,0 -48.6102623680229,-28.0240265594424,0 -48.6104068894853,-28.0239144837056,0 -48.6105915278243,-28.0237400812471,0 -48.6107387056256,-28.0235077302933,0 -48.6108189382431,-28.0233830764664,0 -48.6109409314517,-28.0231216413415,0 -48.611180361703,-28.019290532099,0 -48.6111991377787,-28.0192919628148,0 -48.6112163486936,-28.0192934533208,0 -48.6112278128353,-28.0192945911062,0 -48.6112507041587,-28.0192971634158,0 -48.6112561773101,-28.0192979354227,0 -48.6112669785602,-28.019300090406,0 -48.6112776002629,-28.0193029009173,0 -48.6112846295207,-28.0193050349097,0 -48.6112986312632,-28.0193096818972,0 -48.6113067914495,-28.0193126478556,0 -48.611310769913,-28.0193142507745,0 -48.6113166330964,-28.019316807259,0 -48.611325202319,-28.0193210343,0 -48.6113335571326,-28.0193257813387,0 -48.6113376685438,-28.0193283613285,0 -48.6113473007725,-28.0193350068555,0 -48.6113518932711,-28.0193384796539,0 -48.6113585123657,-28.0193439003164,0 -48.6113647927741,-28.0193495673148,0 -48.6113678207847,-28.019352507353,0 -48.6113736350368,-28.0193585726698,0 -48.6113764204634,-28.0193617067456,0 -48.6113804639019,-28.0193665500785,0 -48.6113836262866,-28.0193706836425,0 -48.6113894252355,-28.0193791844903,0 -48.6114003108262,-28.0193964904575,0 -48.6114061940937,-28.0194049388012,0 -48.6114123304395,-28.019412886543,0 -48.6114155211394,-28.0194167496486,0 -48.6114205611052,-28.0194224132474,0 -48.6114261033818,-28.0194278961361,0 -48.6114291049128,-28.0194305741246,0 -48.6114332098563,-28.0194338126504,0 -48.6114353861557,-28.0194352762877,0 -48.6114387686113,-28.0194372565399,0 -48.6114422905773,-28.0194389330224,0 -48.611444105199,-28.0194396325909,0 -48.6114478219058,-28.0194407523858,0 -48.6114497243677,-28.0194411555467,0 -48.6114526441536,-28.0194415494134,0 -48.6114942116599,-28.0194451051008,0 -48.6115312524606,-28.0194481943609,0 -48.6115354204967,-28.0194487723913,0 -48.6115381401008,-28.0194493792049,0 -48.6115434629126,-28.0194510864486,0 -48.6115460313694,-28.0194521868251,0 -48.6115509860447,-28.0194547996456,0 -48.6115556423838,-28.0194579392658,0 -48.6115585619568,-28.0194602820952,0 -48.6115604059449,-28.0194619563819,0 -48.6115638858809,-28.0194655084052,0 -48.6115661632914,-28.0194681826109,0 -48.6115701838719,-28.0194736120492,0 -48.6115736607252,-28.0194791586965,0 -48.6115797930298,-28.0194906066848,0 -48.6115808900849,-28.0194929448078,0 -48.6115827665008,-28.0194977598162,0 -48.6115851868657,-28.0195041901583,0 -48.611586611068,-28.0195072823872,0 -48.6115883577209,-28.0195102452985,0 -48.6115893842992,-28.0195116437833,0 -48.6116036144169,-28.0195297832942,0 -48.6116342814276,-28.0195651628217,0 -48.6116380446018,-28.0195691531784,0 -48.6116400794162,-28.0195710384006,0 -48.6116433140082,-28.0195737292486,0 -48.6116485414728,-28.0195773661766,0 -48.6116541853198,-28.0195804420099,0 -48.6116571586073,-28.0195817295064,0 -48.6116677037872,-28.0195857028629,0 -48.611674776574,-28.0195881713246,0 -48.6116890515017,-28.0195927866776,0 -48.6117312260939,-28.0196057821381,0 -48.6117699907358,-28.0196165528983,0 -48.6117815702506,-28.0196203090766,0 -48.6117891431247,-28.0196231474945,0 -48.6118041563253,-28.0196293187666,0 -48.6118104735831,-28.0196323066234,0 -48.6118134680943,-28.019634010273,0 -48.6118177255687,-28.0196368901732,0 -48.6118216348245,-28.0196402513988,0 -48.6118234436468,-28.0196421415006,0 -48.6118257123953,-28.0196448430873,0 -48.6118295648016,-28.0196504138812,0 -48.6118326907746,-28.0196561978366,0 -48.6118344841982,-28.0196601627523,0 -48.6118376400615,-28.0196682750858,0 -48.6118389580143,-28.0196721326065,0 -48.6118411673858,-28.0196799129258,0 -48.611845112304,-28.019695572715,0 -48.6118475418708,-28.0197033298778,0 -48.6118512412888,-28.0197130757106,0 -48.6118533635176,-28.0197178041222,0 -48.6118571558519,-28.0197247187092,0 -48.6118602511779,-28.0197292206249,0 -48.611862001964,-28.0197314346371,0 -48.6118649186365,-28.0197347246343,0 -48.6118681341498,-28.0197378303824,0 -48.6118703776359,-28.0197397368523,0 -48.6118751018124,-28.0197431216072,0 -48.611877580265,-28.0197446169255,0 -48.6118827214394,-28.0197471878191,0 -48.6118880935398,-28.0197492213778,0 -48.6118917934638,-28.0197502868997,0 -48.6118943021387,-28.0197508630546,0 -48.6118994178735,-28.0197517191395,0 -48.6119112340748,-28.0197529351344,0 -48.6119191338135,-28.0197535053398,0 -48.6119349571115,-28.0197542133037,0 -48.6119824494165,-28.0197552378029,0 -48.6119982285894,-28.019756089279,0 -48.612006095733,-28.0197567585914,0 -48.6120335581291,-28.0197595369091,0 -48.612047248864,-28.0197611285751,0 -48.6120677425622,-28.0197639751787,0 -48.6120813770566,-28.0197662872961,0 -48.6120881928902,-28.0197676057896,0 -48.612098393346,-28.0197697954238,0 -48.6121032220719,-28.0197711151674,0 -48.612106349867,-28.0197722070844,0 -48.6121123631103,-28.0197748834471,0 -48.6121166183392,-28.0197773034552,0 -48.6121186527173,-28.0197786467627,0 -48.6121225326777,-28.019781592785,0 -48.6121243704144,-28.0197831854506,0 -48.6121269882861,-28.0197857306422,0 -48.612129719809,-28.0197886655106,0 -48.6121347323957,-28.0197946441671,0 -48.6121393054707,-28.0198007418465,0 -48.6121478441854,-28.0198132697384,0 -48.6121495511519,-28.0198159791767,0 -48.6121526951312,-28.019821510662,0 -48.612158834078,-28.0198326613585,0 -48.6121624342827,-28.0198380476769,0 -48.6121644643084,-28.0198406002713,0 -48.6121690072539,-28.0198453079801,0 -48.6121740886549,-28.0198495470316,0 -48.6121777326042,-28.0198521364941,0 -48.6121854766231,-28.0198568095339,0 -48.6121894405698,-28.0198588186016,0 -48.6121976617852,-28.0198622277922,0 -48.6122144257561,-28.0198683116049,0 -48.6122198320432,-28.0198706524919,0 -48.612222469136,-28.0198719616679,0 -48.61223429793,-28.0198782306355,0 -48.6122401026401,-28.0198814986873,0 -48.6122484859163,-28.0198867875181,0 -48.6122537785703,-28.0198906777837,0 -48.6122563030102,-28.0198927609537,0 -48.6122599407509,-28.0198960816515,0 -48.6122634740732,-28.0198996345866,0 -48.6122701153049,-28.0199069236076,0 -48.6122763532979,-28.0199144033241,0 -48.6122883478034,-28.0199297525512,0 -48.6123033471879,-28.0199494572747,0 -48.6123104787706,-28.0199594973628,0 -48.6123173237316,-28.0199699835012,0 -48.6123206192308,-28.0199754548358,0 -48.6123245361775,-28.0199827141202,0 -48.6123268153083,-28.0199876170751,0 -48.6123306861289,-28.0199975283365,0 -48.6123322939474,-28.0200025369234,0 -48.6123349176625,-28.0200126335737,0 -48.6123368584609,-28.0200228273936,0 -48.6123378160717,-28.0200296563453,0 -48.6123391097642,-28.0200433574144,0 -48.6123391378376,-28.0200466963175,0 -48.612338964593,-28.0200489220368,0 -48.6123382992497,-28.0200533679326,0 -48.6123355642389,-28.0200667280198,0 -48.6123351507528,-28.0200711782936,0 -48.6123351526501,-28.0200733976953,0 -48.6123357037844,-28.0200814917255,0 -48.6123362167098,-28.0200855252439,0 -48.6123374666284,-28.0200915381655,0 -48.6123394396178,-28.020097518498,0 -48.6123407568315,-28.0201004827472,0 -48.6123424817507,-28.0201038693204,0 -48.6123461726265,-28.0201103217367,0 -48.6123502062627,-28.0201164276556,0 -48.612353078626,-28.0201203485396,0 -48.6123593252517,-28.0201280002251,0 -48.6123702610074,-28.0201400917549,0 -48.6123850597121,-28.0201559853608,0 -48.6123922754548,-28.0201640691277,0 -48.6124056733651,-28.0201798574272,0 -48.612412102107,-28.0201879181509,0 -48.6124182659456,-28.0201962000614,0 -48.6124212202787,-28.0202004561004,0 -48.6124237073661,-28.0202043163163,0 -48.6124281203336,-28.0202122428717,0 -48.6124319342412,-28.0202203754436,0 -48.6124342345839,-28.0202258922587,0 -48.6124385426072,-28.0202370832617,0 -48.612443826165,-28.0202523516201,0 -48.6124469578342,-28.0202625749505,0 -48.6124489009784,-28.0202694298441,0 -48.6124525088852,-28.0202833247877,0 -48.6124552920892,-28.020295418336,0 -48.6124565102219,-28.0203014940362,0 -48.6124580680179,-28.0203106249319,0 -48.6124592186643,-28.0203197581125,0 -48.6124596139732,-28.0203243127624,0 -48.6124600051042,-28.0203334145673,0 -48.6124599864269,-28.0203379438475,0 -48.6124596334495,-28.0203447136705,0 -48.6124585024381,-28.0203549620331,0 -48.6124574044695,-28.0203617734267,0 -48.612454542079,-28.0203753659051,0 -48.6124528088564,-28.0203821392715,0 -48.6124488783828,-28.0203956504027,0 -48.6124444654648,-28.0204091168005,0 -48.6124349848593,-28.0204359396366,0 -48.6124333403687,-28.0204400705775,0 -48.6124293508221,-28.0204480763162,0 -48.6124236491901,-28.0204585519751,0 -48.6124210915474,-28.0204638764059,0 -48.6124189963774,-28.0204693349887,0 -48.612418192138,-28.020472145059,0 -48.6124175051984,-28.0204752639149,0 -48.6124166743746,-28.0204815837603,0 -48.6124164701449,-28.0204879684673,0 -48.61241662226,-28.0204922385775,0 -48.6124174931756,-28.0205006900708,0 -48.6124200560793,-28.0205185187581,0 -48.6124216086989,-28.0205274061494,0 -48.6124235285108,-28.0205362459538,0 -48.6124246643435,-28.020540624031,0 -48.6124349490437,-28.0205772367997,0 -48.612440257908,-28.0205954921085,0 -48.6124515795925,-28.0206340454367,0 -48.6124575311082,-28.0206532409667,0 -48.6124741539093,-28.0207043286724,0 -48.6125078539578,-28.0208063853144,0 -48.6125237141127,-28.0208539864192,0 -48.6125248472133,-28.0208582917543,0 -48.6125253546477,-28.0208611967681,0 -48.6125258733046,-28.0208670796758,0 -48.612525866467,-28.0208849898068,0 -48.6125261622641,-28.0208909321726,0 -48.6125265140301,-28.020893889001,0 -48.6125280877021,-28.0209032008054,0 -48.6125290943089,-28.0209078106882,0 -48.6125309863921,-28.0209146740554,0 -48.6125334493482,-28.0209214840136,0 -48.612534927814,-28.0209248751124,0 -48.6125370156313,-28.0209289718012,0 -48.6125385436951,-28.0209316059826,0 -48.6125419093934,-28.0209366539345,0 -48.612543744766,-28.0209390858391,0 -48.61254768043,-28.0209437559969,0 -48.6125519620587,-28.0209482157384,0 -48.6125549996068,-28.0209510925872,0 -48.6125614446797,-28.0209566726327,0 -48.6125701016838,-28.0209634817644,0 -48.6125744738676,-28.0209667067311,0 -48.6125811433144,-28.0209713434515,0 -48.6125914321455,-28.0209778290411,0 -48.6126022101858,-28.020983799957,0 -48.6126078092432,-28.0209866040262,0 -48.6126209964699,-28.0209925991934,0 -48.612627648603,-28.0209953494226,0 -48.6126377616973,-28.020999197349,0 -48.6126480856283,-28.0210027152078,0 -48.6126533549045,-28.0210043498891,0 -48.6126538419873,-28.0210044938304,0 -48.6126672405325,-28.0210082815582,0 -48.612674218287,-28.0210099999038,0 -48.6126847342148,-28.0210121856209,0 -48.612695352206,-28.0210137959651,0 -48.6127007105189,-28.021014348942,0 -48.612706313743,-28.021014771251,0 -48.6127175790177,-28.0210152561746,0 -48.612728874727,-28.0210152900425,0 -48.6127364035436,-28.0210150689936,0 -48.6127514129218,-28.0210140577212,0 -48.6127771851646,-28.0210114106537,0 -48.6127900319596,-28.0210098022673,0 -48.6128092416615,-28.0210068968484,0 -48.6128163543703,-28.0210056216598,0 -48.6128304618283,-28.0210027360506,0 -48.6128585779381,-28.0209965208889,0 -48.6128728546038,-28.0209937009971,0 -48.6128910078304,-28.0209907502204,0 -48.6129000959454,-28.0209895550681,0 -48.6129137202162,-28.0209881766118,0 -48.6129273214161,-28.0209873936234,0 -48.6129341170596,-28.0209872407762,0 -48.6129405688328,-28.0209873440913,0 -48.6129448665205,-28.0209875900528,0 -48.6129534499851,-28.020988424862,0 -48.6129662980173,-28.0209904440197,0 -48.6129748595023,-28.0209921623382,0 -48.6129919551926,-28.0209961321394,0 -48.6130051819902,-28.0209995197866,0 -48.613011679899,-28.0210013289043,0 -48.6130213155621,-28.0210042306434,0 -48.6130355346971,-28.0210090794999,0 -48.6130495549175,-28.0210146463307,0 -48.6130565226956,-28.0210177451186,0 -48.6130745838876,-28.0210263328868,0 -48.613083505411,-28.0210307465819,0 -48.6130967138231,-28.0210375268373,0 -48.6131161778338,-28.0210480697746,0 -48.6131351720425,-28.0210590919253,0 -48.6131444815544,-28.0210647938657,0 -48.6131627465223,-28.0210766062783,0 -48.6131716790133,-28.0210827169021,0 -48.613184832876,-28.0210921666039,0 -48.6132018891195,-28.0211052934835,0 -48.6132101960972,-28.0211121058566,0 -48.6132223912129,-28.0211226221451,0 -48.6132342500425,-28.0211335291015,0 -48.6132400438259,-28.0211391247844,0 -48.6132440592681,-28.0211432186132,0 -48.6132516433057,-28.0211516606444,0 -48.6132661491452,-28.0211688575677,0 -48.6132737401664,-28.0211772363873,0 -48.6132867386487,-28.021190410048,0 -48.6132935033383,-28.0211968073646,0 -48.61330429782,-28.0212061984349,0 -48.613310318771,-28.0212107241741,0 -48.6133134859145,-28.0212127915097,0 -48.6133184040841,-28.0212156018932,0 -48.6133235485588,-28.021218027957,0 -48.6133261788668,-28.0212190842189,0 -48.61333159985,-28.0212208476242,0 -48.6133343702481,-28.0212215456038,0 -48.6133386130083,-28.0212223407603,0 -48.6133422334416,-28.0212227649372,0 -48.6133495146023,-28.0212230809017,0 -48.6133641209081,-28.0212229288294,0 -48.6133713810024,-28.0212232714116,0 -48.6133962252163,-28.0212253629511,0 -48.6134085887822,-28.0212268680973,0 -48.6134167929306,-28.0212283009692,0 -48.6134208684814,-28.0212291928966,0 -48.6134269565884,-28.0212307878072,0 -48.6134349135199,-28.0212332715467,0 -48.6134401103797,-28.0212350674006,0 -48.6134502936666,-28.0212389710092,0 -48.6134651383104,-28.0212454272058,0 -48.6134748584061,-28.021250044748,0 -48.6134941064643,-28.0212596906276,0 -48.6135135898677,-28.021270089562,0 -48.613539255093,-28.0212842774125,0 -48.6135522747874,-28.0212910631589,0 -48.6135586540466,-28.0212940883653,0 -48.6135717615227,-28.0212995676941,0 -48.613598417001,-28.021309883611,0 -48.6136071574815,-28.0213136448388,0 -48.6136114666533,-28.0213156774895,0 -48.6136185427326,-28.021319382263,0 -48.6136219740775,-28.0213213732275,0 -48.6136269880974,-28.0213245371708,0 -48.6136341774803,-28.0213296603435,0 -48.613640958047,-28.0213352549818,0 -48.6136441845045,-28.0213382347691,0 -48.6136477138461,-28.0213418597461,0 -48.6136499051989,-28.0213443881388,0 -48.613653991312,-28.0213496115933,0 -48.6136578385238,-28.0213549746329,0 -48.6136629475917,-28.021362128483,0 -48.6136656052468,-28.0213656303753,0 -48.613669874017,-28.0213706758186,0 -48.6136721922216,-28.0213730803019,0 -48.6136796777087,-28.0213803657561,0 -48.6136949166541,-28.0213946610065,0 -48.6137105333107,-28.0214086290862,0 -48.6137211574787,-28.0214177820129,0 -48.6137429680028,-28.0214358096088,0 -48.6137529324353,-28.0214436431302,0 -48.613758014796,-28.0214473947648,0 -48.6137659100812,-28.0214527020172,0 -48.613774291095,-28.0214575396899,0 -48.6137787288271,-28.0214597370292,0 -48.6137825228039,-28.0214614093699,0 -48.6137902515462,-28.0214642234077,0 -48.613798132607,-28.0214664623943,0 -48.6138034613566,-28.0214677098144,0 -48.6138142560122,-28.0214698105239,0 -48.613829457497,-28.021472077558,0 -48.61384979848,-28.0214745781643,0 -48.6138599332009,-28.0214760715349,0 -48.6138701616925,-28.021477927801,0 -48.613875201028,-28.0214790165418,0 -48.6138827232653,-28.0214809519055,0 -48.6138902144902,-28.0214833647481,0 -48.6138939532499,-28.0214847833498,0 -48.6138958968756,-28.0214856294155,0 -48.6138996475279,-28.0214876341813,0 -48.6139020026388,-28.0214891818434,0 -48.6139062874509,-28.0214926850141,0 -48.6139090188448,-28.0214956016747,0 -48.6139112390057,-28.0214986812762,0 -48.6139121392462,-28.0215002669956,0 -48.6139131944689,-28.0215026759685,0 -48.6139140402306,-28.0215053528035,0 -48.613915137469,-28.0215109208401,0 -48.6139154776728,-28.0215167103286,0 -48.6139153189919,-28.0215206682934,0 -48.6139150365731,-28.0215233431522,0 -48.613914111778,-28.0215287499483,0 -48.613912514333,-28.0215348852161,0 -48.6139111430116,-28.0215389845745,0 -48.6139077276545,-28.021547126997,0 -48.6139057071788,-28.0215511429347,0 -48.6139011546638,-28.0215589588553,0 -48.6138959876873,-28.0215664127466,0 -48.6138922748899,-28.0215711030944,0 -48.6138896850804,-28.0215740897731,0 -48.6138843155114,-28.0215796715783,0 -48.6138655684293,-28.0215975540864,0 -48.6138560819276,-28.0216063130187,0 -48.6138415645602,-28.0216192250329,0 -48.6137917258202,-28.0216619309704,0 -48.6137672177725,-28.0216828529863,0 -48.6137593210947,-28.0216900694518,0 -48.6137554348263,-28.0216938459039,0 -48.6137477956292,-28.0217018246217,0 -48.6137440493684,-28.0217060903353,0 -48.6137385511708,-28.0217128886251,0 -48.6137368086021,-28.0217154747832,0 -48.6137358626541,-28.021717226685,0 -48.6137344441224,-28.0217207932331,0 -48.6137339361789,-28.0217226072651,0 -48.6137332534563,-28.0217262675516,0 -48.6137329076083,-28.0217299606757,0 -48.6137327446315,-28.021737347849,0 -48.6137328278943,-28.0217461193848,0 -48.613733033912,-28.0217505082841,0 -48.6137337118579,-28.0217571065784,0 -48.6137349619347,-28.0217636790166,0 -48.6137358456395,-28.0217669424694,0 -48.6137399461716,-28.021779726898,0 -48.6137421544097,-28.0217859910627,0 -48.6137457756716,-28.0217952393033,0 -48.6137498839633,-28.0218043247337,0 -48.6137521564153,-28.0218088035041,0 -48.613775495318,-28.0218524101391,0 -48.6137969866764,-28.021891266172,0 -48.6138009947528,-28.0218994654166,0 -48.6138027095056,-28.0219036817203,0 -48.6138048887071,-28.0219100808549,0 -48.613806533838,-28.0219165246808,0 -48.6138071462082,-28.0219197382608,0 -48.6138077200035,-28.0219249816461,0 -48.6138078047347,-28.0219285109795,0 -48.6138072941375,-28.0219356211633,0 -48.6138067374651,-28.0219391938739,0 -48.6138051158714,-28.0219463387259,0 -48.6138029125834,-28.0219534646606,0 -48.6138011836471,-28.0219581894711,0 -48.6137972756745,-28.0219674781742,0 -48.6137867585154,-28.0219903218275,0 -48.6137813760097,-28.0220015520558,0 -48.6137730970267,-28.0220181636346,0 -48.6137645430109,-28.0220345270198,0 -48.6137601424825,-28.0220426253361,0 -48.6137510571639,-28.0220586545695,0 -48.6137463574852,-28.0220665852278,0 -48.6137390908893,-28.0220784050249,0 -48.6137289655022,-28.0220940103118,0 -48.6137237108678,-28.0221017506939,0 -48.6137155453578,-28.0221133026457,0 -48.6137026395193,-28.0221304924838,0 -48.6136917607221,-28.0221438195991,0 -48.6136861087219,-28.0221502181498,0 -48.613677249164,-28.0221595017733,0 -48.6136678526853,-28.0221684247133,0 -48.6136628963937,-28.0221727685282,0 -48.61365087193,-28.0221826381903,0 -48.6136447203422,-28.0221873494888,0 -48.6136352274752,-28.0221940871786,0 -48.6136253556194,-28.0222003942346,0 -48.6136202490461,-28.0222033641639,0 -48.6136160298084,-28.0222056638738,0 -48.6136074519398,-28.0222099992831,0 -48.6135900973848,-28.0222183147404,0 -48.6135815315325,-28.0222226679795,0 -48.6135690545059,-28.0222295344481,0 -48.6135629488545,-28.0222330916978,0 -48.6135538790567,-28.0222386273689,0 -48.613540464594,-28.0222475344558,0 -48.6135346213047,-28.0222519983289,0 -48.613531894279,-28.022254396107,0 -48.613528108723,-28.0222582194594,0 -48.6135247344799,-28.0222623021845,0 -48.613523210903,-28.0222644411111,0 -48.6135205619723,-28.0222689246906,0 -48.6135194405471,-28.0222712600496,0 -48.6135180508058,-28.0222748992382,0 -48.6135170277096,-28.0222783190054,0 -48.6135155671169,-28.0222851692656,0 -48.6135147343201,-28.0222920304341,0 -48.6135144400999,-28.0222966177088,0 -48.6135142759682,-28.0223058001816,0 -48.6135135351721,-28.0223786376893,0 -48.6135139549679,-28.0224029258732,0 -48.6135145005857,-28.022415070842,0 -48.6135156890257,-28.0224312427717,0 -48.6135165073996,-28.0224393232692,0 -48.6135180577444,-28.0224514405373,0 -48.6135200503637,-28.0224635390559,0 -48.6135212183103,-28.0224695863411,0 -48.6135261977001,-28.0224927443866,0 -48.6135297526264,-28.0225080366447,0 -48.6135374105285,-28.0225384775852,0 -48.613549300861,-28.0225833474736,0 -48.6135583396791,-28.0226188470157,0 -48.613562432563,-28.0226366752866,0 -48.6135662820158,-28.0226561140151,0 -48.6135709859259,-28.0226820825122,0 -48.6135734067345,-28.0226950541893,0 -48.6135817712738,-28.02273658773,0 -48.6135932513328,-28.0227919531141,0 -48.6135986973529,-28.0228197837953,0 -48.6135994439246,-28.022824199709,0 -48.613600499305,-28.0228330426544,0 -48.6136010964999,-28.0228419222464,0 -48.6136014976631,-28.0228596863723,0 -48.6136014542104,-28.0228750157854,0 -48.613601233995,-28.0228826899849,0 -48.6136005410434,-28.022894182317,0 -48.6135993017648,-28.0229056557946,0 -48.6135984353085,-28.0229113703467,0 -48.6135949284451,-28.0229293099845,0 -48.6135896149842,-28.022953073952,0 -48.6135871633245,-28.0229650137439,0 -48.6135842852619,-28.0229812593026,0 -48.6135793784382,-28.0230137916107,0 -48.6135789874779,-28.0230172223614,0 -48.6135787111603,-28.0230241201835,0 -48.6135790587266,-28.0230310376572,0 -48.6135795873165,-28.0230356574018,0 -48.6135813233604,-28.023044899875,0 -48.6135826939006,-28.0230496972595,0 -48.6135835877852,-28.0230520494617,0 -48.6135852203765,-28.0230554614025,0 -48.6135872212955,-28.0230586902982,0 -48.6135883896925,-28.0230602173472,0 -48.6135910317068,-28.0230630515073,0 -48.6135925284839,-28.0230643496588,0 -48.6135949983713,-28.0230661251133,0 -48.6136086705442,-28.0230746817241,0 -48.6136361245449,-28.0230911288335,0 -48.6136637109922,-28.0231067488668,0 -48.6136821809482,-28.0231167419301,0 -48.6136945242162,-28.023123227346,0 -48.6137193001604,-28.0231358026646,0 -48.6137473077508,-28.0231493813506,0 -48.6137660673886,-28.0231581436386,0 -48.6138037726631,-28.0231750579456,0 -48.6138227253685,-28.0231832552457,0 -48.6138608394943,-28.0231992475899,0 -48.613899224812,-28.0232148470213,0 -48.6139768687605,-28.0232456193538,0 -48.613995726008,-28.0232531656833,0 -48.6140208205514,-28.0232632016447,0 -48.614033445929,-28.0232680408979,0 -48.6140525813232,-28.0232748788798,0 -48.614062285284,-28.0232780427791,0 -48.6140871538526,-28.0232854947175,0 -48.614103817368,-28.0232901689597,0 -48.614137335676,-28.0232990614672,0 -48.6141724804383,-28.0233080725368,0 -48.6141901220665,-28.0233122945531,0 -48.6142078690344,-28.0233161582313,0 -48.6142167984177,-28.0233179192185,0 -48.6142283043389,-28.0233199413912,0 -48.6142359976939,-28.0233211307451,0 -48.6142514548841,-28.0233232402763,0 -48.6142979562148,-28.0233286943798,0 -48.6143210864234,-28.0233319025832,0 -48.6143598276611,-28.0233383772665,0 -48.6143855716313,-28.0233430291176,0 -48.6144369349833,-28.0233529171499,0 -48.6145396045996,-28.023373341456,0 -48.6145739302591,-28.0233798473277,0 -48.614591138767,-28.0233829708103,0 -48.6146256406876,-28.0233888574259,0 -48.6146429446209,-28.0233915937566,0 -48.6146690046637,-28.0233953941369,0 -48.6146770144796,-28.0233964171404,0 -48.6146930637395,-28.02339807651,0 -48.6147091426008,-28.02339929417,0 -48.6147198764185,-28.0233999139969,0 -48.6147413688316,-28.0234008462304,0 -48.6147495185489,-28.0234010692718,0 -48.6147658278214,-28.0234011537061,0 -48.6147984576538,-28.0234010077575,0 -48.6148147401066,-28.023401407829,0 -48.6148232165954,-28.023401925114,0 -48.614840142207,-28.0234035815121,0 -48.6148626671183,-28.0234062102281,0 -48.6148739501453,-28.0234072812518,0 -48.6148852520457,-28.0234079467274,0 -48.6148909128459,-28.0234080720174,0 -48.6149625777985,-28.0234084508073,0 -48.6151238126802,-28.0234096805405,0 -48.6151631503713,-28.0234097677328,0 -48.615189365416,-28.0234096639538,0 -48.6152418124118,-28.0234091400149,0 -48.6153991451118,-28.0234065931726,0 -48.6154778107517,-28.0234058023707,0 -48.6154910562983,-28.0234058517009,0 -48.6155175720502,-28.0234064926865,0 -48.6155705729233,-28.0234084322118,0 -48.6155970903967,-28.0234089107518,0 -48.6156329383725,-28.0234087213458,0 -48.6156568125364,-28.0234082513675,0 -48.6156727354662,-28.0234077881873,0 -48.6157045458998,-28.0234065263734,0 -48.6157283980943,-28.023405307583,0 -48.6157443009783,-28.0234043742889,0 -48.6157760802138,-28.0234022192119,0 -48.6158237428173,-28.0233983550822,0 -48.6158555093587,-28.0233953962768,0 -48.6158766971855,-28.0233932831129,0 -48.6159190554012,-28.0233887216392,0 -48.6159663082346,-28.0233830632846,0 -48.6159898326139,-28.0233799079604,0 -48.6160250075787,-28.0233746352584,0 -48.6160483379362,-28.0233707094137,0 -48.6160599777571,-28.0233686017631,0 -48.6160773878066,-28.0233652587892,0 -48.6161004919601,-28.02336041758,0 -48.6161120103933,-28.0233578198867,0 -48.6161292243272,-28.0233536887368,0 -48.6161549126028,-28.0233469345877,0 -48.6161771849846,-28.0233403551984,0 -48.6162066577465,-28.0233312033878,0 -48.6162214692668,-28.0233268223596,0 -48.6162904750104,-28.0233071502179,0 -48.6163250838722,-28.0232975731559,0 -48.6163598358005,-28.0232884314278,0 -48.6163772860843,-28.0232840785556,0 -48.6163944710739,-28.0232799644918,0 -48.6164289482714,-28.023272108848,0 -48.6164635520193,-28.0232647058743,0 -48.6164866740264,-28.0232599822099,0 -48.6165330252955,-28.0232509337942,0 -48.6166027360945,-28.0232380133466,0 -48.6166957416992,-28.0232210313638,0 -48.6167421562433,-28.0232122362002,0 -48.6167884407088,-28.0232029789183,0 -48.6168115270082,-28.0231981284651,0 -48.6168460624845,-28.0231904984157,0 -48.6169625786598,-28.0231636021842,0 -48.61702075783,-28.0231499042896,0 -48.6170929656083,-28.0231325699924,0 -48.617107917774,-28.0231289854334,0 -48.6171949606159,-28.0231075776586,0 -48.6172384141258,-28.0230966740398,0 -48.6172679158597,-28.0230890738542,0 -48.6172826116862,-28.0230851241116,0 -48.6173045602543,-28.0230789277191,0 -48.6173254002124,-28.0230726570195,0 -48.6173392205625,-28.0230683043811,0 -48.6173667321684,-28.0230592895627,0 -48.6174423052046,-28.0230331712112,0 -48.6174708120084,-28.0230236592693,0 -48.6174851276082,-28.0230190800523,0 -48.6175067640302,-28.0230125439288,0 -48.6175418484828,-28.0230026950381,0 -48.6175653116492,-28.0229964251962,0 -48.6175809984612,-28.0229923664972,0 -48.6176124374812,-28.0229845200774,0 -48.6176360883219,-28.0229788581611,0 -48.6176835281635,-28.0229680235425,0 -48.6177311262756,-28.0229577511765,0 -48.6177629340641,-28.0229511656414,0 -48.6178266614848,-28.0229384387108,0 -48.6178476122605,-28.0229345164387,0 -48.6178755613919,-28.0229294428454,0 -48.6178894996306,-28.022926752043,0 -48.6179258434127,-28.0229192891032,0 -48.6179439475943,-28.0229153350687,0 -48.6180096858128,-28.0228999543448,0 -48.6180899323228,-28.0228823167002,0 -48.618119567877,-28.0228755672953,0 -48.6181343187793,-28.0228719884929,0 -48.6181489737007,-28.0228681464358,0 -48.6181562563759,-28.0228660891545,0 -48.6182197459116,-28.0228476464671,0 -48.6182774927063,-28.0228308548811,0 -48.6182943304545,-28.0228256788343,0 -48.6183054666783,-28.0228219739991,0 -48.618327511429,-28.0228140823588,0 -48.6183384416946,-28.0228099229155,0 -48.6183601648589,-28.0228013037084,0 -48.6184248786278,-28.0227743554615,0 -48.6184518854753,-28.0227632295936,0 -48.6184652807955,-28.0227574888303,0 -48.618478499473,-28.0227514558783,0 -48.6184850135383,-28.022748284927,0 -48.6185438626969,-28.0227188255622,0 -48.6186040446867,-28.0226888666532,0 -48.6186255321858,-28.0226776450516,0 -48.6186444976884,-28.0226674618705,0 -48.6186540611856,-28.0226624939372,0 -48.6186686473627,-28.0226554019739,0 -48.6186771902486,-28.0226516339701,0 -48.6186829544165,-28.0226492617582,0 -48.6186946161481,-28.0226447724236,0 -48.6187300902538,-28.0226322678269,0 -48.618747694095,-28.022625751902,0 -48.6187998050435,-28.0226057491938,0 -48.618846195599,-28.0225880748355,0 -48.618869318906,-28.0225791097385,0 -48.6189038273523,-28.0225653073948,0 -48.6189380132787,-28.0225509041298,0 -48.61895495719,-28.0225434113363,0 -48.6189801356755,-28.0225317211231,0 -48.6189871877069,-28.0225282428125,0 -48.6190010536479,-28.0225209676051,0 -48.6190284320986,-28.0225058955913,0 -48.6190422589108,-28.0224985651805,0 -48.6190908795057,-28.0224736021546,0 -48.619115291442,-28.0224612675097,0 -48.6192099712303,-28.0224141667519,0 -48.6192979477452,-28.0223700629166,0 -48.6193078250151,-28.0223652446607,0 -48.6193278260411,-28.0223560540909,0 -48.6193481294257,-28.0223473649515,0 -48.6193617948744,-28.022341809412,0 -48.6193893714157,-28.0223311260848,0 -48.6194311028173,-28.0223157432356,0 -48.6194682599721,-28.0223021584734,0 -48.6194867429935,-28.0222952242757,0 -48.6195142726851,-28.0222844409819,0 -48.6195324151962,-28.0222769055549,0 -48.6195414184008,-28.0222730011856,0 -48.6195547994979,-28.0222669709393,0 -48.6195746107501,-28.0222574344989,0 -48.6196113611141,-28.0222388708061,0 -48.619635784194,-28.0222263914186,0 -48.6196844532939,-28.0222011586103,0 -48.6198025492976,-28.0221393681792,0 -48.620099055826,-28.0219926689958,0 -48.6201314079846,-28.0219765550682,0 -48.6201958644164,-28.0219439715384,0 -48.6203244398157,-28.0218782571842,0 -48.6203888489201,-28.0218455912325,0 -48.6204132660016,-28.0218337432625,0 -48.6204461026226,-28.0218183684463,0 -48.6204624194436,-28.021810512686,0 -48.6204788309339,-28.0218021618201,0 -48.6204869202976,-28.0217978180546,0 -48.6204989038243,-28.0217910778602,0 -48.6205106802945,-28.0217840455037,0 -48.620516492634,-28.0217804107082,0 -48.6205300921931,-28.0217714973054,0 -48.6205367713132,-28.0217669115736,0 -48.6205466240818,-28.021759873423,0 -48.6205610288118,-28.0217489164997,0 -48.6206067564193,-28.0217127144885,0 -48.6206724614196,-28.0216604285423,0 -48.6207246329252,-28.0216189603974,0 -48.6207690100361,-28.0215963562833,0 -48.6209513541951,-28.0214533063672,0 -48.6209743049115,-28.0214416454668,0 -48.621076262496,-28.0213905104057,0 -48.6211379803852,-28.021358627391,0 -48.6211686455648,-28.0213423672331,0 -48.6211762220555,-28.0213382304211,0 -48.6211911535051,-28.0213296737472,0 -48.6212058381516,-28.0213207697025,0 -48.6212155091492,-28.0213146843907,0 -48.6212346345587,-28.0213022032664,0 -48.6212715156713,-28.0212774695146,0 -48.6212959704644,-28.0212608489935,0 -48.6213445275746,-28.0212272675497,0 -48.621368641899,-28.0212103250086,0 -48.6214165902404,-28.0211761194994,0 -48.6214641655448,-28.0211414922738,0 -48.6214956873382,-28.0211181905752,0 -48.6215166308415,-28.0211025555631,0 -48.6215583319076,-28.0210710482552,0 -48.6215908054461,-28.0210461747547,0 -48.6216069003378,-28.0210336141122,0 -48.6216307488988,-28.021014501512,0 -48.6216540978384,-28.0209949110478,0 -48.6216655407156,-28.020984895098,0 -48.6216890938944,-28.0209634946629,0 -48.6217202070289,-28.0209347271556,0 -48.6217359366034,-28.0209204904063,0 -48.6217443815562,-28.0209130086925,0 -48.6217851504665,-28.0208768960695,0 -48.6218138122753,-28.0208519658741,0 -48.6218282654922,-28.0208396108317,0 -48.6218501256481,-28.0208212309059,0 -48.6218576530184,-28.0208150632712,0 -48.6218730068186,-28.0208030129411,0 -48.6218886485509,-28.0207912737913,0 -48.6219204171207,-28.0207682835565,0 -48.6219324213214,-28.0207597752425,0 -48.6219566901516,-28.0207430786789,0 -48.6219812818462,-28.0207267131725,0 -48.6219978067933,-28.0207159552526,0 -48.6220310723929,-28.02069470473,0 -48.6220979384575,-28.020652552,0 -48.622131186416,-28.0206312835229,0 -48.6221640665765,-28.0206096380394,0 -48.6221803207559,-28.0205986050077,0 -48.6222017599395,-28.0205836459276,0 -48.6222123592524,-28.0205760340601,0 -48.6222280971944,-28.0205644320093,0 -48.6222512771875,-28.0205465892285,0 -48.6224265004183,-28.02040714168,0 -48.6225867278152,-28.0202801029576,0 -48.6226212470093,-28.0202522329157,0 -48.6226440508951,-28.0202334539468,0 -48.6226891940163,-28.0201954639043,0 -48.6227115673981,-28.0201762804069,0 -48.622755975539,-28.0201375919801,0 -48.6228000069991,-28.0200985627347,0 -48.6228292118495,-28.0200723965389,0 -48.6228873754775,-28.0200198792337,0 -48.6229608430483,-28.0199521164317,0 -48.6230084314068,-28.0199092512617,0 -48.6230323486975,-28.0198879202042,0 -48.6230685204789,-28.0198561988541,0 -48.6231119811691,-28.0198188745443,0 -48.6231701725968,-28.01976934411,0 -48.623199227617,-28.0197445377009,0 -48.6232983625463,-28.0196593173208,0 -48.623347800416,-28.0196166007736,0 -48.6234217552402,-28.0195523382071,0 -48.6234954454862,-28.0194878270522,0 -48.623532177777,-28.0194554659718,0 -48.6235435644395,-28.0194449708558,0 -48.6235509109322,-28.0194377624433,0 -48.6235651426778,-28.0194229851799,0 -48.6235790190865,-28.0194079137434,0 -48.6235974463309,-28.0193877503811,0 -48.623606817837,-28.0193777980947,0 -48.6236213016068,-28.0193632146306,0 -48.6236288183819,-28.0193561358237,0 -48.6236711623651,-28.0193177896971,0 -48.6236925546394,-28.0192988148414,0 -48.6237249476615,-28.0192706103232,0 -48.6237600559119,-28.0192405307754,0 -48.6238306606244,-28.0191807484457,0 -48.623841317437,-28.0191718917184,0 -48.6238629017785,-28.0191544538956,0 -48.6239063953651,-28.0191198724335,0 -48.6239278788584,-28.0191023067413,0 -48.6239547410726,-28.0190796458058,0 -48.6239680652814,-28.0190682094016,0 -48.6239879051687,-28.0190509401895,0 -48.6240173358559,-28.0190247500829,0 -48.6240463695895,-28.0189982105585,0 -48.6240607255534,-28.0189848072159,0 -48.6240891059438,-28.0189577243901,0 -48.6241031345191,-28.0189440537902,0 -48.6241239420844,-28.0189233543716,0 -48.624151275363,-28.0188954317535,0 -48.6241647543084,-28.0188813275895,0 -48.6241847347461,-28.0188599728224,0 -48.6242141497997,-28.0188275389468,0 -48.624222752686,-28.0188176542739,0 -48.6242394544178,-28.0187975518375,0 -48.6242722897901,-28.0187570474563,0 -48.6242835625837,-28.018743762034,0 -48.6242893288182,-28.0187372118853,0 -48.6243629171361,-28.0186549687408,0 -48.6244102215103,-28.0186013872672,0 -48.6244263374977,-28.0185837650059,0 -48.6244345831701,-28.0185750829585,0 -48.6244443985219,-28.0185651740799,0 -48.6244511087377,-28.0185587035811,0 -48.6244648162349,-28.0185460285857,0 -48.6244859251184,-28.0185274545672,0 -48.6245143646349,-28.0185029533134,0 -48.6245284116966,-28.0184905551349,0 -48.6248895193389,-28.0181668944082,0 -48.6249213307339,-28.0181387516616,0 -48.6249639867901,-28.0181014397706,0 -48.6249852531306,-28.0180827241019,0 -48.6250001528791,-28.0180693586882,0 -48.625016977743,-28.0180542637198,0 -48.6250379283168,-28.018035118532,0 -48.6250794838249,-28.0179965154216,0 -48.6250884989456,-28.017987972747,0 -48.6251061840126,-28.0179706391136,0 -48.6251235096562,-28.0179530277611,0 -48.6251576323236,-28.0179173189903,0 -48.6251957964112,-28.0178767621966,0 -48.6252147079577,-28.0178563629946,0 -48.6252428145576,-28.0178256118117,0 -48.6252705708394,-28.0177946199613,0 -48.6252842930878,-28.0177790307461,0 -48.6253114153951,-28.0177476308607,0 -48.6253248094561,-28.0177318107248,0 -48.6253446395479,-28.0177079270378,0 -48.6253706014859,-28.0176757581068,0 -48.6253833642656,-28.0176595206236,0 -48.625402204069,-28.0176349793261,0 -48.6254206732963,-28.0176101876529,0 -48.6254297626506,-28.0175976948564,0 -48.6254359994714,-28.0175886982512,0 -48.625439976392,-28.0175826044988,0 -48.6254475982259,-28.0175702757784,0 -48.6254697287221,-28.0175329332622,0 -48.625477508419,-28.0175207063973,0 -48.6254816078175,-28.0175146869043,0 -48.6255051185481,-28.0174816362812,0 -48.6255367675737,-28.0174377186406,0 -48.6255522802036,-28.017415591965,0 -48.6255689229783,-28.0173906332204,0 -48.6255908231291,-28.0173571940216,0 -48.6256021383379,-28.0173406610912,0 -48.6256190749798,-28.0173170429027,0 -48.625627712217,-28.0173053270446,0 -48.6256408854041,-28.0172878883583,0 -48.6256611946177,-28.0172620727301,0 -48.6257657805882,-28.0171326874619,0 -48.6258356800427,-28.0170465626485,0 -48.625975877296,-28.0168745543864,0 -48.6260323940422,-28.0168051976434,0 -48.6260610883357,-28.0167708018774,0 -48.6260862449787,-28.016741488097,0 -48.6261370086744,-28.0166831750521,0 -48.6262102345733,-28.0165992459292,0 -48.6262419528856,-28.0165624395782,0 -48.6262576786727,-28.0165439346909,0 -48.6262810474105,-28.0165160333982,0 -48.6263155635698,-28.0164738343085,0 -48.6263381582562,-28.0164454322461,0 -48.626349312118,-28.0164311521845,0 -48.6263658466637,-28.0164096113969,0 -48.6263875280876,-28.0163806615534,0 -48.6263981901447,-28.0163660844144,0 -48.6264139622592,-28.0163440794099,0 -48.6264370631754,-28.0163107599276,0 -48.6264435707849,-28.016301010163,0 -48.6264561706112,-28.0162813233712,0 -48.6264808541015,-28.0162416880867,0 -48.6264935261212,-28.0162220476968,0 -48.6265390501983,-28.0161536826085,0 -48.6265619405838,-28.0161195746941,0 -48.6265817159397,-28.0160904652167,0 -48.6266218251858,-28.0160325543892,0 -48.6266363418308,-28.0160121610845,0 -48.6266437338113,-28.0160020383337,0 -48.6266549947115,-28.0159869483376,0 -48.6266722596295,-28.0159645538497,0 -48.6266899786553,-28.0159424199832,0 -48.6266990055468,-28.0159314597505,0 -48.626723935219,-28.0159021782598,0 -48.6267409128811,-28.0158828914421,0 -48.6267754512706,-28.0158447530249,0 -48.6268104547801,-28.0158069381931,0 -48.6268571074271,-28.0157565298271,0 -48.6268801565727,-28.0157311314028,0 -48.6269028529266,-28.0157054922748,0 -48.626914033595,-28.0156925574695,0 -48.62693054959,-28.0156729834368,0 -48.626984403438,-28.0156077034414,0 -48.6270111296494,-28.0155749333028,0 -48.6270653318917,-28.0155085049893,0 -48.6270830352387,-28.0154861449997,0 -48.6270917340091,-28.0154748629586,0 -48.6271700736197,-28.0153714061911,0 -48.6272434028048,-28.0152743408945,0 -48.6272578073584,-28.0152549737622,0 -48.6272672628158,-28.015241981589,0 -48.6272857905645,-28.0152157835532,0 -48.627294874654,-28.0152025773436,0 -48.6273126834611,-28.0151759698198,0 -48.627329997837,-28.0151491004244,0 -48.6273412826783,-28.0151310424191,0 -48.6273486833011,-28.0151189349941,0 -48.6273632174682,-28.0150945894159,0 -48.6273690505324,-28.0150845211999,0 -48.6273803755613,-28.0150642621241,0 -48.6273912327185,-28.0150438319545,0 -48.6273982458913,-28.01503012131,0 -48.627411703207,-28.0150024726591,0 -48.627445260875,-28.0149307878922,0 -48.6274618383388,-28.0148948740135,0 -48.6275112175118,-28.0147859179913,0 -48.6275287254004,-28.0147475298348,0 -48.6275376649704,-28.0147284025689,0 -48.6275468943393,-28.0147093882474,0 -48.6275516687145,-28.01469994222,0 -48.6275615856508,-28.0146812107237,0 -48.6275667708324,-28.0146719342514,0 -48.6275748712926,-28.0146581608667,0 -48.6275824308628,-28.0146458485511,0 -48.6275978712931,-28.0146214288259,0 -48.6276136330187,-28.0145971853691,0 -48.6276456293503,-28.014548951133,0 -48.6277828140952,-28.014342565874,0 -48.6278516373576,-28.0142395032833,0 -48.6279204252988,-28.0141370265534,0 -48.6279429512788,-28.0141039314447,0 -48.6279729960299,-28.0140598141631,0 -48.6279876668258,-28.0140375729443,0 -48.6280537972733,-28.0139344191274,0 -48.628301672163,-28.0135469773245,0 -48.6283670207307,-28.0134451535722,0 -48.628390679892,-28.0134089559294,0 -48.6284225000554,-28.0133608269242,0 -48.6284381487529,-28.0133366265602,0 -48.6284469010537,-28.0133227740479,0 -48.6284640835633,-28.0132949285356,0 -48.6284809137722,-28.0132669051156,0 -48.6285140114998,-28.013210595776,0 -48.6285363573861,-28.0131721378734,0 -48.6285806970396,-28.0130950623266,0 -48.6286689429827,-28.012940714253,0 -48.6287134512355,-28.012863723069,0 -48.628733388409,-28.0128304300189,0 -48.6287603341958,-28.0127861951548,0 -48.6287734375205,-28.0127639091555,0 -48.6287797400784,-28.0127528207822,0 -48.6287920347234,-28.0127305114604,0 -48.6288040354154,-28.0127080803117,0 -48.6288277145022,-28.0126630582471,0 -48.6288477063363,-28.0126243790156,0 -48.6288607180912,-28.0125984825831,0 -48.6288863211579,-28.0125463927802,0 -48.6288935121004,-28.0125309525552,0 -48.6288968649654,-28.0125231605172,0 -48.6289015840352,-28.0125113855996,0 -48.6289058710341,-28.0124994771105,0 -48.6289078531961,-28.0124934661112,0 -48.6289114533262,-28.0124813563207,0 -48.6289130636285,-28.0124752392236,0 -48.6289152362592,-28.0124660015617,0 -48.628916952329,-28.0124569267419,0 -48.6289178373503,-28.0124508604592,0 -48.6289190799014,-28.0124387011668,0 -48.628919467838,-28.0124326081312,0 -48.6289198673685,-28.0124204073038,0 -48.6289198804627,-28.012408199256,0 -48.6289193573024,-28.0123838193886,0 -48.6289189351132,-28.0123631855823,0 -48.6289185289336,-28.0123528653122,0 -48.6289177607199,-28.0123425569672,0 -48.6289171796759,-28.0123374131636,0 -48.628915535877,-28.0123271618505,0 -48.6289144156271,-28.0123220445372,0 -48.6289123059425,-28.0123143922732,0 -48.6289081796932,-28.0123022576217,0 -48.6289051429989,-28.0122943189565,0 -48.6288985800343,-28.0122786953169,0 -48.6288774025644,-28.0122327552985,0 -48.6288708099956,-28.0122172936081,0 -48.6288677667925,-28.0122094539588,0 -48.6288592146929,-28.012186794182,0 -48.6288418043555,-28.0121415414873,0 -48.6288186173051,-28.0120811749137,0 -48.6288073323884,-28.0120508978233,0 -48.6287964507728,-28.0120205098399,0 -48.6287911930988,-28.0120052699951,0 -48.6287811378952,-28.0119746622202,0 -48.6287763788241,-28.011959294954,0 -48.6287696193051,-28.0119361335704,0 -48.6287633583633,-28.0119128458665,0 -48.6287604326422,-28.0119011466219,0 -48.6287575791716,-28.011888925444,0 -48.6287524432468,-28.0118644208002,0 -48.6287479285829,-28.0118398547356,0 -48.628745174888,-28.0118234487361,0 -48.6287399885463,-28.0117905695839,0 -48.6287331557658,-28.0117433698301,0 -48.6287243157429,-28.0116804179935,0 -48.6287194143657,-28.0116490053596,0 -48.6287169966027,-28.0116349963671,0 -48.6287116798148,-28.0116070510304,0 -48.6287004589238,-28.0115512306238,0 -48.628695276718,-28.0115232606245,0 -48.6286936761022,-28.0115133619622,0 -48.6286909084126,-28.0114935175997,0 -48.6286858096247,-28.0114537560058,0 -48.6286826671021,-28.0114339415206,0 -48.6286779440289,-28.011409146063,0 -48.6286753687335,-28.0113967760353,0 -48.6286712069659,-28.0113782794436,0 -48.6286642906161,-28.0113506672149,0 -48.6286428000722,-28.0112730963421,0 -48.6286387299865,-28.0112579485844,0 -48.6286309674903,-28.0112275786325,0 -48.6286299005777,-28.0112224352528,0 -48.6286293969243,-28.0112189708159,0 -48.6286288585024,-28.0112119960653,0 -48.6286288032762,-28.0112084848478,0 -48.6286290389072,-28.011201441952,0 -48.6286296710998,-28.0111943970897,0 -48.6286317465198,-28.0111804204932,0 -48.6286332473752,-28.0111736340412,0 -48.6286342453674,-28.0111703128265,0 -48.6286360404947,-28.0111654171057,0 -48.6286382401295,-28.011160609873,0 -48.6286394917346,-28.0111582314559,0 -48.6286423270949,-28.011153551948,0 -48.628643913085,-28.0111512338235,0 -48.6286465218485,-28.0111478049356,0 -48.6286481898622,-28.01114582141,0 -48.6286517173121,-28.0111422371064,0 -48.6286555276315,-28.0111390817365,0 -48.6286582512397,-28.0111371797634,0 -48.6286641954449,-28.0111337181294,0 -48.628667761945,-28.0111319480074,0 -48.6286749681258,-28.0111288060926,0 -48.6286822741889,-28.0111260899528,0 -48.6286971111728,-28.0111213835419,0 -48.6286992465224,-28.0111208972184,0 -48.628703653923,-28.0111205674136,0 -48.6287096565276,-28.0111204722115,0 -48.6287126323172,-28.0111201446816,0 -48.6287155570051,-28.0111193740446,0 -48.6287169813921,-28.0111187669584,0 -48.6287206133325,-28.0111168988356,0 -48.6287275543627,-28.0111128590798,0 -48.6287340657934,-28.0111084600012,0 -48.6287381602333,-28.0111053365179,0 -48.6287407903224,-28.0111031713387,0 -48.6287457895912,-28.0110986558421,0 -48.6287510082077,-28.0110933053906,0 -48.628754253712,-28.011089589553,0 -48.6287601883928,-28.0110818332658,0 -48.6287628788511,-28.0110778192727,0 -48.6287677169519,-28.0110695296895,0 -48.6287718290396,-28.0110609566229,0 -48.6287741736034,-28.0110551137892,0 -48.6287755611198,-28.0110511769869,0 -48.6287779113803,-28.0110432051829,0 -48.6287794545942,-28.0110357877884,0 -48.6287799561071,-28.0110320157781,0 -48.6287803227318,-28.0110263288026,0 -48.6287802051409,-28.0110206510927,0 -48.6287799516988,-28.0110178314575,0 -48.6287790369297,-28.0110122578417,0 -48.6287783630158,-28.0110095119046,0 -48.6287770788665,-28.01100547502,0 -48.6287655126543,-28.0109737672686,0 -48.6287543208848,-28.0109430671812,0 -48.6287529961509,-28.0109385603858,0 -48.6287525604756,-28.010936269597,0 -48.6287521998724,-28.0109327900065,0 -48.6287523332951,-28.0109275225067,0 -48.6287533154431,-28.0109222338592,0 -48.6287541456126,-28.0109196047504,0 -48.628756476337,-28.0109143933493,0 -48.6287579963312,-28.0109118301168,0 -48.6287607223802,-28.010908060705,0 -48.6287633189949,-28.0109051008148,0 -48.6287651472304,-28.0109033094993,0 -48.6287689763395,-28.0109001456385,0 -48.6287709910647,-28.0108987639702,0 -48.6287752010187,-28.0108964002644,0 -48.6287796335562,-28.0108945547691,0 -48.6287827023684,-28.0108936065337,0 -48.6287847998581,-28.0108930920194,0 -48.6287890968213,-28.0108923362539,0 -48.6287923163798,-28.0108920129293,0 -48.6287988265066,-28.0108918637007,0 -48.6288053647084,-28.0108922739333,0 -48.6288096726622,-28.0108927723375,0 -48.6288180832101,-28.0108941356824,0 -48.6288211464567,-28.0108948290349,0 -48.6288272366955,-28.01089676583,0 -48.6288353333518,-28.0108997390068,0 -48.6288393940167,-28.0109010448977,0 -48.6288434596917,-28.0109020088802,0 -48.6288454962023,-28.0109023232418,0 -48.6288490084966,-28.0109025733073,0 -48.6288513754782,-28.0109025601891,0 -48.6288561224807,-28.0109021371113,0 -48.6288585101794,-28.0109017449071,0 -48.6288633025944,-28.0109006369713,0 -48.6288680948708,-28.0108991672123,0 -48.6288712800759,-28.0108980045523,0 -48.6288776105141,-28.0108953795032,0 -48.6288794212531,-28.01089449987,0 -48.628882718916,-28.0108924811348,0 -48.6288856565283,-28.0108901857838,0 -48.6288874418612,-28.0108885115794,0 -48.6288907129205,-28.0108849316552,0 -48.6288951289017,-28.0108791972635,0 -48.6289010277292,-28.0108715752757,0 -48.6289043373213,-28.0108680775222,0 -48.6289081286459,-28.0108649669754,0 -48.6289102428499,-28.0108636046447,0 -48.628913766537,-28.0108618337768,0 -48.6289204310462,-28.010859368141,0 -48.6289238061175,-28.0108584609844,0 -48.6289288568524,-28.010857627906,0 -48.628932194651,-28.0108574872536,0 -48.628933847791,-28.0108575697545,0 -48.6289363139302,-28.0108578739065,0 -48.6289462685379,-28.0108600216771,0 -48.6289528896436,-28.0108618591375,0 -48.6289572816091,-28.0108632527993,0 -48.6289660066068,-28.0108664075346,0 -48.6289705485656,-28.0108682906177,0 -48.6289793044533,-28.0108723578712,0 -48.6289963633866,-28.0108808540921,0 -48.6290051612928,-28.010884759608,0 -48.6290146541168,-28.0108882437025,0 -48.6290195515475,-28.0108897628375,0 -48.6290249295716,-28.0108911547902,0 -48.6290270101285,-28.0108916962535,0 -48.6290345517953,-28.0108931795157,0 -48.6290383236705,-28.0108937319937,0 -48.6290458427976,-28.0108944031106,0 -48.6290495714407,-28.0108945214285,0 -48.6290550723678,-28.0108943823071,0 -48.6290603334416,-28.0108938050819,0 -48.629063794365,-28.0108931428201,0 -48.629066084074,-28.0108925781991,0 -48.6290706185744,-28.0108911766789,0 -48.6290739610169,-28.0108898895121,0 -48.6290804937543,-28.0108867541264,0 -48.6290867716511,-28.0108829017157,0 -48.6290907885358,-28.0108799751404,0 -48.6290933886919,-28.0108778727697,0 -48.6290983786022,-28.0108733301124,0 -48.6291052445288,-28.0108662028264,0 -48.6291094561629,-28.0108614396684,0 -48.6291120963638,-28.0108582459181,0 -48.6291170481853,-28.0108518163998,0 -48.6291204690615,-28.0108469492777,0 -48.6291266538002,-28.0108370676684,0 -48.6291321007989,-28.0108269563453,0 -48.6291353734256,-28.0108200473623,0 -48.6291374381461,-28.0108153639059,0 -48.6291413078768,-28.0108057854418,0 -48.6291684595842,-28.0107339350409,0 -48.6291816820994,-28.010698035131,0 -48.6292009398422,-28.0106441219031,0 -48.6292133291642,-28.0106080996705,0 -48.6292193749344,-28.0105900584484,0 -48.6292282345671,-28.0105629354578,0 -48.6292396356976,-28.0105266433905,0 -48.6292451482587,-28.0105084398665,0 -48.6292531596988,-28.0104810582697,0 -48.6292645770174,-28.0104397494532,0 -48.6292700571416,-28.0104179277127,0 -48.6292733959833,-28.0104033500421,0 -48.62927962596,-28.0103741236427,0 -48.6292809347217,-28.0103673790247,0 -48.6292830397966,-28.0103537999907,0 -48.6292844899904,-28.0103401463238,0 -48.6292850941872,-28.0103310346851,0 -48.6292853514275,-28.010324957564,0 -48.6292854848741,-28.0103128330941,0 -48.6292852326469,-28.010308569502,0 -48.6292848340611,-28.0103057748982,0 -48.6292835213356,-28.0103002660106,0 -48.6292826253651,-28.0102975437794,0 -48.6292803457712,-28.010292180669,0 -48.6292774728288,-28.0102868800145,0 -48.629275251971,-28.0102833677735,0 -48.6292701383354,-28.0102763950295,0 -48.629268412084,-28.010274353475,0 -48.6292647208877,-28.0102707707033,0 -48.6292606891411,-28.0102677773793,0 -48.6292578090925,-28.0102660584605,0 -48.6292557983279,-28.0102650225608,0 -48.6292515483808,-28.0102631803233,0 -48.6292499141795,-28.0102626019581,0 -48.6292465557301,-28.0102617316983,0 -48.6292431308396,-28.0102612033882,0 -48.6292408192701,-28.0102610104006,0 -48.6292361222119,-28.0102609111745,0 -48.6292289710991,-28.0102612030144,0 -48.6292194529599,-28.0102616522661,0 -48.6292147681025,-28.0102615626119,0 -48.6292101860147,-28.0102610589402,0 -48.6292079389087,-28.0102606142857,0 -48.6292046438051,-28.0102596283662,0 -48.6292008755785,-28.0102581738834,0 -48.6291937284398,-28.0102548288599,0 -48.6291869435798,-28.0102509222992,0 -48.629182552542,-28.0102479861053,0 -48.6291796603235,-28.0102458880821,0 -48.6291738864729,-28.010241322137,0 -48.6291687853738,-28.0102369214507,0 -48.6291661874487,-28.0102344760474,0 -48.6291625811782,-28.0102306425106,0 -48.6291597068327,-28.0102267940684,0 -48.6291586903595,-28.0102249272223,0 -48.6291578764055,-28.0102225401399,0 -48.6291577385904,-28.0102214098948,0 -48.629157936083,-28.0102198162256,0 -48.6291586289063,-28.0102183572183,0 -48.6291591947394,-28.0102176813409,0 -48.6291613767848,-28.010215544217,0 -48.629166142694,-28.0102113677712,0 -48.6291714285401,-28.0102073357738,0 -48.6291752062919,-28.0102047299906,0 -48.6291832969002,-28.0101997352778,0 -48.6291897772647,-28.0101961842915,0 -48.6291942622513,-28.010193897461,0 -48.6292035680403,-28.0101895735617,0 -48.6292083505898,-28.0101875264706,0 -48.6292181030505,-28.0101836888506,0 -48.6292280009981,-28.0101801781123,0 -48.6292346155424,-28.0101780365193,0 -48.629247709899,-28.0101742383912,0 -48.6292543559783,-28.0101726117104,0 -48.6292677513741,-28.0101700275973,0 -48.6292855968252,-28.0101670059025,0 -48.6292943996497,-28.0101652181778,0 -48.6293030796507,-28.0101630037309,0 -48.6293073509682,-28.0101616609923,0 -48.6295902101942,-28.0100668652153,0 -48.629667751698,-28.0100533964858,0 -48.6296729187942,-28.0100523484033,0 -48.6296763104366,-28.0100515048451,0 -48.6296829951935,-28.0100494999172,0 -48.6296928043089,-28.0100458791204,0 -48.6296992480911,-28.0100431755809,0 -48.6297120313338,-28.0100374318656,0 -48.6297264143001,-28.0100304975634,0 -48.6297333905117,-28.0100268014547,0 -48.6297436421001,-28.0100209689006,0 -48.629748682662,-28.0100179068651,0 -48.6297586348627,-28.0100114644581,0 -48.6297719441481,-28.010002129779,0 -48.6297783336213,-28.009997259331,0 -48.6297874690781,-28.0099895763858,0 -48.629793210193,-28.0099841352237,0 -48.6297959541055,-28.0099813039665,0 -48.6297999136043,-28.0099769153271,0 -48.629805092861,-28.0099707788294,0 -48.6298151340944,-28.0099584012308,0 -48.629824782723,-28.0099458450347,0 -48.6298310455011,-28.0099373811764,0 -48.6298432674973,-28.009920232341,0 -48.6298665906321,-28.0098863112952,0 -48.6298779933045,-28.009869229277,0 -48.6298946768927,-28.0098433233614,0 -48.629906947518,-28.00982338653,0 -48.6299128308828,-28.0098133195949,0 -48.6299211167944,-28.0097979879524,0 -48.6299261330917,-28.0097875899477,0 -48.6299284748387,-28.0097823247424,0 -48.6299317204241,-28.0097743231986,0 -48.6299404270067,-28.0097508333385,0 -48.6299459868021,-28.0097351121209,0 -48.6299567039376,-28.0097035724248,0 -48.6300145266563,-28.0095283246376,0 -48.6300657302621,-28.009372506465,0 -48.6300914998351,-28.0092946407397,0 -48.6301306059984,-28.0091779631035,0 -48.6301634386926,-28.009082931647,0 -48.6301755283,-28.00904629008,0 -48.6301991848564,-28.0089728723628,0 -48.6302137923611,-28.008926999052,0 -48.6302424330046,-28.0088350982289,0 -48.6302991232799,-28.0086511602476,0 -48.6303183773108,-28.0085899464452,0 -48.630328155897,-28.0085593740982,0 -48.6303329289118,-28.0085451190633,0 -48.6303362874793,-28.008535666664,0 -48.6303433001355,-28.0085168396566,0 -48.6303650789102,-28.0084605603039,0 -48.6303719658141,-28.0084416947783,0 -48.6303752437082,-28.0084322140011,0 -48.6303911266573,-28.0083842512118,0 -48.6303988125175,-28.0083602111621,0 -48.630409912894,-28.0083240492495,0 -48.6304203866439,-28.0082877410521,0 -48.6304253501123,-28.0082695191806,0 -48.6304408523099,-28.0082106318576,0 -48.6304484107633,-28.0081811584382,0 -48.6304593925495,-28.0081368642436,0 -48.6305136181522,-28.0079127853845,0 -48.6306451718509,-28.0073662246057,0 -48.6306504507651,-28.0073438216112,0 -48.6306605627664,-28.0072989440498,0 -48.6306738192936,-28.0072390531007,0 -48.6306806733808,-28.0072091517218,0 -48.6306878558283,-28.007179301714,0 -48.6306916184743,-28.0071643975642,0 -48.6306969091872,-28.0071442323324,0 -48.6307079943865,-28.0071040184952,0 -48.6307197109457,-28.0070639603822,0 -48.6307278268917,-28.0070373288865,0 -48.6307447275483,-28.0069842134518,0 -48.6307578675189,-28.0069444954395,0 -48.6307668209953,-28.0069180683796,0 -48.6307850763929,-28.0068652830474,0 -48.6308410570561,-28.0067072552704,0 -48.630868621524,-28.0066281481146,0 -48.6308732864533,-28.0066151093727,0 -48.6308834011581,-28.0065892343169,0 -48.6308925653247,-28.0065662754378,0 -48.6308969735839,-28.0065547572042,0 -48.63090314104,-28.0065373678209,0 -48.6309068004647,-28.0065256742137,0 -48.6309084643333,-28.0065197926089,0 -48.6309107350148,-28.0065109079441,0 -48.6309200942041,-28.006470222645,0 -48.6309321705204,-28.0064159324722,0 -48.6309382747378,-28.0063887882488,0 -48.6310575814905,-28.0058649882456,0 -48.6311174705263,-28.0056031277578,0 -48.6311204311924,-28.0055909528833,0 -48.6311270802711,-28.0055667775915,0 -48.6311317934537,-28.0055507079705,0 -48.6311380548212,-28.0055292779265,0 -48.63114105748,-28.0055185295816,0 -48.6311452143787,-28.005502332516,0 -48.6311470999861,-28.0054941995429,0 -48.6311512159557,-28.0054752228532,0 -48.6311590496388,-28.0054372361727,0 -48.6311664112475,-28.0053991868318,0 -48.6311710740237,-28.0053737954537,0 -48.6311798830345,-28.0053229404589,0 -48.6311860965925,-28.0052847545714,0 -48.6311900699753,-28.0052592786122,0 -48.6311977228686,-28.0052082869316,0 -48.6312086394672,-28.0051317255486,0 -48.6312227790138,-28.0050296130337,0 -48.6312299445172,-28.0049785765987,0 -48.6312316760853,-28.0049648644067,0 -48.6312326310611,-28.0049557048219,0 -48.6312342223851,-28.0049373432612,0 -48.631237189361,-28.004900608161,0 -48.6312391475091,-28.0048822980827,0 -48.6312418239651,-28.0048640549084,0 -48.6312435069908,-28.0048549706561,0 -48.6312468466358,-28.0048402486345,0 -48.6312494308183,-28.004830503086,0 -48.631255231972,-28.0048111589246,0 -48.6312745780932,-28.0047535558931,0 -48.6312804882402,-28.0047342494057,0 -48.63128315308,-28.0047245322317,0 -48.6313001226124,-28.0046580007523,0 -48.6313111369175,-28.0046135726252,0 -48.6313326743611,-28.0045245894952,0 -48.6313751048963,-28.0043464320257,0 -48.6313967840638,-28.0042574601326,0 -48.631411682187,-28.0041982466491,0 -48.6314193027752,-28.0041686838914,0 -48.6314309871977,-28.0041243928624,0 -48.6314350091569,-28.0041101606167,0 -48.631437859268,-28.0041007087728,0 -48.6314438829367,-28.0040818822532,0 -48.6314563756763,-28.0040443189474,0 -48.631462387523,-28.0040254652377,0 -48.6314679584808,-28.0040065136103,0 -48.6314705033422,-28.0039969749975,0 -48.6314738392729,-28.0039835256097,0 -48.6314799375645,-28.003956552513,0 -48.6314854014347,-28.0039294787134,0 -48.6314887559019,-28.003911382142,0 -48.6314949867187,-28.0038750909904,0 -48.6314956213797,-28.0038712672861,0 -48.6315189899281,-28.0037305421916,0 -48.6315304558906,-28.0036582312955,0 -48.6315376008666,-28.0036099915647,0 -48.6315409732148,-28.003585858887,0 -48.6315457531015,-28.0035496330387,0 -48.6315514852397,-28.003501278636,0 -48.6315540480903,-28.0034770780343,0 -48.6315574660064,-28.0034407383916,0 -48.6315603258553,-28.0034043533329,0 -48.6315615395156,-28.0033861477136,0 -48.6315639750878,-28.0033439711582,0 -48.6315654440753,-28.0033158542753,0 -48.6315680187959,-28.0032596043351,0 -48.6315739739006,-28.0031189309771,0 -48.6315921698266,-28.0026881728431,0 -48.6315937295437,-28.0026578645644,0 -48.6315948620063,-28.0026427167778,0 -48.6315963819604,-28.0026276114665,0 -48.6315973114785,-28.0026200661387,0 -48.6315995720669,-28.0026050275629,0 -48.6316009335294,-28.0025975348387,0 -48.6316033056157,-28.00258633338,0 -48.6316133848592,-28.0025442973732,0 -48.6316204098925,-28.0025163935503,0 -48.6316347840221,-28.0024606625308,0 -48.631652779654,-28.0023912436156,0 -48.6316891490857,-28.0022525020581,0 -48.6317621407618,-28.0019750766715,0 -48.63179804804,-28.0018361740016,0 -48.6318179059668,-28.0017578269726,0 -48.6318276391682,-28.001718582069,0 -48.6318418494581,-28.0016596364053,0 -48.6318554522003,-28.0016005811399,0 -48.6318619667755,-28.0015710168975,0 -48.6318703126459,-28.0015315410103,0 -48.6318743232589,-28.0015117776896,0 -48.6318801265197,-28.0014821108697,0 -48.6318882882205,-28.0014375519888,0 -48.6318949408467,-28.0013978750948,0 -48.631898049113,-28.0013780059048,0 -48.6319023994114,-28.0013481879296,0 -48.6319082107705,-28.0013033721105,0 -48.6319115774756,-28.0012734468665,0 -48.631913106806,-28.0012584766338,0 -48.6319151740548,-28.0012359912179,0 -48.6319298443353,-28.0010606483081,0 -48.6319487055777,-28.0008268275287,0 -48.6319582567837,-28.0007099194875,0 -48.6319695572454,-28.0005725229529,0 -48.6319846248634,-28.0003893281228,0 -48.631992320959,-28.0002977420375,0 -48.6320043019128,-28.0001603753891,0 -48.6320105493575,-28.0000917011723,0 -48.6320114539182,-28.00008427271,0 -48.6320122957604,-28.0000793428739,0 -48.632014411199,-28.0000695440613,0 -48.6320184484432,-28.0000549694986,0 -48.6320277338517,-28.0000260576706,0 -48.6320354550968,-28.0000021083902,0 -48.632035679847,-28.0000014211124,0 -48.6320458610137,-27.9999702199648,0 -48.6320508667868,-27.9999542274704,0 -48.6320573121113,-27.9999327283735,0 -48.6320698960618,-27.9998896533003,0 -48.6320777263879,-27.9998621058549,0 -48.632081363327,-27.9998482728168,0 -48.6320846772263,-27.9998343444452,0 -48.6320861825799,-27.9998273327637,0 -48.6320875855751,-27.9998198947151,0 -48.6320897293201,-27.9998049714102,0 -48.6320911872508,-27.9997900004912,0 -48.6320918614732,-27.9997799967582,0 -48.6320928197919,-27.9997599825699,0 -48.6320949248439,-27.9997046447361,0 -48.6320988171721,-27.9995939729539,0 -48.6321064336963,-27.9993726264864,0 -48.6321108283473,-27.9992619639044,0 -48.6321128595328,-27.9992174342797,0 -48.6321156220522,-27.9991580478791,0 -48.6321168509537,-27.9991283561837,0 -48.6321186814801,-27.9990766318291,0 -48.632121647856,-27.9989731716999,0 -48.6321263161328,-27.9987662202872,0 -48.6321289452602,-27.9986627455309,0 -48.632130435882,-27.9986248025337,0 -48.63213284313,-27.9985742253442,0 -48.6321337524681,-27.998548931128,0 -48.6321341196332,-27.9985306393079,0 -48.6321342031695,-27.9985184506108,0 -48.632134006586,-27.9984940763128,0 -48.6321328952008,-27.9984575142898,0 -48.6321316978107,-27.9984331403706,0 -48.6321307316087,-27.9984168913182,0 -48.6321284353568,-27.9983844051178,0 -48.6321264777846,-27.9983600368247,0 -48.6321221554021,-27.998311310294,0 -48.6321161636999,-27.9982463413198,0 -48.6321133568164,-27.998213855132,0 -48.6321097284267,-27.9981651141237,0 -48.6321078673535,-27.998132617247,0 -48.6321071531569,-27.9981163637247,0 -48.6321063977535,-27.9980919797973,0 -48.6321060667862,-27.9980675938207,0 -48.6321060773279,-27.9980553950539,0 -48.6321062946889,-27.998042676118,0 -48.6321074021036,-27.9980172327645,0 -48.6321102836914,-27.9979663564441,0 -48.6321108172288,-27.9979493936177,0 -48.6321109215958,-27.9979409050005,0 -48.6321107103263,-27.9978864205062,0 -48.6321101832122,-27.9978500943422,0 -48.6321085095993,-27.9977774214289,0 -48.6321044276202,-27.9976320816651,0 -48.6321030405442,-27.9975594136872,0 -48.6321027053622,-27.9975109634729,0 -48.6321027696239,-27.997486747317,0 -48.6321032061117,-27.9974504190299,0 -48.6321035353343,-27.9974367553366,0 -48.6321045210851,-27.9974094412993,0 -48.6321067121166,-27.9973548181084,0 -48.6321072686619,-27.9973274972264,0 -48.6321118693149,-27.9967429427378,0 -48.6321117960837,-27.9967025997434,0 -48.6321116938538,-27.996666731933,0 -48.6321119053025,-27.9966488069573,0 -48.6321128180875,-27.996621934437,0 -48.632223035363,-27.9944591611342,0 -48.6321741352214,-27.9940996019021,0 -48.6321090516025,-27.9937381034215,0 -48.6320762880554,-27.9934188929541,0 -48.6320632894118,-27.9931765827181,0 -48.6320649703567,-27.9931262094118,0 -48.6320663101092,-27.9930714360475,0 -48.6320592841122,-27.9929900725218,0 -48.6320007560783,-27.9926744240648,0 -48.6319533226462,-27.9924398126993,0 -48.6319108706558,-27.9921484877359,0 -48.6318418603402,-27.9918203159237,0 -48.6318313905545,-27.9917329100486,0 -48.6318340703708,-27.9916233814936,0 -48.6318319733086,-27.9915249590225,0 -48.6318179923731,-27.9914334779145,0 -48.6317992744679,-27.9913515064951,0 -48.6317715147369,-27.9912709493815,0 -48.6317182143406,-27.9911290835245,0 -48.6315679127367,-27.9906463005822,0 -48.6314629038718,-27.9902635864012,0 -48.6313403026506,-27.989716594882,0 -48.6312060473288,-27.9891695285496,0 -48.631164729897,-27.989055199511,0 -48.6311202554983,-27.9889591869111,0 -48.6309251329763,-27.9883272118778,0 -48.6308551086255,-27.9880637343124,0 -48.6306612105552,-27.9873415327987,0 -48.6302446996046,-27.9856581841585,0 -48.6301752959207,-27.9854696075171,0 -48.630052579722,-27.985255975427,0 -48.6298935994739,-27.9850576078867,0 -48.6297566688067,-27.9848372881942,0 -48.6296634408134,-27.9845372548654,0 -48.6294150282506,-27.9837377686556,0 -48.6291682076272,-27.9823361796983,0 -48.6291109201022,-27.9820886666406,0 -48.629083400879,-27.9818753400497,0 -48.629172280256,-27.9806404735685,0 -48.6291048271267,-27.9796879561457,0 -48.6290580438896,-27.9788435645971,0 -48.6290561144551,-27.9788123573631,0 -48.6290546158452,-27.9787915694392,0 -48.6290511258794,-27.9787500308036,0 -48.6290491487984,-27.9787292797874,0 -48.6290447732039,-27.9786878161969,0 -48.6290398658225,-27.978646388044,0 -48.6290363208585,-27.9786187887926,0 -48.6290286772251,-27.978563635262,0 -48.6290225051732,-27.978522311414,0 -48.6290182089145,-27.978494771901,0 -48.6290092619771,-27.9784397308202,0 -48.6289951693512,-27.9783572159817,0 -48.6289661146211,-27.9781922627259,0 -48.6289519914559,-27.9781097567189,0 -48.6289452210917,-27.9780684770707,0 -48.6289355717216,-27.9780065305303,0 -48.628897363769,-27.9777525698167,0 -48.6288208160206,-27.9772446818809,0 -48.62880052413,-27.977109203815,0 -48.628740956358,-27.9767088924633,0 -48.6286493221551,-27.9760744226662,0 -48.6286443647607,-27.9760404200733,0 -48.6286349105512,-27.9759772493266,0 -48.628620113171,-27.9758825684924,0 -48.6286096706798,-27.9758195167269,0 -48.6286042437956,-27.9757880051957,0 -48.6285957742707,-27.9757407859159,0 -48.6285938053558,-27.9757304386546,0 -48.6285894982223,-27.9757098104573,0 -48.6285847461883,-27.9756892731654,0 -48.6285813449993,-27.9756756348907,0 -48.6285740613172,-27.9756484403581,0 -48.6285682377915,-27.9756281103804,0 -48.6285641937083,-27.9756145964942,0 -48.6285557992789,-27.9755876174098,0 -48.6285470990032,-27.9755606963826,0 -48.6285291963091,-27.9755069536073,0 -48.6285157501786,-27.9754666415139,0 -48.6285026898685,-27.9754262457559,0 -48.6284964253657,-27.975405998488,0 -48.6284874874741,-27.9753755366458,0 -48.6284792340113,-27.9753449235951,0 -48.6284754133385,-27.9753295636968,0 -48.6283540911075,-27.9748238898177,0 -48.6283256949689,-27.9747063811793,0 -48.6282684438402,-27.9744714193061,0 -48.6282645025858,-27.9744555341407,0 -48.6282623189451,-27.9744475743911,0 -48.6282584584146,-27.9744357956731,0 -48.6282553641738,-27.9744281181555,0 -48.6282536189295,-27.9744243613406,0 -48.6282507214098,-27.9744188344673,0 -48.6282462627901,-27.9744117375539,0 -48.6282437541579,-27.974408310669,0 -48.6282395961989,-27.9744033485696,0 -48.6282349331274,-27.974398621175,0 -48.6282323909665,-27.9743963579305,0 -48.6282274707815,-27.9743922396011,0 -48.6282174584396,-27.9743844064057,0 -48.6282072421932,-27.9743770752521,0 -48.6282003184341,-27.9743724443385,0 -48.6281862627132,-27.9743637109131,0 -48.6281755328329,-27.9743575709129,0 -48.6281683090609,-27.974353638641,0 -48.6281537066376,-27.9743461051599,0 -48.6281389263923,-27.9743389023453,0 -48.6281090051205,-27.9743249960478,0 -48.6280864261378,-27.9743145102446,0 -48.6280087750624,-27.9742779903103,0 -48.6278533768798,-27.9742052642214,0 -48.6277758087901,-27.9741686728986,0 -48.627737091174,-27.9741502481228,0 -48.6276748156872,-27.9741204080402,0 -48.6275504602071,-27.9740604167072,0 -48.6274263364037,-27.9740000498198,0 -48.6273436770265,-27.9739596348948,0 -48.6271785029583,-27.9738784384185,0 -48.6271557598062,-27.9738672997891,0 -48.6271099841735,-27.9738450351498,0 -48.6270756566141,-27.9738281470103,0 -48.62704155892,-27.9738108751238,0 -48.627024678419,-27.9738020300563,0 -48.6270023822615,-27.9737899695044,0 -48.6269913476353,-27.9737838147953,0 -48.6269749574416,-27.9737743916687,0 -48.626950793747,-27.9737597997203,0 -48.6269297968362,-27.9737463093358,0 -48.6269194912298,-27.9737393548934,0 -48.6269042975222,-27.9737286620752,0 -48.6268894347745,-27.9737176142469,0 -48.6268821417433,-27.9737119481562,0 -48.6268678404154,-27.9737003323116,0 -48.6268608484336,-27.9736943740277,0 -48.6268505397728,-27.973685236481,0 -48.6265558242367,-27.9734171031317,0 -48.626118034438,-27.9730194469791,0 -48.626107338306,-27.9730094270505,0 -48.6261004220263,-27.9730026219324,0 -48.6260870680457,-27.9729886856713,0 -48.6260806202306,-27.9729815631653,0 -48.6260681833591,-27.9729670474093,0 -48.6260562926258,-27.9729521798099,0 -48.6260486558219,-27.972942077217,0 -48.6260436948221,-27.9729352695051,0 -48.6260340374037,-27.9729214692015,0 -48.6260287620071,-27.9729136091463,0 -48.6260185208266,-27.9728976873106,0 -48.6260086510276,-27.9728815191064,0 -48.6260022630473,-27.9728706175016,0 -48.6259899004116,-27.9728485504738,0 -48.6259809355156,-27.9728317937529,0 -48.6259636415082,-27.9727978573204,0 -48.6259524444307,-27.9727749981037,0 -48.625930440819,-27.9727289802114,0 -48.6259139119968,-27.9726944346732,0 -48.6258970113329,-27.9726600721603,0 -48.6258883196202,-27.9726430222124,0 -48.6258748673754,-27.9726176882286,0 -48.6258608127932,-27.9725926952023,0 -48.6258535116918,-27.9725803520172,0 -48.6258434585075,-27.9725640908696,0 -48.6258382809198,-27.9725560430498,0 -48.625830331021,-27.9725440945411,0 -48.6258179119507,-27.97252644769,0 -48.6257754856089,-27.9724676799501,0 -48.6257610547281,-27.9724482569884,0 -48.6257537020397,-27.9724386378608,0 -48.6257386523503,-27.9724196282654,0 -48.6257309196364,-27.9724102823399,0 -48.6257190040412,-27.9723964694613,0 -48.6257080596064,-27.9723844516188,0 -48.6257024470457,-27.9723785347221,0 -48.6256938348859,-27.9723698052833,0 -48.625680465074,-27.9723570505549,0 -48.6256664967067,-27.9723447189052,0 -48.6256592696604,-27.9723387377827,0 -48.6256459889595,-27.972328060246,0 -48.6256192643804,-27.9723069903768,0 -48.6255923161279,-27.972286277361,0 -48.6255742317623,-27.9722726564427,0 -48.6255378051223,-27.9722458336481,0 -48.6255102497636,-27.9722260485575,0 -48.6254917844575,-27.9722129982036,0 -48.6254546245239,-27.9721872008295,0 -48.6254359396075,-27.9721744352525,0 -48.6253983722235,-27.9721491446481,0 -48.6253605548087,-27.9721241118581,0 -48.625335223597,-27.9721075411335,0 -48.6252842994853,-27.9720745669761,0 -48.6252138584828,-27.9720295171962,0 -48.6251667883745,-27.971999686417,0 -48.6250724651974,-27.9719403102297,0 -48.6250646712158,-27.9719355198518,0 -48.6250488566625,-27.9719262870901,0 -48.6250001373614,-27.9718993675062,0 -48.6249846397109,-27.9718904216276,0 -48.6249767058066,-27.9718856194661,0 -48.6249649289538,-27.9718781074846,0 -48.6249604939138,-27.9718750443413,0 -48.6249521432173,-27.9718684847984,0 -48.6249444527779,-27.9718614041147,0 -48.6249396636151,-27.971856412849,0 -48.6249366185811,-27.9718529860075,0 -48.6249308492623,-27.9718458751717,0 -48.6249248424664,-27.9718375425969,0 -48.6249210963098,-27.9718318027461,0 -48.6249141600635,-27.971819970827,0 -48.6249109470359,-27.9718139064491,0 -48.6249049287909,-27.9718015672033,0 -48.6248993898619,-27.9717890379776,0 -48.6248892184716,-27.9717639136761,0 -48.6248884327547,-27.9717617528561,0 -48.6248871750123,-27.9717573545774,0 -48.624886309879,-27.9717528733129,0 -48.6248859188985,-27.9717498530317,0 -48.6248855345189,-27.9717437290186,0 -48.6248857088947,-27.9717343841455,0 -48.6248873315009,-27.9717155357659,0 -48.6248879709148,-27.9717061994757,0 -48.6248880841151,-27.9717015996324,0 -48.6248878891359,-27.9716955510347,0 -48.6248876087904,-27.9716925772726,0 -48.6248869425809,-27.9716881897616,0 -48.6248859110336,-27.9716838862582,0 -48.6248852458732,-27.9716817721286,0 -48.6248835760527,-27.9716776376856,0 -48.6248825658118,-27.9716756172758,0 -48.6248808117767,-27.9716726367842,0 -48.6248695844993,-27.9716558133882,0 -48.6248618695952,-27.9716447263563,0 -48.6248459365748,-27.9716228140021,0 -48.6248295201862,-27.9716011636998,0 -48.6247958953981,-27.9715582833756,0 -48.6247706513133,-27.9715261408609,0 -48.6247541442767,-27.9715045523175,0 -48.624746036492,-27.9714936749258,0 -48.6247341527789,-27.9714772284375,0 -48.624722637169,-27.9714605718744,0 -48.6247170488786,-27.9714521650144,0 -48.6246852966796,-27.9714040565552,0 -48.6246214458334,-27.9713079145885,0 -48.6245897884534,-27.9712596722714,0 -48.6245741289644,-27.9712354730777,0 -48.6245432733567,-27.9711868205485,0 -48.624528126182,-27.9711623416241,0 -48.6245058675999,-27.9711254230474,0 -48.6244841735987,-27.9710886133498,0 -48.6244413593641,-27.9710147698027,0 -48.6243991172672,-27.97094069216,0 -48.6243154727505,-27.9707921008603,0 -48.624262172322,-27.9706972149166,0 -48.6242358074529,-27.9706496598403,0 -48.6242098913519,-27.9706019225153,0 -48.624197162011,-27.9705779633545,0 -48.6241804765111,-27.9705458782911,0 -48.6241722826157,-27.9705297659112,0 -48.6241601734849,-27.9705055283359,0 -48.6241425092169,-27.9704689418637,0 -48.6241340359377,-27.9704501812096,0 -48.6241287531554,-27.9704375754277,0 -48.624125383652,-27.9704291165634,0 -48.6241189365964,-27.9704121234739,0 -48.6241143396021,-27.9703993031951,0 -48.6241056365187,-27.9703735097582,0 -48.6240974037102,-27.9703475707956,0 -48.6240814910234,-27.9702955405114,0 -48.6240691502947,-27.9702566278065,0 -48.6240625841555,-27.970237286049,0 -48.6240556376275,-27.9702180643841,0 -48.6240519933763,-27.9702085004373,0 -48.6240349881673,-27.970165139947,0 -48.6240235063201,-27.9701362849675,0 -48.6240002437089,-27.9700786860431,0 -48.6239884569254,-27.9700499337332,0 -48.623964580669,-27.9699925141989,0 -48.6239403308497,-27.9699351873358,0 -48.6239239593984,-27.9698970172849,0 -48.6238907644001,-27.9698207591339,0 -48.6238543974668,-27.9697384367366,0 -48.6238357633934,-27.9696974304861,0 -48.6238165448678,-27.969656657552,0 -48.6238066513355,-27.9696363925618,0 -48.6237931138617,-27.9696095226305,0 -48.623786181092,-27.969596156974,0 -48.623775542807,-27.9695762222104,0 -48.6237590174904,-27.9695465756968,0 -48.6237436922049,-27.9695205053512,0 -48.6237357862202,-27.9695075920874,0 -48.6237235855231,-27.969488361125,0 -48.6237109842711,-27.9694693214985,0 -48.6237045144521,-27.9694598799921,0 -48.6236912250741,-27.9694411622083,0 -48.6236844063283,-27.9694318771334,0 -48.6236739364175,-27.9694180714567,0 -48.6236589344655,-27.9693991258184,0 -48.6236487071129,-27.9693866774449,0 -48.6236277722555,-27.9693621793791,0 -48.6236170897293,-27.969350093771,0 -48.6235954205249,-27.9693261871484,0 -48.6235734262579,-27.969302537047,0 -48.6235290606942,-27.9692555728657,0 -48.6234960044458,-27.9692202001124,0 -48.6234797085701,-27.9692023324301,0 -48.6234557306707,-27.9691751741046,0 -48.6234429397657,-27.9691605165441,0 -48.6234168702879,-27.9691314903796,0 -48.6233992503548,-27.96911228249,0 -48.6233638214815,-27.9690739724803,0 -48.623337431047,-27.9690451302024,0 -48.6233115041338,-27.9690159979924,0 -48.6232988068203,-27.9690012605311,0 -48.6232802132398,-27.9689789049706,0 -48.6232642005466,-27.9689587054644,0 -48.6232564188275,-27.9689484746671,0 -48.623245041439,-27.9689329477049,0 -48.6232340556682,-27.9689171846437,0 -48.6232287224615,-27.9689092061926,0 -48.623218395416,-27.9688930480855,0 -48.6232134024024,-27.9688848590815,0 -48.62320616437,-27.968872435909,0 -48.6231988204402,-27.9688592977265,0 -48.623184651396,-27.9688328684165,0 -48.6231711113112,-27.9688062418045,0 -48.62316239658,-27.9687884065381,0 -48.6231456117846,-27.9687525296127,0 -48.6231375109275,-27.9687345061458,0 -48.6231217488981,-27.9686983225223,0 -48.6231064480355,-27.9686619844063,0 -48.6230765215603,-27.9685890940469,0 -48.6230539901367,-27.968534422024,0 -48.6230424724222,-27.9685071364521,0 -48.6229568153115,-27.968307268136,0 -48.6229145050794,-27.9682071939515,0 -48.6228868056968,-27.9681402699781,0 -48.622873163027,-27.9681067306126,0 -48.6228529964375,-27.968056295357,0 -48.6228397027483,-27.9680215796302,0 -48.6228312308116,-27.967998334438,0 -48.6228257360236,-27.9679827923781,0 -48.6228150801677,-27.967951623158,0 -48.6228073419645,-27.967928183027,0 -48.6227924077416,-27.9678811590367,0 -48.622777984111,-27.9678340177567,0 -48.6227496865217,-27.9677395904937,0 -48.6227412570825,-27.9677101377916,0 -48.6227360494038,-27.9676904141362,0 -48.6227327328749,-27.9676772282483,0 -48.6227264103752,-27.9676507808851,0 -48.6227175290792,-27.9676109894585,0 -48.6227005870186,-27.9675312137181,0 -48.6226918179378,-27.9674913972448,0 -48.6226872130314,-27.9674715391689,0 -48.6226807289703,-27.96744513417,0 -48.6226773058347,-27.9674319734233,0 -48.6226719266758,-27.9674122919605,0 -48.6226631883762,-27.967382924233,0 -48.6226568674013,-27.9673634517326,0 -48.6226535332432,-27.9673537576389,0 -48.6226483144294,-27.9673392667075,0 -48.6226332862889,-27.9672997842593,0 -48.6226229150855,-27.9672736006382,0 -48.6226158578966,-27.9672561910643,0 -48.6226014340576,-27.9672214827672,0 -48.6225903690818,-27.9671955399304,0 -48.6225677304722,-27.9671438260965,0 -48.6225445842571,-27.9670922929313,0 -48.6224975511853,-27.9669894572045,0 -48.6224823203342,-27.9669564223446,0 -48.6224515183747,-27.9668904827657,0 -48.6223578988141,-27.9666931739032,0 -48.6223114898873,-27.9665944187169,0 -48.6222886406043,-27.9665449117829,0 -48.6222802346066,-27.9665260795018,0 -48.6222747978123,-27.9665134709978,0 -48.622264329613,-27.966488124971,0 -48.6222493454934,-27.9664498702481,0 -48.6222396816182,-27.9664242495498,0 -48.6222206582,-27.966372877386,0 -48.6222061983868,-27.9663343613217,0 -48.6221987722912,-27.9663151400995,0 -48.6221872583197,-27.9662864017402,0 -48.6221833717121,-27.966276418321,0 -48.6221808923244,-27.9662695537143,0 -48.6221761408761,-27.9662554497424,0 -48.6221621630126,-27.9662116182199,0 -48.6221570961608,-27.9661970759302,0 -48.6221544075242,-27.9661899103177,0 -48.622148596573,-27.9661759235031,0 -48.6221454507255,-27.9661691288791,0 -48.6221403642831,-27.9661592695528,0 -48.6221347861982,-27.9661498522128,0 -48.6221318079365,-27.9661453432107,0 -48.6221261228383,-27.96613766594,0 -48.6221231036617,-27.9661340043353,0 -48.6221183078053,-27.9661287694518,0 -48.6221132148547,-27.9661238449926,0 -48.6221105303303,-27.9661214976789,0 -48.6221049280224,-27.9661170875943,0 -48.6221019856306,-27.9661150155865,0 -48.6220973935433,-27.9661120851237,0 -48.622090949458,-27.9661085267629,0 -48.6220875705823,-27.9661068987963,0 -48.6220823046003,-27.9661046599476,0 -48.622073961216,-27.966101781926,0 -48.6220655133212,-27.9660995965518,0 -48.622059858873,-27.9660984970289,0 -48.6220560790288,-27.9660978996806,0 -48.6220485198458,-27.9660969930177,0 -48.6220371352112,-27.9660961826719,0 -48.6220143137292,-27.9660954719617,0 -48.6220029135121,-27.9660950044407,0 -48.621997221312,-27.9660946080796,0 -48.6219870727695,-27.9660939722023,0 -48.6219802892625,-27.9660937287946,0 -48.6219667240102,-27.9660935575699,0 -48.6219259574863,-27.966093781727,0 -48.6219123875431,-27.9660934567656,0 -48.6219056190094,-27.9660930963103,0 -48.6218920969691,-27.9660918882736,0 -48.6218853607789,-27.9660909864705,0 -48.6218752761957,-27.9660891880247,0 -48.6218652296732,-27.9660867855485,0 -48.6218602188658,-27.9660853276157,0 -48.6218546646404,-27.9660833635388,0 -48.6218511693164,-27.9660818414936,0 -48.6218446628845,-27.9660783547383,0 -48.6218416247005,-27.9660763801978,0 -48.6218359780423,-27.9660720414799,0 -48.621830850652,-27.96606718911,0 -48.6218276876045,-27.9660636962847,0 -48.6218256984594,-27.9660612618612,0 -48.621821948526,-27.9660561623571,0 -48.6218180777862,-27.9660500948053,0 -48.621815678291,-27.9660458667581,0 -48.6218112701985,-27.9660370655145,0 -48.6218092256675,-27.9660325186819,0 -48.6218053730227,-27.9660231944991,0 -48.6217947960656,-27.9659944717642,0 -48.6217893422247,-27.9659804101563,0 -48.6217864119834,-27.965973628065,0 -48.6217816051255,-27.9659638908645,0 -48.6217747902107,-27.9659507435918,0 -48.6217704997097,-27.9659419262069,0 -48.6217624049357,-27.9659242095271,0 -48.6217547649618,-27.9659064015823,0 -48.6217399724425,-27.965870649282,0 -48.6217284162949,-27.9658438409765,0 -48.6217200567074,-27.9658260382091,0 -48.6217155948363,-27.9658171727004,0 -48.6217084770555,-27.9658039210584,0 -48.6217007701134,-27.9657907500963,0 -48.6216966664038,-27.9657841911279,0 -48.6216945506843,-27.9657810237117,0 -48.6216900592398,-27.9657748920034,0 -48.6216852097163,-27.9657690514903,0 -48.6216817959462,-27.9657653109092,0 -48.6216745337094,-27.9657581923117,0 -48.6216687491827,-27.965753183734,0 -48.6216647442274,-27.9657499836466,0 -48.6216564011124,-27.965743956603,0 -48.6216520608709,-27.9657411114371,0 -48.6216431236123,-27.9657357597614,0 -48.6216338612945,-27.9657308623129,0 -48.6216275250427,-27.965727847152,0 -48.621623239868,-27.9657259413602,0 -48.6216145277622,-27.9657223712926,0 -48.6216122783974,-27.9657215922288,0 -48.6216077397981,-27.9657204943623,0 -48.6216031354131,-27.9657199636984,0 -48.6216000391801,-27.9657199007913,0 -48.6215937790723,-27.965720370234,0 -48.6215890458097,-27.9657211904538,0 -48.6215858670466,-27.9657219208045,0 -48.6215794677135,-27.9657237321403,0 -48.6215730381487,-27.9657259036729,0 -48.6215601075391,-27.965730705901,0 -48.6215504185268,-27.9657341471917,0 -48.6215439817052,-27.9657360839918,0 -48.6215407751247,-27.9657368948157,0 -48.6215359882408,-27.9657378407714,0 -48.6215312394555,-27.9657384354773,0 -48.6215288785603,-27.9657385840945,0 -48.6215241828665,-27.965738511698,0 -48.6215218523961,-27.9657382913098,0 -48.6215183900368,-27.9657376988873,0 -48.621497809933,-27.9657331024445,0 -48.6214874112387,-27.9657304410724,0 -48.6214771334501,-27.9657273577381,0 -48.6214720905518,-27.9657256106611,0 -48.6214622696694,-27.9657216331525,0 -48.6214575327723,-27.9657193676348,0 -48.6214507059312,-27.965715559209,0 -48.6214449364215,-27.9657117327218,0 -48.6214421773618,-27.9657096456977,0 -48.6214382160869,-27.9657062927093,0 -48.621432688331,-27.9657007202226,0 -48.6214293130576,-27.96569661077,0 -48.6214277121045,-27.9656944358343,0 -48.6214254626366,-27.9656910039597,0 -48.6214224161356,-27.9656857904973,0 -48.6214205719189,-27.9656823204725,0 -48.6214173276094,-27.9656753798432,0 -48.6214158996152,-27.9656719087562,0 -48.6214134520465,-27.9656649819064,0 -48.621411480042,-27.9656580632815,0 -48.6214104225513,-27.9656534520084,0 -48.6214088366377,-27.9656442303517,0 -48.6214078239655,-27.9656338725661,0 -48.6214075380316,-27.9656269737395,0 -48.6214077289831,-27.9656131810183,0 -48.6214086616847,-27.9655993923141,0 -48.6214115127262,-27.9655718132278,0 -48.6214127889074,-27.965558002928,0 -48.6214132473963,-27.965551099353,0 -48.6214166656828,-27.9654944130922,0 -48.6214186803679,-27.9654660529417,0 -48.6214223361114,-27.9654235638781,0 -48.6214253139884,-27.9653952919786,0 -48.6214269955581,-27.9653811824905,0 -48.6214297962546,-27.9653600536367,0 -48.6214318206204,-27.9653488374888,0 -48.6214335975856,-27.9653414059986,0 -48.6214349475204,-27.9653364756413,0 -48.6214379966878,-27.9653266391412,0 -48.6214432089129,-27.9653119590409,0 -48.6214546111206,-27.9652827864716,0 -48.6214600805727,-27.9652682275711,0 -48.6214625981713,-27.9652609355541,0 -48.6214656286403,-27.9652512160326,0 -48.6214669755165,-27.9652463401429,0 -48.6214687393642,-27.9652390257279,0 -48.6214707289936,-27.9652280072366,0 -48.6214715637878,-27.9652206315953,0 -48.6214718073573,-27.9652169366381,0 -48.6214719472324,-27.9652113806652,0 -48.6214718670268,-27.9652031052979,0 -48.6214712855879,-27.9651865202969,0 -48.6214701541674,-27.9651698982485,0 -48.6214691273404,-27.9651588000535,0 -48.621466446991,-27.9651365575794,0 -48.6214639578462,-27.9651198492681,0 -48.6214620885788,-27.9651087001563,0 -48.6214578930599,-27.9650863951307,0 -48.6214556071225,-27.9650752393635,0 -48.6214506981752,-27.9650529401731,0 -48.6214454370822,-27.9650306618776,0 -48.6214342757944,-27.9649862291589,0 -48.6214219957019,-27.9649391606312,0 -48.621413648145,-27.9649079502875,0 -48.6213965867134,-27.9648458294624,0 -48.6213878750733,-27.9648149019474,0 -48.6213700620193,-27.9647532285204,0 -48.6213517481313,-27.9646916819061,0 -48.6213392540952,-27.9646506642608,0 -48.6213136056328,-27.9645685085039,0 -48.6212943666763,-27.9645075417605,0 -48.6212845375007,-27.9644775415955,0 -48.6212741515847,-27.9644477845802,0 -48.6212686535386,-27.964432973215,0 -48.6212609350372,-27.9644132958558,0 -48.6212568742958,-27.964403481227,0 -48.6212505205404,-27.9643887718134,0 -48.6212402719551,-27.9643667503467,0 -48.62123037629,-27.9643471889808,0 -48.6212251133962,-27.9643374069787,0 -48.6212167975397,-27.9643227363224,0 -48.6212079530108,-27.9643080471597,0 -48.6212033176664,-27.9643007035738,0 -48.6211935899942,-27.9642859815125,0 -48.6211884856926,-27.9642786116414,0 -48.6211805273869,-27.9642675472079,0 -48.6211648275108,-27.9642461980493,0 -48.6211562583502,-27.9642351858309,0 -48.621147265305,-27.9642246090572,0 -48.6211426264899,-27.9642196290891,0 -48.6211363213475,-27.9642134478219,0 -48.6211331093993,-27.964210603984,0 -48.6211282384715,-27.964206676277,0 -48.6211232919576,-27.9642032252852,0 -48.6211207971992,-27.9642017023567,0 -48.6211163268833,-27.9641993329497,0 -48.6211140823003,-27.9641983375299,0 -48.6211106854735,-27.9641970787631,0 -48.6211055517416,-27.9641957717801,0 -48.6211003811223,-27.9641952131346,0 -48.6210977892782,-27.964195231637,0 -48.6210943161039,-27.9641955868037,0 -48.6210925690287,-27.9641959173051,0 -48.6210899548837,-27.9641965847175,0 -48.6210860208751,-27.9641980416089,0 -48.6210792754047,-27.9642010739369,0 -48.621065740457,-27.964207589419,0 -48.6210251364326,-27.9642285963737,0 -48.6210190051233,-27.9642319912303,0 -48.621014887178,-27.9642345094748,0 -48.6210066163879,-27.9642400057597,0 -48.6210010745536,-27.9642438706608,0 -48.6209900159947,-27.9642517281125,0 -48.6209817747054,-27.9642573780055,0 -48.6209736116193,-27.964262488446,0 -48.6209695705189,-27.964264755239,0 -48.6209642283475,-27.9642673789708,0 -48.6209615900468,-27.9642684970004,0 -48.6209576588846,-27.9642699087783,0 -48.6209518552967,-27.9642713426884,0 -48.6209480443197,-27.9642717999487,0 -48.6209461630486,-27.9642718577246,0 -48.6209433612851,-27.9642717189426,0 -48.6209406547358,-27.9642713114053,0 -48.6209388862374,-27.9642708655732,0 -48.6209354400303,-27.9642696241216,0 -48.6209337606669,-27.9642688191113,0 -48.6209304694428,-27.9642669029579,0 -48.6209272761993,-27.9642645919828,0 -48.6209252005585,-27.9642628510573,0 -48.6209211424989,-27.9642589368533,0 -48.62091817526,-27.9642556825533,0 -48.6209124085528,-27.9642484818499,0 -48.6209086501892,-27.9642433188461,0 -48.620901265086,-27.9642325347153,0 -48.6208957399142,-27.9642244179405,0 -48.6208901512062,-27.964216624439,0 -48.6208873048748,-27.9642129481775,0 -48.6208829536227,-27.9642078382497,0 -48.6208627355834,-27.9641858513743,0 -48.620822425143,-27.9641422586824,0 -48.6208025816654,-27.9641203327995,0 -48.6207927941808,-27.9641092724996,0 -48.6207735716728,-27.9640868341734,0 -48.6207641579194,-27.9640754196169,0 -48.6207503538253,-27.9640579918263,0 -48.6207474224962,-27.9640540343274,0 -48.620742102777,-27.9640459117391,0 -48.6207374695804,-27.9640375394361,0 -48.620734739089,-27.9640318352312,0 -48.6207330656759,-27.9640279892599,0 -48.6207300258136,-27.9640201588903,0 -48.620727082808,-27.9640111935153,0 -48.6207253539154,-27.9640051271929,0 -48.6207224150974,-27.9639928052675,0 -48.6207211496035,-27.9639865663262,0 -48.620718956814,-27.9639739681799,0 -48.620717071415,-27.9639612404254,0 -48.6207136096306,-27.9639356096268,0 -48.6207106968365,-27.9639164487915,0 -48.6207089441601,-27.9639069439285,0 -48.6207057880671,-27.9638928498904,0 -48.6207032248541,-27.963883593147,0 -48.6207017826219,-27.9638790203727,0 -48.6206993993152,-27.9638722212892,0 -48.6206948499842,-27.9638605929423,0 -48.6206924230716,-27.9638548482789,0 -48.6206885349823,-27.9638463269537,0 -48.6206842903288,-27.9638379431972,0 -48.620682023485,-27.9638338077456,0 -48.6206771518058,-27.9638256477473,0 -48.6206745244443,-27.9638216321731,0 -48.6206703480941,-27.9638157041454,0 -48.6206691289386,-27.9638141939146,0 -48.6206664063108,-27.9638114670231,0 -48.6206633078931,-27.9638091037127,0 -48.6206610619069,-27.9638077205567,0 -48.6206561939514,-27.9638053266337,0 -48.6206535965614,-27.9638042981183,0 -48.6206481360495,-27.9638025074432,0 -48.6206424195447,-27.963800991553,0 -48.6206306260566,-27.9637983605159,0 -48.6206218927008,-27.9637963325847,0 -48.6206176779931,-27.96379517696,0 -48.6206123332328,-27.9637933970975,0 -48.6206097945401,-27.9637923789589,0 -48.6206062129243,-27.9637906384101,0 -48.6206029362833,-27.9637886239236,0 -48.6206014265029,-27.9637874969202,0 -48.6205986768091,-27.9637849859912,0 -48.6205974453426,-27.9637835845888,0 -48.6205958211699,-27.9637812825782,0 -48.6205397177893,-27.9636904161651,0 -48.6205025857765,-27.9636296987492,0 -48.6204286846994,-27.9635079821458,0 -48.6204140237347,-27.9634842145114,0 -48.6203843551256,-27.9634372151465,0 -48.6203696690919,-27.9634135731886,0 -48.6203624538824,-27.9634016376684,0 -48.6203483428319,-27.9633773739838,0 -48.6203414880654,-27.9633650112843,0 -48.6203315401526,-27.9633460894428,0 -48.6203286581511,-27.9633398858626,0 -48.6203269891924,-27.9633357249539,0 -48.6203242670983,-27.9633273223722,0 -48.6203231914247,-27.9633230902222,0 -48.6203215591937,-27.9633145710207,0 -48.6203205793305,-27.9633059733395,0 -48.6203202507241,-27.9633002021936,0 -48.6203203126594,-27.9632885908382,0 -48.6203208892542,-27.9632798124662,0 -48.620321495739,-27.9632739396456,0 -48.6203231693131,-27.9632621485542,0 -48.6203265144202,-27.9632443681436,0 -48.6203343513683,-27.9632087274827,0 -48.6203378176238,-27.9631909943265,0 -48.620339212582,-27.9631821761431,0 -48.6203407081435,-27.9631690283078,0 -48.6203418372995,-27.9631588970209,0 -48.6203428690787,-27.9631521570191,0 -48.6203454718417,-27.9631386676203,0 -48.6203485420962,-27.9631251863098,0 -48.6203549128778,-27.9630982728312,0 -48.6203576287418,-27.9630848299969,0 -48.6203587394824,-27.9630781095347,0 -48.6203598910691,-27.9630691604751,0 -48.6203602961647,-27.9630646918034,0 -48.6203606647737,-27.9630579854863,0 -48.6203606131011,-27.963047932898,0 -48.6203597157549,-27.9630378926633,0 -48.6203589090246,-27.9630328803943,0 -48.6203586221706,-27.9630315939119,0 -48.6203577627793,-27.9630291790166,0 -48.620356572069,-27.9630269384735,0 -48.6203555966801,-27.9630255414999,0 -48.6203532840215,-27.9630229296369,0 -48.6203512606435,-27.9630211262757,0 -48.620346589236,-27.9630178331181,0 -48.6203412993652,-27.9630148541832,0 -48.6203298782045,-27.963009251837,0 -48.6203215482943,-27.9630048402055,0 -48.6203177624585,-27.9630024016623,0 -48.6203143556391,-27.9629997350711,0 -48.6203128304746,-27.9629982922378,0 -48.6202817285912,-27.9629666969563,0 -48.6202665596071,-27.962950707113,0 -48.6202517808948,-27.9629341744047,0 -48.6202445605206,-27.9629256130357,0 -48.6202351271078,-27.9629138010409,0 -48.6202305030072,-27.9629077027931,0 -48.6202236899646,-27.962898273381,0 -48.6202137801577,-27.9628834396165,0 -48.6202035516443,-27.9628666513481,0 -48.6201987574797,-27.9628582129122,0 -48.6201919915083,-27.9628455086461,0 -48.6201857289342,-27.9628327591196,0 -48.6201827982024,-27.9628263746092,0 -48.6201773293983,-27.9628135754842,0 -48.6201747973207,-27.9628071703356,0 -48.6201712583448,-27.9627975541547,0 -48.6201670282759,-27.9627847224927,0 -48.6201651240526,-27.9627783100339,0 -48.6201625508392,-27.9627686923896,0 -48.6201593122999,-27.9627542896147,0 -48.6201570728933,-27.9627415017589,0 -48.6201561863354,-27.9627351250822,0 -48.6201551559795,-27.9627255787418,0 -48.620154270261,-27.9627113075458,0 -48.6201542158436,-27.9626971135155,0 -48.6201545031065,-27.962690044521,0 -48.6201549288654,-27.9626840694448,0 -48.6201562987022,-27.9626721288115,0 -48.6201583796941,-27.9626602004831,0 -48.6201601369712,-27.9626522542982,0 -48.6201614751868,-27.9626469542187,0 -48.6201645521864,-27.9626363874251,0 -48.6201686135271,-27.9626245203471,0 -48.6201716827788,-27.9626166238479,0 -48.6201738690062,-27.9626113742377,0 -48.6201786335298,-27.9626008999749,0 -48.6201825144212,-27.9625930720399,0 -48.6201852405015,-27.9625878681178,0 -48.6201910446755,-27.96257750161,0 -48.6201941173702,-27.9625723306701,0 -48.6202005910071,-27.9625620390777,0 -48.6202075040824,-27.9625518184208,0 -48.6202123457407,-27.9625450358485,0 -48.6202225819975,-27.9625315700374,0 -48.6202260168268,-27.9625273074375,0 -48.6202330893192,-27.9625190924967,0 -48.6202403847507,-27.962511260857,0 -48.6202453506452,-27.9625062218014,0 -48.6202555240135,-27.9624965537482,0 -48.6202606948786,-27.9624918971319,0 -48.6202711871397,-27.9624828750792,0 -48.6202818167338,-27.962474180325,0 -48.6203031802324,-27.9624573791328,0 -48.6203268019503,-27.9624386322219,0 -48.6203419220607,-27.9624257294721,0 -48.6203492004089,-27.9624190430227,0 -48.6203597032685,-27.9624086047006,0 -48.6203663796222,-27.9624013125093,0 -48.6203695999991,-27.962397551203,0 -48.6203742921471,-27.9623917584303,0 -48.6203888822728,-27.9623727919175,0 -48.6203984624014,-27.9623600549038,0 -48.6204173684558,-27.9623343782179,0 -48.6204360143507,-27.9623085158419,0 -48.6204729646328,-27.9622565241327,0 -48.6205008397791,-27.9622176030942,0 -48.6205197295905,-27.9621918446044,0 -48.6205292986758,-27.9621790440564,0 -48.6205438524778,-27.9621599777666,0 -48.6205662496783,-27.9621317356315,0 -48.6205892195265,-27.9621036834833,0 -48.6206357476117,-27.9620478421315,0 -48.620682788504,-27.9619923439179,0 -48.620777312424,-27.9618821932751,0 -48.6207835133052,-27.9618752541064,0 -48.6207878201584,-27.9618707086363,0 -48.6207967630401,-27.9618617952136,0 -48.6208387651755,-27.9618227935376,0 -48.620847629187,-27.9618139690646,0 -48.6208518714051,-27.9618094858067,0 -48.6208579886887,-27.9618026531288,0 -48.6208637212158,-27.9617956601451,0 -48.6208664292038,-27.9617920981336,0 -48.620868144299,-27.9617895201523,0 -48.6208690868625,-27.9617877769133,0 -48.6208705462206,-27.9617842467234,0 -48.6208710609498,-27.9617824690988,0 -48.6208716809527,-27.9617788616085,0 -48.6208718015868,-27.9617752008722,0 -48.6208716117568,-27.9617727430403,0 -48.6208706421787,-27.961767745579,0 -48.6208686838441,-27.9617620453715,0 -48.6208669391419,-27.9617581987198,0 -48.6208655937084,-27.9617556035961,0 -48.6208625293631,-27.9617503892655,0 -48.6208599432249,-27.9617464471036,0 -48.6208541529738,-27.9617384876562,0 -48.6208499518197,-27.9617331275472,0 -48.620841144176,-27.9617223369851,0 -48.6208344812134,-27.9617142093418,0 -48.6208251073655,-27.9617020019013,0 -48.6208209319694,-27.9616959202463,0 -48.620817274502,-27.9616898657238,0 -48.6208156742476,-27.9616868421394,0 -48.6208129912565,-27.9616808408203,0 -48.6208119488326,-27.9616778632323,0 -48.6208107941968,-27.9616734132873,0 -48.6208096545183,-27.9616683947098,0 -48.6208067103004,-27.9616577055694,0 -48.6207998999321,-27.9616346426668,0 -48.6207970494792,-27.9616228179164,0 -48.6207957070142,-27.9616149992869,0 -48.6207952506767,-27.9616111473844,0 -48.6207949103474,-27.9616054569902,0 -48.6207950196523,-27.9615999098503,0 -48.6207952621268,-27.9615971979053,0 -48.6207960381323,-27.9615925015915,0 -48.6207966042503,-27.9615902192973,0 -48.6207976835104,-27.961586881893,0 -48.6207998817128,-27.9615821016885,0 -48.6208028179935,-27.9615776046534,0 -48.6208045796147,-27.9615754785153,0 -48.6208087340605,-27.9615714899366,0 -48.6208111527202,-27.9615696373052,0 -48.6208152115905,-27.9615670365336,0 -48.6208200801984,-27.9615646755626,0 -48.6208233369503,-27.9615635230713,0 -48.620825524551,-27.9615629292384,0 -48.6208299147812,-27.9615621025523,0 -48.6208332223448,-27.9615617720597,0 -48.6208398610358,-27.961561733242,0 -48.6208465350467,-27.9615623178966,0 -48.6208598915714,-27.9615643718044,0 -48.6208698908039,-27.9615657717626,0 -48.6208748746827,-27.9615661289229,0 -48.6208798235112,-27.9615661330174,0 -48.6208822863949,-27.9615659679977,0 -48.6208890254432,-27.9615654259055,0 -48.6209024935631,-27.9615647116298,0 -48.6209114753922,-27.9615644247618,0 -48.6209294110575,-27.9615639678428,0 -48.6209428462968,-27.9615634518034,0 -48.6209562708145,-27.9615625197854,0 -48.6209629828519,-27.9615618235721,0 -48.6209730316088,-27.96156040085,0 -48.620981961006,-27.9615586872625,0 -48.6209864266625,-27.961557645444,0 -48.6209931105286,-27.9615558302343,0 -48.6210031326269,-27.9615524844936,0 -48.6210131528518,-27.9615482911652,0 -48.6210181553041,-27.9615458509957,0 -48.6210218390449,-27.9615438665912,0 -48.6210288521592,-27.961539539744,0 -48.6210353810587,-27.9615347799181,0 -48.6210394393461,-27.9615313855453,0 -48.62104201107,-27.9615290299982,0 -48.6210468339935,-27.9615241145508,0 -48.6210501701762,-27.9615202742735,0 -48.6210522400556,-27.9615176390931,0 -48.6210560456822,-27.9615122192159,0 -48.6210583222074,-27.9615085048987,0 -48.6210622112374,-27.9615008665209,0 -48.6210645449649,-27.9614949971331,0 -48.6210663423132,-27.961489036962,0 -48.6210670463996,-27.9614860350618,0 -48.6210680446952,-27.9614799982886,0 -48.621068324463,-27.9614769714266,0 -48.6210684952925,-27.9614724359168,0 -48.6210681255772,-27.9614656529412,0 -48.6210607407838,-27.9613992788346,0 -48.6210455446627,-27.9612665226919,0 -48.6210397436582,-27.9612167872746,0 -48.6210279856521,-27.9611173313637,0 -48.6210193582735,-27.9610427427355,0 -48.6210189061743,-27.9610373119988,0 -48.6210187943674,-27.9610337006612,0 -48.6210189603259,-27.9610265034484,0 -48.6210192645582,-27.9610229268424,0 -48.6210202520911,-27.9610157972591,0 -48.6210217809201,-27.9610087321097,0 -48.621023080427,-27.961004062471,0 -48.6210263522178,-27.960994816336,0 -48.621027811659,-27.9609913946362,0 -48.6210310596025,-27.9609846208111,0 -48.6210347827871,-27.960977953784,0 -48.6210375087541,-27.9609735709585,0 -48.6210435502878,-27.9609649862272,0 -48.6210485681772,-27.9609587028634,0 -48.6210521413391,-27.9609546050927,0 -48.6210598185713,-27.9609466081803,0 -48.6210638974428,-27.9609427267764,0 -48.6210725580288,-27.9609351979087,0 -48.6210766023937,-27.9609319563922,0 -48.6210850521792,-27.9609256960357,0 -48.6210916850294,-27.9609212001445,0 -48.6211020896934,-27.9609147753387,0 -48.621105919297,-27.9609129829004,0 -48.6211084760549,-27.9609122417966,0 -48.6211101904376,-27.9609119289008,0 -48.6211136282664,-27.960911681609,0 -48.621116209001,-27.9609117983872,0 -48.621121403517,-27.9609126460148,0 -48.6211266054263,-27.9609140896466,0 -48.6211370132651,-27.9609176984193,0 -48.6211422116243,-27.9609193039001,0 -48.6211448069266,-27.9609199441117,0 -48.6211486845905,-27.9609205976901,0 -48.6211525421634,-27.9609207817094,0 -48.6211544754001,-27.9609206708565,0 -48.6211643612484,-27.9609194617321,0 -48.621169276622,-27.9609186711013,0 -48.6211766049729,-27.9609172189356,0 -48.6211838804571,-27.9609153775992,0 -48.6211874914861,-27.9609143033693,0 -48.6211946495455,-27.9609117925315,0 -48.6211982054492,-27.9609103472656,0 -48.6212034941039,-27.9609079213997,0 -48.6212060565677,-27.960906467764,0 -48.6212075432976,-27.9609053925914,0 -48.62121001186,-27.9609030170823,0 -48.6212109953593,-27.9609017255861,0 -48.6212125322757,-27.9608989280856,0 -48.6212134933929,-27.9608958860212,0 -48.6212138434385,-27.9608937266528,0 -48.6212139139673,-27.960889126075,0 -48.6212134784551,-27.9608854551686,0 -48.6212129851453,-27.9608829204947,0 -48.6212115564946,-27.9608776441425,0 -48.6212085556699,-27.9608693364349,0 -48.6212061529923,-27.9608636191847,0 -48.6212009107358,-27.9608519700582,0 -48.6211952920495,-27.9608389613079,0 -48.6211929911165,-27.9608326774763,0 -48.6211914123133,-27.9608272905864,0 -48.6211908269778,-27.9608246816262,0 -48.6211902413125,-27.9608209001822,0 -48.6211900563392,-27.960817287579,0 -48.6211901228393,-27.9608155567218,0 -48.6211906222218,-27.9608122445303,0 -48.6211910654269,-27.9608106732876,0 -48.6211919884762,-27.9608084335114,0 -48.621193725681,-27.9608056664601,0 -48.6211948313202,-27.9608043770763,0 -48.6211967887579,-27.9608025974157,0 -48.6212004807779,-27.9608002342543,0 -48.6212084708253,-27.9607964111251,0 -48.621212601596,-27.9607946872246,0 -48.6212189344432,-27.9607923873571,0 -48.6212253451786,-27.9607904952661,0 -48.6212285838799,-27.9607897119834,0 -48.6212350550154,-27.9607885159423,0 -48.6212382746751,-27.9607881200353,0 -48.6212430762009,-27.9607877971949,0 -48.621249396515,-27.9607879064995,0 -48.6212524994757,-27.9607882217534,0 -48.621257052642,-27.9607890136759,0 -48.6212614892614,-27.9607902270846,0 -48.6212636573033,-27.9607910047435,0 -48.6212723513172,-27.9607944483902,0 -48.62128968141,-27.9608016865887,0 -48.6213415834066,-27.9608246271949,0 -48.621367718984,-27.960835798339,0 -48.6213808932047,-27.9608410701884,0 -48.6214443738014,-27.9608656819555,0 -48.6214764226589,-27.9608774515332,0 -48.6214979647457,-27.9608848346866,0 -48.6215088139258,-27.9608883431227,0 -48.6215251773507,-27.9608933358218,0 -48.6215311865325,-27.9608950186416,0 -48.6215433883748,-27.9608979369658,0 -48.6215558056374,-27.9609002807604,0 -48.6215641800765,-27.9609015264555,0 -48.6215698047217,-27.9609022190422,0 -48.6215811243645,-27.9609032810586,0 -48.6215939438232,-27.9609039719409,0 -48.6216025166492,-27.9609041471644,0 -48.6216082484743,-27.9609041383361,0 -48.6216197058539,-27.9609038127192,0 -48.6216282957939,-27.960903320767,0 -48.6216340063143,-27.9609028693429,0 -48.6216453830872,-27.9609016942245,0 -48.6216510468476,-27.9609009710379,0 -48.6216623036092,-27.9608992442266,0 -48.6216734356384,-27.9608971809718,0 -48.621680776487,-27.9608956111413,0 -48.6216952239879,-27.9608920356667,0 -48.6218872380881,-27.9608400899944,0 -48.6222602526748,-27.960706249382,0 -48.6222867470526,-27.9606964210704,0 -48.6223042435059,-27.9606895685943,0 -48.6223158374927,-27.9606848786365,0 -48.6223388631595,-27.9606752067851,0 -48.6223560002092,-27.9606677164159,0 -48.6223673614914,-27.9606626071896,0 -48.622389935007,-27.9606521427401,0 -48.6224234727137,-27.9606358677361,0 -48.6224456156117,-27.960624646857,0 -48.6224603043747,-27.9606170238367,0 -48.6224894875271,-27.9606014489569,0 -48.62250580826,-27.9605925186487,0 -48.6225382501442,-27.9605743120299,0 -48.6225704727926,-27.9605557221688,0 -48.6225918569044,-27.960543152658,0 -48.6226344228543,-27.9605176769452,0 -48.6226980035369,-27.9604789660959,0 -48.6227827380552,-27.9604273215228,0 -48.622825315726,-27.9604018729342,0 -48.6228681676886,-27.960376897733,0 -48.6228897252263,-27.9603646472819,0 -48.6229222502509,-27.9603466314498,0 -48.6229986997246,-27.9603048495516,0 -48.6231511608623,-27.9602209630428,0 -48.6233543569742,-27.9601088629488,0 -48.6234562954698,-27.9600529221986,0 -48.6235586914086,-27.9599971880801,0 -48.6235926805488,-27.9599788344507,0 -48.6236101194609,-27.9599694194136,0 -48.6236149161564,-27.9599669943129,0 -48.6236181799641,-27.959965516399,0 -48.6236248533555,-27.9599628709411,0 -48.6236282629513,-27.9599617028465,0 -48.6236352101396,-27.9599596392711,0 -48.6236423101991,-27.9599579302454,0 -48.6236471174641,-27.9599569757441,0 -48.6236568952701,-27.9599554842528,0 -48.6236680953086,-27.9599543874142,0 -48.6236756570959,-27.9599539678854,0 -48.6236909226709,-27.9599537530406,0 -48.6236985836088,-27.9599539035647,0 -48.6237138827326,-27.9599545919244,0 -48.6237290214355,-27.9599556382315,0 -48.6237486886452,-27.9599572143589,0 -48.6237582043522,-27.9599579470897,0 -48.6237644296918,-27.9599585959919,0 -48.6237685842612,-27.9599592361055,0 -48.6237768791689,-27.9599609676755,0 -48.6237810219702,-27.9599620316386,0 -48.623789287675,-27.9599645298542,0 -48.6237975569022,-27.9599674334589,0 -48.6238030610106,-27.9599695496802,0 -48.6238140675272,-27.9599741428135,0 -48.6238305606446,-27.9599815380588,0 -48.6238525401724,-27.9599913196188,0 -48.6238635295869,-27.9599957593531,0 -48.6238745314507,-27.9599996309602,0 -48.6238800409084,-27.9600013050441,0 -48.6238882992078,-27.9600034055073,0 -48.6238956543049,-27.9600048047232,0 -48.6238993340343,-27.960005319878,0 -48.6239048605341,-27.9600058482103,0 -48.623913158866,-27.9600060367185,0 -48.6239186913365,-27.9600057264092,0 -48.6239214640515,-27.9600054312086,0 -48.6239256241673,-27.9600047992538,0 -48.6239342869064,-27.9600031893514,0 -48.6239516076915,-27.9599996175546,0 -48.6239689317852,-27.9599956399333,0 -48.6239804749769,-27.9599927806401,0 -48.6240035661592,-27.959986701413,0 -48.6240381984908,-27.9599769499879,0 -48.6240843916635,-27.9599636181152,0 -48.624107506674,-27.9599571868218,0 -48.6241306360901,-27.9599511170445,0 -48.6241422117478,-27.9599482759211,0 -48.62415957573,-27.9599443171377,0 -48.6241978447906,-27.9599359100088,0 -48.6242491067484,-27.9599246327951,0 -48.6242748657,-27.9599191404041,0 -48.6243136426719,-27.9599113015447,0 -48.624333109932,-27.9599076224831,0 -48.6243591558175,-27.9599030464708,0 -48.6243722073454,-27.9599009258242,0 -48.6243909425123,-27.9598981058976,0 -48.624391833632,-27.9598979714927,0 -48.6244213978485,-27.9598941148924,0 -48.6244349337867,-27.9598928149157,0 -48.6244439697667,-27.9598922583424,0 -48.6244499807364,-27.9598920190572,0 -48.6244620145177,-27.9598918210064,0 -48.6244710360869,-27.9598919222911,0 -48.6244890892692,-27.9598926856636,0 -48.6245071340485,-27.9598941158088,0 -48.6245191701479,-27.9598953975738,0 -48.6245432246034,-27.9598986012799,0 -48.6245612706099,-27.9599014478874,0 -48.6245973581291,-27.959907827764,0 -48.6246454735798,-27.9599165989422,0 -48.6246695215663,-27.9599205514921,0 -48.6246935827946,-27.9599238995775,0 -48.6247056150753,-27.9599252710276,0 -48.6247216494443,-27.9599267121375,0 -48.6247296678904,-27.9599272476721,0 -48.6247416974855,-27.9599278073134,0 -48.6247597408141,-27.9599280015882,0 -48.6247717695071,-27.9599276679457,0 -48.6247777903117,-27.9599273478605,0 -48.6247868108949,-27.959926673145,0 -48.6250000194081,-27.9599077647458,0 -48.6251284676335,-27.9598963726246,0 -48.625282770458,-27.9598154386583,0 -48.6252888811328,-27.959812033874,0 -48.625292803425,-27.9598096294134,0 -48.6253003542288,-27.9598044993072,0 -48.6253039726154,-27.9598017828491,0 -48.625310926797,-27.9597960559266,0 -48.6253175305435,-27.9597899892182,0 -48.6253217409285,-27.9597857580398,0 -48.6253297775315,-27.9597769101556,0 -48.6253382508049,-27.9597664182041,0 -48.6253436230588,-27.9597591483913,0 -48.6253470850203,-27.959754199922,0 -48.6253537995632,-27.9597440928486,0 -48.625363457686,-27.9597285778679,0 -48.6253821129982,-27.9596971118896,0 -48.6253915969807,-27.9596816748557,0 -48.6253964770933,-27.959674134953,0 -48.6254399178322,-27.9596082952743,0 -48.6254613876727,-27.959575443248,0 -48.6254931962293,-27.9595261583614,0 -48.6255244770202,-27.9594767564143,0 -48.625539886394,-27.9594519834358,0 -48.6255702142443,-27.959402194943,0 -48.6255851108109,-27.9593771603262,0 -48.6256070824985,-27.9593393995665,0 -48.6256262161611,-27.9593055687571,0 -48.625635642663,-27.9592885611617,0 -48.6256495879095,-27.959262896614,0 -48.6256700502456,-27.9592240722338,0 -48.625689955375,-27.9591848048158,0 -48.6256996774116,-27.959164977679,0 -48.6257142405859,-27.9591342891171,0 -48.6257212943823,-27.9591189097879,0 -48.6257315662742,-27.9590957806665,0 -48.6257462502492,-27.9590609615906,0 -48.625755540705,-27.9590376442529,0 -48.6257600216091,-27.9590259554868,0 -48.6257665360423,-27.9590083832443,0 -48.6257748349223,-27.9589848593423,0 -48.6257788126952,-27.9589730627616,0 -48.6257845437226,-27.9589553227947,0 -48.6257926307955,-27.9589285828918,0 -48.6257992789075,-27.9589047055706,0 -48.6258024093627,-27.9588927142789,0 -48.625806836443,-27.9588746725895,0 -48.6258129109814,-27.9588474738943,0 -48.6258182539633,-27.9588200907477,0 -48.6258206508332,-27.958806336058,0 -48.6258255150039,-27.9587757510273,0 -48.6258285145243,-27.9587553479965,0 -48.6258338971066,-27.958714539555,0 -48.6258362871815,-27.958694125454,0 -48.6258404737476,-27.9586532699341,0 -48.6258438791008,-27.9586123733942,0 -48.625845726084,-27.9585850923666,0 -48.6258467548546,-27.9585668835286,0 -48.6258483752875,-27.9585304588588,0 -48.6258503800319,-27.9584690558042,0 -48.6258512048649,-27.9584383470821,0 -48.6258522132449,-27.9583922841788,0 -48.6258529996819,-27.958333523923,0 -48.6258531344411,-27.9583231749352,0 -48.6258533085436,-27.9582540527965,0 -48.6258530688671,-27.9582194998557,0 -48.6258515305706,-27.9580655770894,0 -48.6258503391171,-27.9579886265902,0 -48.6258485177696,-27.9579116927547,0 -48.6258472761592,-27.9578732421536,0 -48.6258452179546,-27.9578219743432,0 -48.6258439981303,-27.9577963547691,0 -48.6258418846409,-27.9577579254668,0 -48.6258380242824,-27.9577003015437,0 -48.6258338206131,-27.9576490958322,0 -48.6258314216212,-27.957623510427,0 -48.6258274247026,-27.9575851295727,0 -48.6258229194139,-27.95754676748,0 -48.6258204655993,-27.9575275964541,0 -48.6258151242159,-27.9574892645387,0 -48.6258122331079,-27.9574700953274,0 -48.6258076087129,-27.9574413676597,0 -48.6258043843492,-27.9574224625486,0 -48.6257975780036,-27.9573847827323,0 -48.6257903318122,-27.9573472214387,0 -48.6257852692322,-27.957322248169,0 -48.6257746511079,-27.9572724385105,0 -48.625766310792,-27.9572351920672,0 -48.6257605862591,-27.9572103973696,0 -48.6257488235639,-27.9571608840671,0 -48.6257305415376,-27.9570867606057,0 -48.6256929255255,-27.9569385764757,0 -48.6256889446498,-27.9569231504141,0 -48.6256806458998,-27.9568923651688,0 -48.6256719797852,-27.9568616457264,0 -48.6256539405557,-27.9568003752731,0 -48.6256296145306,-27.9567187485683,0 -48.6256178477274,-27.9566778699093,0 -48.6256066731014,-27.9566368841678,0 -48.6256013716522,-27.956616337304,0 -48.6255946766838,-27.9565888730368,0 -48.6255915005752,-27.9565751036586,0 -48.6255869966773,-27.9565544174609,0 -48.6255808402254,-27.956523262758,0 -48.6255669534671,-27.9564460121632,0 -48.6255580524839,-27.9563944637716,0 -48.6255409028846,-27.9562912873787,0 -48.6255243413773,-27.9561880495416,0 -48.6255026250752,-27.9560503446391,0 -48.6254916945015,-27.9559815005741,0 -48.6254749192152,-27.9558782854757,0 -48.6254662751478,-27.9558267051659,0 -48.6254242754305,-27.9555775596342,0 -48.6254027965514,-27.9554530419279,0 -48.6253879965774,-27.9553700904802,0 -48.6253804089758,-27.9553286434589,0 -48.6253687219853,-27.9552665078538,0 -48.6253648819633,-27.9552470601117,0 -48.6253565143024,-27.9552082975966,0 -48.6253473484904,-27.9551696744033,0 -48.6253408687391,-27.9551440003734,0 -48.6253271664592,-27.9550927837794,0 -48.6253200317328,-27.9550672251078,0 -48.6253053786263,-27.955016181546,0 -48.6252756748893,-27.9549141514398,0 -48.6252612567294,-27.9548630579595,0 -48.625247532182,-27.9548118415254,0 -48.6252410322153,-27.9547861577805,0 -48.6252318484898,-27.9547475342717,0 -48.6252158292131,-27.954676743115,0 -48.6251842826574,-27.9545350701609,0 -48.6251218488356,-27.9542515913279,0 -48.625090259912,-27.9541099082622,0 -48.6250598244753,-27.9539762487043,0 -48.6250443397183,-27.9539094644286,0 -48.625020637539,-27.9538093872015,0 -48.6250000614362,-27.9537249068842,0 -48.6249838231567,-27.9536594841889,0 -48.624980606854,-27.9536473018282,0 -48.6249783122528,-27.9536392228169,0 -48.6249734007579,-27.9536231401856,0 -48.6249652798378,-27.9535992067176,0 -48.6249594260484,-27.9535833605981,0 -48.6249553683099,-27.9535728417512,0 -48.6249469075914,-27.9535518796033,0 -48.6249403309296,-27.9535362192621,0 -48.6249267660487,-27.953505000516,0 -48.6248992935692,-27.9534426375086,0 -48.6248861315808,-27.9534113172233,0 -48.6248778225255,-27.9533903125313,0 -48.6248738466066,-27.9533797681098,0 -48.6248681382799,-27.9533638793395,0 -48.6248627977093,-27.9533479066004,0 -48.6248602706943,-27.9533398775453,0 -48.6248553715094,-27.9533236871822,0 -48.6248459803653,-27.953291204444,0 -48.6248370610928,-27.9532586130997,0 -48.6248313317114,-27.9532368318213,0 -48.6248202975109,-27.953193168653,0 -48.6248043671446,-27.9531275133461,0 -48.6247832598566,-27.9530399144717,0 -48.624772287832,-27.9529961890411,0 -48.6247607666647,-27.9529525896054,0 -48.6247547395538,-27.9529308395314,0 -48.6247452804332,-27.9528983198173,0 -48.624729177701,-27.9528451848791,0 -48.6247209707768,-27.9528186692449,0 -48.6247083969938,-27.9527789584327,0 -48.62469547572,-27.9527393413001,0 -48.6246888668696,-27.9527195747826,0 -48.6246753016645,-27.9526801359778,0 -48.6246683248633,-27.9526604627867,0 -48.6246576067142,-27.9526310339935,0 -48.6246428069294,-27.9525919257793,0 -48.6246351655437,-27.9525724393709,0 -48.6246233842761,-27.9525432995208,0 -48.6246111989191,-27.9525142606336,0 -48.6246049393253,-27.9524997875971,0 -48.6245985492492,-27.9524854389727,0 -48.6245851787267,-27.9524569661359,0 -48.624571125111,-27.9524287888046,0 -48.6245614329934,-27.9524101420763,0 -48.6245414443443,-27.9523730915123,0 -48.6245312170259,-27.952354670698,0 -48.624510450912,-27.9523179492531,0 -48.624468709272,-27.9522446117817,0 -48.6244482898122,-27.9522077520262,0 -48.6244285369352,-27.9521706152015,0 -48.6244190086653,-27.9521519085119,0 -48.6244052172757,-27.9521236266519,0 -48.6243694452206,-27.9520478479135,0 -48.6243520063565,-27.9520098032501,0 -48.6243352452781,-27.9519715362334,0 -48.6243272022997,-27.9519522956561,0 -48.6243169275092,-27.9519265020833,0 -48.6243119986631,-27.9519135411595,0 -48.6243049074103,-27.9518940014537,0 -48.6242981944318,-27.9518743504259,0 -48.6242949966895,-27.951864469277,0 -48.6242806128185,-27.9518183300233,0 -48.6242713191079,-27.9517875275275,0 -48.6242533015255,-27.9517258150715,0 -48.6242445508025,-27.9516949134592,0 -48.6242274204286,-27.9516330450477,0 -48.6242106716936,-27.95157111053,0 -48.624177548595,-27.9514471405645,0 -48.6241739554947,-27.9514335076964,0 -48.6241671056372,-27.9514061761747,0 -48.6241606134067,-27.9513787698729,0 -48.6241483006367,-27.9513238146668,0 -48.6241322265191,-27.9512504781391,0 -48.6241238344258,-27.9512138800181,0 -48.6241149072203,-27.9511773905095,0 -48.6241101742132,-27.9511591994788,0 -48.6241035220226,-27.9511350203796,0 -48.624100036329,-27.9511229688269,0 -48.6240945688491,-27.9511049275739,0 -48.6240858002992,-27.9510779869677,0 -48.6240776056402,-27.9510545478306,0 -48.6240719205877,-27.9510389937218,0 -48.6240600702138,-27.95100803857,0 -48.6240539245259,-27.9509926472284,0 -48.6240412135716,-27.9509619933261,0 -48.6240279991959,-27.9509315020024,0 -48.6240189419365,-27.9509112603096,0 -48.6240003254492,-27.9508709582517,0 -48.6239859895951,-27.950840844625,0 -48.6239566372521,-27.950780858393,0 -48.6238969499815,-27.9506612114905,0 -48.6238676183934,-27.9506012162388,0 -48.6238485929894,-27.9505610420274,0 -48.6238392878868,-27.9505408775507,0 -48.6238256662477,-27.9505105234652,0 -48.6238124769702,-27.9504800237461,0 -48.6238060654611,-27.9504647093107,0 -48.6236963239148,-27.9501994688628,0 -48.6236417089659,-27.9500667720747,0 -48.6234676333554,-27.949641778489,0 -48.623383087177,-27.9494351174061,0 -48.6233545581994,-27.9493663387422,0 -48.6233401422061,-27.9493320007617,0 -48.6233108964807,-27.9492634713005,0 -48.623296015721,-27.9492292877497,0 -48.6232733413661,-27.9491781417962,0 -48.6232424487788,-27.9491100261013,0 -48.6232215772826,-27.9490647131094,0 -48.6231793257836,-27.9489742859542,0 -48.623136596997,-27.9488840488016,0 -48.6230792914914,-27.9487638474217,0 -48.6230506723535,-27.9487037288559,0 -48.6230079826003,-27.9486134741704,0 -48.6229868241654,-27.9485682734946,0 -48.6229081069489,-27.9483990499674,0 -48.6228558237803,-27.9482861629162,0 -48.622751613274,-27.9480602676959,0 -48.6227459811168,-27.9480478899013,0 -48.6227350438211,-27.9480230408324,0 -48.6227244750394,-27.9479980725661,0 -48.6227176088462,-27.9479813602178,0 -48.6227041590262,-27.9479478330124,0 -48.6226844652092,-27.9478973883251,0 -48.6226581795532,-27.9478301368957,0 -48.6226446578721,-27.9477966359798,0 -48.6226306530608,-27.9477633062493,0 -48.6226234181566,-27.9477467235538,0 -48.6226122148466,-27.9477219601983,0 -48.622600498436,-27.9476969809058,0 -48.6225925605405,-27.947680386062,0 -48.6225763654156,-27.9476473076078,0 -48.6225513863714,-27.9475979804084,0 -48.6225343400609,-27.9475652573253,0 -48.6225228190888,-27.9475435020087,0 -48.6224994425166,-27.9475001216183,0 -48.6224816811319,-27.9474676841123,0 -48.6224456870226,-27.9474029810349,0 -48.6223729418448,-27.9472738233667,0 -48.6223367852443,-27.9472091262685,0 -48.6223011851142,-27.9471441678248,0 -48.6222836716215,-27.9471115451335,0 -48.6222578935265,-27.9470624117016,0 -48.6222259768793,-27.9469998183507,0 -48.6222102777111,-27.9469684264714,0 -48.6221870866467,-27.9469212327598,0 -48.6221643201007,-27.9468738833685,0 -48.6221530942319,-27.9468501576969,0 -48.6221309806615,-27.9468025855301,0 -48.6221200904802,-27.9467787389922,0 -48.6221039604479,-27.9467429003115,0 -48.6220828685998,-27.9466949757128,0 -48.6220724927853,-27.9466709486139,0 -48.6220571613537,-27.9466348357044,0 -48.6220346681464,-27.9465804803677,0 -48.6220309960002,-27.9465709247125,0 -48.6220287792285,-27.9465645162354,0 -48.6220248255959,-27.9465515902721,0 -48.6220230759504,-27.946545090188,0 -48.6220200121331,-27.9465319995179,0 -48.6220174559419,-27.9465188085787,0 -48.6220160039835,-27.9465099593161,0 -48.6220136200911,-27.946492160736,0 -48.6220122076036,-27.9464787373338,0 -48.6220100641732,-27.9464517211217,0 -48.622006733906,-27.9463973632335,0 -48.6220045167557,-27.9463702020094,0 -48.6220024737695,-27.9463521570916,0 -48.6220012382394,-27.9463431667303,0 -48.6219990310152,-27.9463297295926,0 -48.6219963696685,-27.9463163567504,0 -48.6219948492378,-27.9463096981654,0 -48.621990770752,-27.9462931881678,0 -48.6219884780709,-27.9462850370051,0 -48.6219858930954,-27.9462769799201,0 -48.6219844461941,-27.9462729935924,0 -48.6219812043211,-27.9462651415868,0 -48.6219793789733,-27.9462612753838,0 -48.621976354532,-27.9462555567658,0 -48.6219716889329,-27.9462481223811,0 -48.6219690658014,-27.9462444946191,0 -48.6219647343435,-27.9462391598423,0 -48.6219598773659,-27.9462339778942,0 -48.6219572402289,-27.9462314419656,0 -48.6219522044203,-27.9462272041629,0 -48.6219487029382,-27.946224689643,0 -48.6219463184922,-27.9462231592884,0 -48.6219414004794,-27.9462203944914,0 -48.6219376095737,-27.9462185787878,0 -48.6219350220245,-27.94621748715,0 -48.6219297483883,-27.946215555502,0 -48.6219215909889,-27.9462132579,0 -48.6219159982303,-27.9462120785251,0 -48.6219122120146,-27.9462114353824,0 -48.6219045096798,-27.9462104453411,0 -48.6218956874529,-27.9462097333319,0 -48.6218897296362,-27.946209449724,0 -48.6218776744145,-27.9462091962074,0 -48.6218655406973,-27.9462091853016,0 -48.6218494190734,-27.9462091319028,0 -48.6218414573791,-27.9462089403234,0 -48.6218296967761,-27.9462082320445,0 -48.6218239469328,-27.9462076271042,0 -48.6218164242449,-27.9462065046862,0 -48.621812731552,-27.9462057822016,0 -48.6218073039896,-27.9462044790122,0 -48.621799423481,-27.9462019697565,0 -48.6217943559166,-27.9461998885653,0 -48.6217918844137,-27.9461987086128,0 -48.6217882694374,-27.9461967604692,0 -48.6217714164782,-27.9461868684949,0 -48.6217379978104,-27.9461664853671,0 -48.6216935919283,-27.9461388565088,0 -48.6216712728471,-27.9461252341954,0 -48.621648753073,-27.9461119691305,0 -48.6216373926193,-27.9461055110884,0 -48.6216087307606,-27.946089703469,0 -48.6215894985484,-27.9460793193084,0 -48.6215508318771,-27.9460588096256,0 -48.6215119635493,-27.9460385035169,0 -48.621460050563,-27.94601136713,0 -48.6214341268748,-27.9459976466722,0 -48.6213953844178,-27.94597669286,0 -48.6213761203292,-27.945966010732,0 -48.6213601982406,-27.9459568567947,0 -48.6213523744546,-27.9459521290984,0 -48.6213408728873,-27.9459448111246,0 -48.6213296914721,-27.9459371467752,0 -48.6213242389643,-27.9459331633388,0 -48.6213136507837,-27.9459248599464,0 -48.6213085334987,-27.9459205215838,0 -48.6213011040522,-27.9459137608397,0 -48.6212916811099,-27.9459042142412,0 -48.6212871882315,-27.9458992010277,0 -48.6212807662836,-27.9458913485524,0 -48.6212747390374,-27.9458830871078,0 -48.6212718745266,-27.9458787882405,0 -48.6212709748023,-27.9458772835426,0 -48.6212695284163,-27.9458742086571,0 -48.621268510103,-27.9458710695786,0 -48.6212680463855,-27.9458689407439,0 -48.6212675825514,-27.9458646106843,0 -48.6212675735106,-27.9458613172298,0 -48.621268259804,-27.9458546791654,0 -48.6212695527919,-27.9458480609516,0 -48.6212715814839,-27.9458394249566,0 -48.6212724832666,-27.9458352627939,0 -48.6212730796026,-27.9458327282319,0 -48.6212747853491,-27.9458276778908,0 -48.6212770697006,-27.9458226557262,0 -48.6212788376851,-27.9458193208484,0 -48.6212828365394,-27.9458126679066,0 -48.6212871249233,-27.9458060469553,0 -48.6212927861264,-27.9457972567745,0 -48.6212953713592,-27.945792880297,0 -48.6212986855098,-27.9457863146471,0 -48.6212999970856,-27.9457830352114,0 -48.6213012916778,-27.9457786634068,0 -48.6213017259417,-27.945776477952,0 -48.6213020717142,-27.9457732088051,0 -48.6213020114407,-27.9457699326385,0 -48.6213018137189,-27.945768286977,0 -48.6213011324297,-27.9457645126884,0 -48.6212991818856,-27.9457570800613,0 -48.6212964762486,-27.9457498056539,0 -48.6212942844921,-27.9457450310313,0 -48.6212926568122,-27.9457418808677,0 -48.621289013265,-27.9457356641475,0 -48.6212843398126,-27.9457287891365,0 -48.6212809134554,-27.9457242635732,0 -48.621273343464,-27.9457153713196,0 -48.6212692454819,-27.9457109872448,0 -48.6212604731146,-27.9457023451578,0 -48.6212510173445,-27.9456938443553,0 -48.6212443934789,-27.9456882441321,0 -48.6212305332214,-27.9456771768331,0 -48.6212228526331,-27.9456715759632,0 -48.6212177222661,-27.9456682027817,0 -48.6212143034675,-27.9456661049158,0 -48.6212074280003,-27.9456622505255,0 -48.6212022442598,-27.9456596430212,0 -48.6211987621003,-27.9456580308949,0 -48.6211917466185,-27.9456551036965,0 -48.6211810253765,-27.9456513722648,0 -48.6211737375422,-27.9456492702901,0 -48.621168794422,-27.9456480206112,0 -48.6211586935988,-27.9456458611916,0 -48.6211547146146,-27.9456452146964,0 -48.6211520367275,-27.9456449068078,0 -48.6211466913668,-27.9456445797872,0 -48.6211385990126,-27.9456446926603,0 -48.6211331762935,-27.9456451220908,0 -48.6211222796118,-27.9456466211017,0 -48.6211058600511,-27.9456498651286,0 -48.6210912454711,-27.9456529239276,0 -48.621083959173,-27.9456542595611,0 -48.6210730672277,-27.9456557404762,0 -48.6210658404304,-27.9456562290306,0 -48.6210622547404,-27.9456562843395,0 -48.6210568838885,-27.9456561017137,0 -48.6210515513421,-27.9456555579277,0 -48.6210488882191,-27.9456551423516,0 -48.6210357965852,-27.9456525787535,0 -48.6210293340564,-27.9456511045411,0 -48.6210197561282,-27.945648629228,0 -48.6210185104051,-27.9456482541285,0 -48.6210102900305,-27.9456457769533,0 -48.6210056104577,-27.9456441887276,0 -48.6209963495373,-27.9456406901513,0 -48.6209917588745,-27.9456387521038,0 -48.6209849489966,-27.9456356120175,0 -48.6209759782689,-27.9456309272528,0 -48.6209715413589,-27.9456283690002,0 -48.6209649487109,-27.9456242309115,0 -48.6209552038038,-27.945617322175,0 -48.6209442734495,-27.9456087600603,0 -48.6209390155017,-27.9456044462382,0 -48.6209313652437,-27.9455979438001,0 -48.6209204251366,-27.9455880730074,0 -48.6209151900837,-27.945583082747,0 -48.6209051901482,-27.9455729847915,0 -48.6208957709009,-27.9455627068777,0 -48.6208898170756,-27.9455557375721,0 -48.6208859777176,-27.9455510423967,0 -48.6208786294807,-27.9455415134716,0 -48.6208733814244,-27.9455342314445,0 -48.6208700065675,-27.9455293096941,0 -48.6208635480562,-27.9455193087663,0 -48.6208604614955,-27.945514220727,0 -48.6208545615824,-27.9455038593744,0 -48.6208490027662,-27.9454932428787,0 -48.6208454731491,-27.9454860175492,0 -48.6208388486939,-27.9454711685279,0 -48.6208302092888,-27.9454495350577,0 -48.6208249269307,-27.9454351063102,0 -48.6208224888767,-27.9454280463456,0 -48.620821600132,-27.9454254756436,0 -48.6208153901861,-27.9454062032568,0 -48.6208110845395,-27.9453917192531,0 -48.6208083600506,-27.9453820538418,0 -48.6208032350516,-27.9453626829114,0 -48.620796246072,-27.9453335171603,0 -48.6207919474576,-27.9453139892452,0 -48.6207839413586,-27.9452746732332,0 -48.6207807788607,-27.9452581151627,0 -48.6207793463203,-27.9452497712357,0 -48.6207775465817,-27.9452372162222,0 -48.6207763712901,-27.9452246631946,0 -48.6207760919612,-27.9452183961424,0 -48.6207760707608,-27.9452100859815,0 -48.620776241085,-27.9452059381598,0 -48.6207767344354,-27.945199757163,0 -48.6207780842094,-27.9451905499062,0 -48.6207787308519,-27.9451874748599,0 -48.6207803880876,-27.9451814131175,0 -48.620782497149,-27.9451754764907,0 -48.6207841391588,-27.9451715799108,0 -48.6207879241989,-27.945163930891,0 -48.6207911467042,-27.9451582927312,0 -48.6207934610804,-27.9451545884128,0 -48.6207984294374,-27.9451472754154,0 -48.6208065195409,-27.945136515477,0 -48.6208122099129,-27.9451294495695,0 -48.6208238365209,-27.9451155026405,0 -48.6208268881595,-27.9451120005166,0 -48.6208333439786,-27.9451054352294,0 -48.6208401811054,-27.9450993545587,0 -48.620844918767,-27.9450955203155,0 -48.6208547331175,-27.9450882283242,0 -48.6208648335481,-27.9450812386668,0 -48.6208784186687,-27.9450719543873,0 -48.6208851384369,-27.9450671532074,0 -48.6208949880332,-27.9450595545214,0 -48.620899748412,-27.9450555042364,0 -48.6209058913702,-27.9450497728313,0 -48.6209088531789,-27.945046747176,0 -48.620913133671,-27.9450419847747,0 -48.6209191759043,-27.945034256924,0 -48.62092708321,-27.9450225559429,0 -48.6209306351959,-27.9450166260878,0 -48.620933796386,-27.9450106443167,0 -48.6209351929694,-27.9450076455685,0 -48.6209375782209,-27.9450016415699,0 -48.6209385383853,-27.9449986352759,0 -48.6209396557475,-27.9449941161219,0 -48.6209404784195,-27.9449881032799,0 -48.6209405825124,-27.9449851091697,0 -48.620940306987,-27.9449806199031,0 -48.6209394882413,-27.9449761575917,0 -48.6209388585037,-27.9449739361185,0 -48.6209204361089,-27.9449165289881,0 -48.6209078536444,-27.9448782435532,0 -48.6208820178013,-27.9448016698918,0 -48.6208687931323,-27.94476337335,0 -48.6208417890274,-27.9446867976564,0 -48.6208141359552,-27.9446102652585,0 -48.6207953802784,-27.9445592676744,0 -48.6207572764571,-27.9444573982831,0 -48.6207206954479,-27.9443597863867,0 -48.6206720651236,-27.9442300437191,0 -48.6206473407449,-27.9441653544759,0 -48.6206220666934,-27.9441008181861,0 -48.6206091579054,-27.9440685993109,0 -48.6205893748225,-27.9440203452417,0 -48.6205728286066,-27.943981296233,0 -48.6205643524396,-27.9439618409115,0 -48.6205513777318,-27.9439327429164,0 -48.6205313487938,-27.9438893116385,0 -48.6205106330695,-27.9438461487976,0 -48.6205000190017,-27.9438246706112,0 -48.6204782560901,-27.9437819225224,0 -48.6204671215165,-27.943760652316,0 -48.6204500880619,-27.9437288946459,0 -48.6204267573236,-27.9436868320678,0 -48.6204148304766,-27.9436659182398,0 -48.6203966044867,-27.9436346994715,0 -48.6203779925048,-27.9436036629224,0 -48.6203685365739,-27.9435882235604,0 -48.6201764185201,-27.9432776148694,0 -48.6199089058457,-27.9428434764972,0 -48.6198967466893,-27.9428240020461,0 -48.6198718067514,-27.9427853761246,0 -48.6198461658906,-27.9427471263318,0 -48.6198287398268,-27.9427218046623,0 -48.6197932867597,-27.9426714747455,0 -48.6197391394375,-27.9425964774871,0 -48.6196907963399,-27.942529890956,0 -48.6196667887714,-27.9424964876241,0 -48.6196312356019,-27.9424461195917,0 -48.6196079669581,-27.9424122779945,0 -48.6195965055908,-27.9423952613325,0 -48.6195795396978,-27.9423696039474,0 -48.6195628972015,-27.9423437632584,0 -48.6195547086523,-27.9423307727893,0 -48.6195414604146,-27.9423093304778,0 -48.6195327529306,-27.9422949779148,0 -48.6195156350042,-27.9422661600724,0 -48.6194906729921,-27.9422226433276,0 -48.6194744657429,-27.9421934441668,0 -48.6194638398432,-27.94217390644,0 -48.619442998281,-27.9421346750685,0 -48.6194201358555,-27.942090292558,0 -48.6194052143988,-27.9420605742779,0 -48.6193759921806,-27.9420008868603,0 -48.6193616606453,-27.9419709353643,0 -48.6193334348644,-27.9419108592981,0 -48.6193056449346,-27.9418506194941,0 -48.6192506551269,-27.9417299600825,0 -48.6192427920342,-27.9417122291355,0 -48.6192377389662,-27.9417003398132,0 -48.6192280651686,-27.9416764149976,0 -48.6192234194381,-27.941664388434,0 -48.6192144723305,-27.9416402140481,0 -48.6192059019686,-27.9416159118045,0 -48.6192003762464,-27.9415996465546,0 -48.6191896412416,-27.941567023501,0 -48.6191740152777,-27.9415179209344,0 -48.619153118735,-27.941452485385,0 -48.6191422402186,-27.9414199319896,0 -48.6191308267331,-27.9413875675963,0 -48.6191248724444,-27.9413714755647,0 -48.6191155538095,-27.9413474759319,0 -48.6191068338303,-27.9413262925676,0 -48.6191022997227,-27.9413157653357,0 -48.6190952680297,-27.9413000522807,0 -48.6190841470035,-27.9412766889323,0 -48.6190722687443,-27.9412535828843,0 -48.619066015233,-27.9412421419989,0 -48.6190555986593,-27.9412237263768,0 -48.6190485228764,-27.9412115217357,0 -48.6190340670533,-27.9411872437664,0 -48.6190117159651,-27.9411511710274,0 -48.6189964301235,-27.9411273027467,0 -48.6189860970837,-27.9411114686819,0 -48.6189651170662,-27.9410799493196,0 -48.6189491740875,-27.941056412211,0 -48.6189169306464,-27.9410095218012,0 -48.6188521303895,-27.9409159238852,0 -48.6188202519993,-27.9408688767596,0 -48.6187994172925,-27.940837324093,0 -48.6187891580455,-27.9408214643071,0 -48.618774005129,-27.9407975619576,0 -48.6187518975393,-27.9407614212513,0 -48.6187397092268,-27.9407408640461,0 -48.6187156310756,-27.9406996000458,0 -48.6186918996892,-27.9406581619576,0 -48.6186451120831,-27.9405749273715,0 -48.6185829934523,-27.940463790207,0 -48.6185515545693,-27.9404083956828,0 -48.6185380703011,-27.9403862547482,0 -48.6185349457646,-27.9403794604324,0 -48.6185295666529,-27.9403695772207,0 -48.6185255620424,-27.9403631559311,0 -48.6185227385769,-27.9403589474923,0 -48.6185167118126,-27.9403506865031,0 -48.6185094436862,-27.9403416005328,0 -48.6185043621847,-27.9403356479921,0 -48.6184937561735,-27.9403239235893,0 -48.6184607755868,-27.9402893365983,0 -48.6184502220975,-27.9402776494488,0 -48.6184451803028,-27.9402717245785,0 -48.6184370790373,-27.9402621731478,0 -48.6184204606741,-27.9402433973747,0 -48.6183981081533,-27.9402185134722,0 -48.6183871171951,-27.9402059073082,0 -48.6183764245509,-27.9401930452657,0 -48.618371224292,-27.9401864859765,0 -48.618362738597,-27.940175096199,0 -48.6183573588889,-27.9401673607731,0 -48.6183538972318,-27.9401621395293,0 -48.6183472632649,-27.940151567123,0 -48.6183425302013,-27.9401435273264,0 -48.6183336841156,-27.9401271687859,0 -48.6183256295062,-27.9401104902076,0 -48.6183206850686,-27.940099225049,0 -48.6183175796271,-27.9400916462857,0 -48.6183117781675,-27.9400763691795,0 -48.6183066611751,-27.940061861708,0 -48.6182969060469,-27.9400327564735,0 -48.6182780796134,-27.9399744129991,0 -48.6182683141943,-27.9399453252079,0 -48.6182491955014,-27.9398896476566,0 -48.6182390843177,-27.9398619615158,0 -48.6182318366489,-27.9398436094977,0 -48.6182280015679,-27.9398344661797,0 -48.6182219632657,-27.9398208272138,0 -48.618216996114,-27.9398110502511,0 -48.6182132610958,-27.9398047509227,0 -48.6182106205927,-27.9398006271514,0 -48.618204965607,-27.9397925796552,0 -48.6182004497281,-27.9397866820533,0 -48.6181908690913,-27.9397752011717,0 -48.6181807302537,-27.9397640355521,0 -48.6181597936622,-27.9397421444955,0 -48.6181311876151,-27.939712306547,0 -48.6181168002216,-27.9396975306741,0 -48.6180948853173,-27.9396756584723,0 -48.6180799599001,-27.9396613243218,0 -48.6180723753752,-27.9396542545423,0 -48.6180608175045,-27.9396437775335,0 -48.6180340755891,-27.9396202968339,0 -48.6180160664769,-27.9396048265893,0 -48.6179796434374,-27.9395742486184,0 -48.6179529853587,-27.9395524027864,0 -48.6179395549836,-27.9395416047798,0 -48.617919210742,-27.9395255885438,0 -48.6178986062179,-27.9395098475645,0 -48.6178881818382,-27.9395020881326,0 -48.617881119179,-27.9394970661365,0 -48.6178665447527,-27.9394875656382,0 -48.6178366149162,-27.9394694526443,0 -48.6178218751289,-27.9394600842051,0 -48.617809071229,-27.9394513991234,0 -48.6178028066773,-27.9394469416575,0 -48.6177936430641,-27.9394399706435,0 -48.6177848269612,-27.9394325364324,0 -48.6177805752115,-27.9394285918321,0 -48.6177757513955,-27.9394238707288,0 -48.617766463523,-27.9394142265779,0 -48.6177576462892,-27.939404329533,0 -48.6177520025416,-27.9393976088954,0 -48.6177412699733,-27.9393838886494,0 -48.6177336390007,-27.9393733711023,0 -48.617728735619,-27.9393662574008,0 -48.6177193189897,-27.9393518285796,0 -48.6177147858818,-27.9393445142175,0 -48.6177060073665,-27.9393297175477,0 -48.6176975578146,-27.9393147376758,0 -48.6176812753096,-27.9392843733631,0 -48.6176538126771,-27.9392316094373,0 -48.6176406392742,-27.9392051517697,0 -48.6176281583043,-27.9391785072789,0 -48.6176222449033,-27.9391650874358,0 -48.6176147848766,-27.9391470654494,0 -48.6176112472606,-27.9391379905992,0 -48.6176062121546,-27.9391242786595,0 -48.6175993249318,-27.9391034964752,0 -48.6175932428757,-27.9390833241069,0 -48.6175817173375,-27.9390428731216,0 -48.6175596308509,-27.9389618165743,0 -48.6175481724748,-27.9389213579379,0 -48.6175428780099,-27.9389019751649,0 -48.6175396614167,-27.9388889263798,0 -48.617533774765,-27.938862621288,0 -48.6175226239335,-27.9388097344052,0 -48.6175165131306,-27.9387834711419,0 -48.6175119456757,-27.9387661402643,0 -48.6175094827833,-27.9387575433171,0 -48.6175054885065,-27.9387447520212,0 -48.617499548328,-27.9387279205606,0 -48.6174962738905,-27.9387196262265,0 -48.6174909560656,-27.9387073258366,0 -48.617485084891,-27.9386952328496,0 -48.6174819261356,-27.9386892678538,0 -48.6174751308721,-27.9386775195887,0 -48.6174714906447,-27.938671736255,0 -48.6174656817694,-27.9386631898709,0 -48.6174475299197,-27.9386380172866,0 -48.6174352584391,-27.9386213829612,0 -48.6174104076922,-27.9385884069175,0 -48.6173852481169,-27.9385557146501,0 -48.6173345991559,-27.9384906388531,0 -48.6172968951132,-27.9384416048987,0 -48.617226711407,-27.9383490233574,0 -48.6171917619531,-27.9383026177374,0 -48.6171874335947,-27.938296713991,0 -48.6171792345348,-27.9382846798159,0 -48.6171715695542,-27.9382723839344,0 -48.6171667316131,-27.9382640443484,0 -48.6171576856697,-27.9382470869561,0 -48.6171513781911,-27.9382341377456,0 -48.617147383935,-27.9382254156993,0 -48.6171397934065,-27.9382077796883,0 -48.6171361787589,-27.938198883579,0 -48.6171292586709,-27.9381809887733,0 -48.6171226333521,-27.9381629993913,0 -48.6171098506686,-27.9381269747586,0 -48.617105483764,-27.9381133646916,0 -48.6171029842121,-27.9381042081246,0 -48.6170986961418,-27.9380857360289,0 -48.6170949666718,-27.9380671563022,0 -48.6170900776938,-27.9380423581635,0 -48.6170873519418,-27.9380300035133,0 -48.6170842464857,-27.9380177144325,0 -48.617082513308,-27.9380116122018,0 -48.6170796327876,-27.9380024941969,0 -48.6170710937727,-27.9379773613523,0 -48.6170665937869,-27.9379648140692,0 -48.6170592713593,-27.9379461809401,0 -48.6170538495766,-27.9379339872275,0 -48.6170509435111,-27.9379279819905,0 -48.6170463001416,-27.9379191132255,0 -48.617039514476,-27.9379075815405,0 -48.6170358360295,-27.9379019594463,0 -48.6170299308224,-27.9378937368528,0 -48.6170235244054,-27.937885775983,0 -48.6170201143756,-27.9378819092698,0 -48.6170088880651,-27.9378697593349,0 -48.6169859937678,-27.9378459755478,0 -48.6169395808115,-27.9377992810546,0 -48.6169166827851,-27.9377756684659,0 -48.616881652707,-27.9377390779357,0 -48.6168349293845,-27.937690311741,0 -48.6168118604044,-27.9376657037817,0 -48.616789151299,-27.9376408041124,0 -48.6167779756558,-27.9376282128112,0 -48.6167614809981,-27.9376091146312,0 -48.6167542566842,-27.9376003636244,0 -48.6167495804358,-27.9375944626529,0 -48.6167405478052,-27.9375824679902,0 -48.6167361780067,-27.9375763922404,0 -48.6167277110121,-27.9375640824486,0 -48.6167195851803,-27.9375515984796,0 -48.616714324083,-27.9375431882193,0 -48.6167041622522,-27.937526166318,0 -48.6166967928797,-27.9375132620327,0 -48.6166825547296,-27.9374871917277,0 -48.6166549449781,-27.9374345880974,0 -48.6166409736909,-27.9374083957451,0 -48.6166264646597,-27.9373825195533,0 -48.6166189119503,-27.9373697475661,0 -48.6166071045066,-27.9373508566589,0 -48.6166001808242,-27.9373403331329,0 -48.6165859276312,-27.9373194684987,0 -48.6165712225512,-27.9372988223823,0 -48.6165612228433,-27.9372851505454,0 -48.6165408681989,-27.9372579725415,0 -48.6165202407157,-27.9372309076634,0 -48.6164927488509,-27.937194799508,0 -48.6164791677131,-27.9371766538345,0 -48.6164591961434,-27.9371492302256,0 -48.6164494502215,-27.937135382692,0 -48.6164367854205,-27.9371167654996,0 -48.6164306114174,-27.9371073740097,0 -48.6164215763605,-27.9370931775151,0 -48.6164085762924,-27.9370715861424,0 -48.6164050779219,-27.9370653624637,0 -48.6163986095016,-27.9370527177371,0 -48.6163927553669,-27.937039857855,0 -48.6163891443143,-27.9370311694124,0 -48.6163825199795,-27.9370135952593,0 -48.6163794455513,-27.9370047266636,0 -48.6163735996849,-27.9369868592431,0 -48.6163623798929,-27.9369509249547,0 -48.6163565331632,-27.9369330123598,0 -48.6163502200356,-27.9369152447863,0 -48.6163468169335,-27.93690643383,0 -48.6163413210908,-27.9368933543573,0 -48.6163324352008,-27.9368723662304,0 -48.6163208630261,-27.9368441496594,0 -48.6163147694004,-27.9368301671178,0 -48.6163082445707,-27.936816392989,0 -48.61630475829,-27.93680961935,0 -48.6162991767343,-27.9367996246164,0 -48.6162938197874,-27.936790951091,0 -48.6162909850882,-27.936786697259,0 -48.6162865122668,-27.9367804302653,0 -48.6162792657935,-27.9367713087703,0 -48.6162712973474,-27.9367625624756,0 -48.6162670233688,-27.9367583382352,0 -48.6162513288322,-27.9367439002701,0 -48.6162406395432,-27.9367346106497,0 -48.6162334294385,-27.9367285490223,0 -48.6162188256279,-27.9367167106118,0 -48.6162077265785,-27.9367080367539,0 -48.6161852307465,-27.9366911167431,0 -48.6161624610694,-27.9366745532566,0 -48.6161318720381,-27.9366526208484,0 -48.6161165827965,-27.9366415558793,0 -48.6161007287356,-27.9366301198538,0 -48.6160688491569,-27.9366074882453,0 -48.616026248846,-27.9365774526593,0 -48.6160050529185,-27.9365623058716,0 -48.6159735675697,-27.9365392030481,0 -48.6159617158518,-27.9365301014428,0 -48.6159539599791,-27.9365239036825,0 -48.6159387420221,-27.9365112604702,0 -48.6159312638212,-27.9365048147391,0 -48.6159165070314,-27.9364917284751,0 -48.615901966149,-27.9364784113439,0 -48.6158731980142,-27.9364513039364,0 -48.6158570435776,-27.9364357031071,0 -48.6158491086536,-27.9364278330128,0 -48.6158374110998,-27.9364158918119,0 -48.6158203899168,-27.9363976589508,0 -48.6158094258286,-27.9363852430686,0 -48.6158040782055,-27.9363789427323,0 -48.6157962216468,-27.9363693684187,0 -48.6157860937953,-27.9363563441594,0 -48.6157811799669,-27.9363497176022,0 -48.6157740157,-27.9363396232869,0 -48.6157637497542,-27.9363241062864,0 -48.6157534228952,-27.9363070996387,0 -48.6157469201983,-27.9362956537559,0 -48.6157427405346,-27.9362879841897,0 -48.6157347282336,-27.9362725425773,0 -48.6157290005586,-27.9362608755146,0 -48.6157181687936,-27.936237354484,0 -48.6157080614157,-27.936213602585,0 -48.6157016273978,-27.9361976469579,0 -48.61568929823,-27.9361655098821,0 -48.6156836687543,-27.936149739466,0 -48.6156801642713,-27.936139167195,0 -48.615673559785,-27.9361179299801,0 -48.6156608709776,-27.9360753472584,0 -48.6156541739607,-27.9360541447872,0 -48.6156468335028,-27.9360331018908,0 -48.6156428262517,-27.9360226651967,0 -48.6156357755586,-27.9360054537096,0 -48.6156309078731,-27.9359940455109,0 -48.6156207563053,-27.9359713755529,0 -48.6156154765685,-27.9359601226768,0 -48.6156045075232,-27.9359377722901,0 -48.6155929975522,-27.9359156289633,0 -48.6155850393492,-27.9359009730543,0 -48.6155796019709,-27.9358912511959,0 -48.615568426284,-27.93587192893,0 -48.6155648853521,-27.9358660657665,0 -48.615557499291,-27.9358544966309,0 -48.6155497762077,-27.935843111103,0 -48.6155444650849,-27.9358356025641,0 -48.6155335651156,-27.9358207513968,0 -48.6155167985387,-27.9357986970756,0 -48.6154945445381,-27.9357692848079,0 -48.6154838162278,-27.9357543826408,0 -48.6154735848245,-27.9357392451143,0 -48.6154687043457,-27.9357315540365,0 -48.6154617382093,-27.9357198390724,0 -48.615455852004,-27.9357093786304,0 -48.6154443767982,-27.9356883367809,0 -48.6154332605356,-27.9356671298763,0 -48.6154260118998,-27.9356529191179,0 -48.6154118388759,-27.9356243594808,0 -48.6153910636479,-27.9355812940838,0 -48.6153634712346,-27.9355237996041,0 -48.6153493810272,-27.9354951692525,0 -48.6153348864332,-27.9354667125284,0 -48.6153274374576,-27.935452561627,0 -48.6153159634859,-27.9354314658194,0 -48.6153014614953,-27.9354056612226,0 -48.6152916603009,-27.9353885281771,0 -48.6152717339033,-27.9353544464677,0 -48.6152616095378,-27.9353374879054,0 -48.6152410185623,-27.9353037102383,0 -48.6152199746639,-27.9352701141675,0 -48.6152056824025,-27.9352478052996,0 -48.6151764728358,-27.9352033573649,0 -48.6151632952094,-27.9351840543518,0 -48.6151565233278,-27.935174508164,0 -48.6151461466434,-27.9351603428701,0 -48.6151354629255,-27.9351463793252,0 -48.6151299859062,-27.9351394813978,0 -48.6151187516928,-27.9351258783952,0 -48.6151129980123,-27.935119182743,0 -48.615104153858,-27.9351092669088,0 -48.6150919824447,-27.9350963244966,0 -48.6150857212314,-27.9350899813197,0 -48.615076092275,-27.9350806196748,0 -48.6150610999166,-27.9350669790804,0 -48.6150559347272,-27.9350625405537,0 -48.6150454066288,-27.9350538853172,0 -48.6150346390903,-27.9350454880725,0 -48.6150273652608,-27.9350400206104,0 -48.6150126050185,-27.9350293066943,0 -48.6149901726084,-27.9350135881725,0 -48.614960254486,-27.9349927047094,0 -48.6149455217663,-27.9349820369732,0 -48.6149310945556,-27.9349710677799,0 -48.6149240253425,-27.9349654320347,0 -48.614913639791,-27.9349567528246,0 -48.6148029429192,-27.9348609865749,0 -48.6147191522834,-27.9347876932517,0 -48.6146774859002,-27.9347507889493,0 -48.6146640195393,-27.9347385372392,0 -48.6146574006202,-27.934732305148,0 -48.6146475995108,-27.934722823189,0 -48.6146332372633,-27.9347083360049,0 -48.6146192990835,-27.9346935136226,0 -48.6146124973478,-27.9346859786664,0 -48.6145992176235,-27.9346706803091,0 -48.6145927663007,-27.9346629168194,0 -48.6145833006411,-27.9346511221475,0 -48.6145711351867,-27.9346351480942,0 -48.6145652401536,-27.934627042887,0 -48.6145566587688,-27.934614767343,0 -48.6145443831168,-27.9345960482513,0 -48.6145055410378,-27.9345340999391,0 -48.6144286608328,-27.9344098840367,0 -48.6143315257363,-27.934251778283,0 -48.6142832427868,-27.9341726039274,0 -48.6142740948029,-27.9341570792236,0 -48.6142682391616,-27.9341466192675,0 -48.6142570609408,-27.9341254833511,0 -48.6142517257707,-27.9341148159841,0 -48.6142414932678,-27.9340932812185,0 -48.6142317688395,-27.9340715388273,0 -48.6142255366248,-27.9340569397545,0 -48.614213546799,-27.9340275334029,0 -48.6142048682479,-27.9340053492903,0 -48.6141879566724,-27.9339607982384,0 -48.6141729705691,-27.9339211802999,0 -48.6141653255132,-27.9339014317524,0 -48.6141535199518,-27.9338719658088,0 -48.6141411051251,-27.9338427415317,0 -48.6141346186871,-27.9338282559022,0 -48.6141255996038,-27.933809097034,0 -48.6141209341307,-27.933799587316,0 -48.6141136847859,-27.933785421645,0 -48.614102239803,-27.9337644072082,0 -48.6140900253031,-27.9337437313395,0 -48.6140836180621,-27.9337335145942,0 -48.6140701592714,-27.9337134218422,0 -48.6140608098098,-27.9337002396922,0 -48.6140544258779,-27.9336915301141,0 -48.6140414073233,-27.9336742602614,0 -48.6140214392392,-27.9336485953961,0 -48.6139946777428,-27.933614457817,0 -48.6139815212556,-27.9335972577123,0 -48.6139686877674,-27.9335798913819,0 -48.6139624374614,-27.9335711119725,0 -48.613953303828,-27.9335578162548,0 -48.613905184202,-27.9334859350209,0 -48.6138814019402,-27.9334498372993,0 -48.6138580306642,-27.9334135203541,0 -48.6138465459529,-27.9333952483362,0 -48.6138080520947,-27.9333332067624,0 -48.6137890185323,-27.9333020993535,0 -48.6137609422812,-27.9332552256176,0 -48.6137426435398,-27.933223779585,0 -48.6137336541398,-27.9332079866467,0 -48.6137203829495,-27.9331841885833,0 -48.6136919803921,-27.9331318229262,0 -48.6136545353143,-27.9330618234519,0 -48.6136356778311,-27.9330268844291,0 -48.6136071774677,-27.9329747968261,0 -48.6135495111488,-27.9328708903798,0 -48.6135380238267,-27.9328507954182,0 -48.6135301681913,-27.9328375036615,0 -48.6135140048663,-27.9328111469146,0 -48.6135057099608,-27.9327980645231,0 -48.6134887358494,-27.9327720907829,0 -48.6134713102792,-27.9327463168336,0 -48.6134594642014,-27.932729229174,0 -48.6134353294225,-27.932695218552,0 -48.6134196340396,-27.9326739227458,0 -48.6134089005403,-27.9326599312348,0 -48.613401624283,-27.9326506923378,0 -48.6133868097803,-27.9326323983456,0 -48.6133754655215,-27.9326188296568,0 -48.6133522300731,-27.9325920886718,0 -48.6133283018562,-27.9325657778971,0 -48.6133119907678,-27.9325484597022,0 -48.6133009662321,-27.9325369898305,0 -48.6132785793378,-27.9325142424852,0 -48.6132570394726,-27.9324929901543,0 -48.6132461561307,-27.9324824881354,0 -48.6132296745813,-27.9324669171571,0 -48.6132045904202,-27.9324439429429,0 -48.6131790166303,-27.9324214382568,0 -48.6131660327931,-27.9324103584512,0 -48.6131396683823,-27.9323885890242,0 -48.6131262720803,-27.932377881507,0 -48.6131058845997,-27.9323620621442,0 -48.6130861425907,-27.9323474005668,0 -48.6130727796101,-27.9323378572894,0 -48.613045716869,-27.9323191977545,0 -48.6129635266916,-27.9322643742216,0 -48.6129364676539,-27.9322456607606,0 -48.6129231156214,-27.9322360719499,0 -48.6128766751727,-27.9322024591621,0 -48.6128537845197,-27.9321853429175,0 -48.6128388458613,-27.9321736333032,0 -48.6128314898491,-27.9321676587522,0 -48.6128206574345,-27.9321585382352,0 -48.6128066190123,-27.9321459878651,0 -48.6127997894195,-27.9321395350575,0 -48.6127898306373,-27.9321295992081,0 -48.612780222155,-27.9321193268873,0 -48.6127755733597,-27.9321140584969,0 -48.6127674615627,-27.9321044707924,0 -48.6127622114952,-27.9320980090313,0 -48.6127520349375,-27.932084920949,0 -48.6127471010213,-27.9320782939483,0 -48.6127375082883,-27.9320649086905,0 -48.6127282486485,-27.9320513491248,0 -48.6127222521415,-27.9320422309706,0 -48.6127105878824,-27.9320238202789,0 -48.6127020859578,-27.93200989496,0 -48.61268555216,-27.9319818173174,0 -48.6126531147057,-27.9319254025545,0 -48.6126365305998,-27.931897414352,0 -48.612625110957,-27.9318789627381,0 -48.6126192491384,-27.9318698111195,0 -48.6126102322567,-27.9318562105987,0 -48.6125961363669,-27.9318361248434,0 -48.612583333562,-27.9318186509906,0 -48.6125574388555,-27.931783851367,0 -48.612531207356,-27.9317492259818,0 -48.6124780583283,-27.9316802981347,0 -48.6124423506547,-27.9316344648172,0 -48.6123947478246,-27.93157333879,0 -48.6123710801483,-27.9315427009904,0 -48.6123358768375,-27.9314965784594,0 -48.6123184530884,-27.9314734214232,0 -48.6122841051723,-27.9314268351455,0 -48.6122672078273,-27.9314033986593,0 -48.6122422935455,-27.9313680113034,0 -48.6122363981632,-27.9313593734586,0 -48.6122249962464,-27.9313418693577,0 -48.6122140509212,-27.9313241297597,0 -48.6122069581289,-27.9313121960233,0 -48.6121931219835,-27.9312881440634,0 -48.6121795534511,-27.9312639348338,0 -48.6121615096678,-27.9312316443856,0 -48.612152343743,-27.9312155778928,0 -48.6121382302779,-27.9311916747674,0 -48.6121309524725,-27.9311798369472,0 -48.6121209312188,-27.931164233637,0 -48.6121157798491,-27.9311565019593,0 -48.6121078416574,-27.931145031575,0 -48.612037074667,-27.9310517425831,0 -48.6118487521326,-27.930747468954,0 -48.6115976633919,-27.9303417801204,0 -48.6114721195856,-27.9301389405217,0 -48.6114604054005,-27.9301203933953,0 -48.6114524278136,-27.930108155145,0 -48.6114360152351,-27.9300839234852,0 -48.6114276013176,-27.9300719304413,0 -48.611410359011,-27.930048126056,0 -48.6113925584646,-27.9300245559493,0 -48.6113803880764,-27.9300089340222,0 -48.6113553489667,-27.9299778663919,0 -48.611345655349,-27.9299667713853,0 -48.6113388321964,-27.9299596693291,0 -48.6113341383161,-27.9299550763946,0 -48.6113244105524,-27.9299461820123,0 -48.6113168285639,-27.9299397794149,0 -48.6113116493506,-27.9299356296457,0 -48.6113009961801,-27.9299276218285,0 -48.6112955242761,-27.9299237550047,0 -48.6112843406318,-27.9299162975095,0 -48.6112728217901,-27.9299091949165,0 -48.6112649900407,-27.9299046472046,0 -48.6112489763668,-27.9298959956388,0 -48.611244133016,-27.9298935748911,0 -48.6112343174762,-27.9298890373583,0 -48.6112243295456,-27.9298848669153,0 -48.6112176030415,-27.9298822504731,0 -48.6112040063099,-27.9298773499299,0 -48.6111833791614,-27.9298705133106,0 -48.6111558649928,-27.9298615360312,0 -48.6111422530969,-27.9298567613332,0 -48.6111288369151,-27.9298516023254,0 -48.6111222338081,-27.9298488167472,0 -48.6111124656573,-27.9298443521725,0 -48.6110781235938,-27.9298275601005,0 -48.6110611133407,-27.9298189727239,0 -48.6110358652819,-27.9298057220823,0 -48.6110110164574,-27.9297918555039,0 -48.6109987610007,-27.9297846409753,0 -48.6109826341949,-27.9297746794624,0 -48.6109746686761,-27.9297695335368,0 -48.6109628474833,-27.9297616045517,0 -48.6109454143551,-27.9297491570024,0 -48.6109253304263,-27.929733893884,0 -48.6109154948542,-27.929726125473,0 -48.6109010123702,-27.9297142798493,0 -48.6108868957711,-27.9297021784333,0 -48.6108799803464,-27.9296960313509,0 -48.6108664602433,-27.9296835074224,0 -48.6108598648622,-27.9296771307377,0 -48.6108501738059,-27.9296674163924,0 -48.6108376728597,-27.9296541699866,0 -48.61083161677,-27.9296474061447,0 -48.6108227592356,-27.929637092766,0 -48.6108100565401,-27.9296212082238,0 -48.6106442828529,-27.9294031422898,0 -48.6105908334867,-27.9293335675492,0 -48.6105194774968,-27.9292408365326,0 -48.6104840207722,-27.9291942939426,0 -48.6104789392104,-27.9291874566866,0 -48.6104691872566,-27.9291735816915,0 -48.6104599263892,-27.9291594530794,0 -48.610454012882,-27.9291499034156,0 -48.6104427157707,-27.9291305335219,0 -48.6104346588434,-27.9291157946863,0 -48.6104294619331,-27.9291058873796,0 -48.6104194179349,-27.9290858987538,0 -48.6104050289265,-27.9290556111796,0 -48.6103772947633,-27.9289946851681,0 -48.6103658414053,-27.9289685541525,0 -48.610358636891,-27.9289510060325,0 -48.6103449805405,-27.9289156877021,0 -48.6103318926045,-27.9288801804296,0 -48.6103144962742,-27.9288328240212,0 -48.6103054866383,-27.9288092257702,0 -48.6102960800167,-27.9287857472918,0 -48.6102911765592,-27.9287740585479,0 -48.6102835226002,-27.9287566199248,0 -48.6102644963096,-27.9287146394037,0 -48.6102543987588,-27.9286938468922,0 -48.6102472323061,-27.9286802056668,0 -48.6102434774579,-27.9286734635806,0 -48.610237611751,-27.9286634906864,0 -48.6102292731796,-27.9286504795081,0 -48.6102248620977,-27.9286441137335,0 -48.6102179081646,-27.9286347624299,0 -48.6102105069637,-27.9286256743139,0 -48.6102066327011,-27.9286212310509,0 -48.610160538225,-27.928570145876,0 -48.6100677386352,-27.9284685960048,0 -48.6099867069793,-27.9283806322843,0 -48.6099145090818,-27.9283025662979,0 -48.6098785446816,-27.9282634224557,0 -48.6098249530918,-27.9282044115987,0 -48.6098165545494,-27.9281946920961,0 -48.609811212329,-27.9281880667244,0 -48.6098010997143,-27.9281745279716,0 -48.6097963146382,-27.9281676055241,0 -48.6097872279247,-27.9281535162441,0 -48.6097787274608,-27.9281391034086,0 -48.6097733526783,-27.9281293378306,0 -48.6097632166594,-27.9281094824919,0 -48.6097560423434,-27.9280943437074,0 -48.6097514386438,-27.9280841674658,0 -48.6097425366679,-27.9280636297375,0 -48.6097167305896,-27.9280014467629,0 -48.609707848188,-27.9279808372286,0 -48.6097032580929,-27.9279706067009,0 -48.6096936648814,-27.9279503460935,0 -48.6096886227431,-27.9279403423213,0 -48.6096807000043,-27.9279255154605,0 -48.6096722554293,-27.927910959302,0 -48.6096678217885,-27.9279037901741,0 -48.6096347358397,-27.9278520281098,0 -48.6096178181525,-27.9278263258844,0 -48.6096004994583,-27.9278008419369,0 -48.6095916533265,-27.9277881914422,0 -48.6095735451805,-27.9277631365593,0 -48.6095642464159,-27.9277507397936,0 -48.6095499541326,-27.9277323283898,0 -48.6095435957969,-27.9277244308294,0 -48.6095305468884,-27.927708856283,0 -48.6095171412093,-27.9276935464927,0 -48.6095080275584,-27.927683444473,0 -48.6094895213133,-27.9276634624833,0 -48.6094333287599,-27.9276040175167,0 -48.6094149865191,-27.9275839662222,0 -48.6094060083788,-27.927573821391,0 -48.6093885007527,-27.9275532338706,0 -48.6093800354931,-27.9275427465874,0 -48.6093677479821,-27.9275267523866,0 -48.6093092612674,-27.9274471195401,0 -48.6092316540232,-27.9273407174064,0 -48.6091925086214,-27.9272877221398,0 -48.6091103624493,-27.9271776504363,0 -48.6090007777586,-27.9270309106146,0 -48.6089461560959,-27.926957453322,0 -48.6089132960225,-27.9269130041486,0 -48.6088479486738,-27.9268238771007,0 -48.6087179084629,-27.926645255399,0 -48.608652742511,-27.9265560141181,0 -48.6085966556361,-27.926479454944,0 -48.6085683825327,-27.9264413288647,0 -48.608539734857,-27.9264034038934,0 -48.6085252268363,-27.9263845557841,0 -48.6084957073634,-27.9263471118554,0 -48.6084806649347,-27.9263285430336,0 -48.6084576871712,-27.9263009125279,0 -48.6084505956539,-27.9262926414654,0 -48.6084361128468,-27.9262763380992,0 -48.6084212576088,-27.9262603350106,0 -48.6084111558518,-27.926249809881,0 -48.6083905450074,-27.9262290961906,0 -48.6083747778771,-27.9262138174185,0 -48.6083641300725,-27.9262037338362,0 -48.6083425782354,-27.9261837709396,0 -48.608309766082,-27.9261542281819,0 -48.6082434486084,-27.9260957347381,0 -48.6081810242543,-27.9260407112386,0 -48.6081392864305,-27.9260041740037,0 -48.6080554857435,-27.9259313912384,0 -48.6080368278482,-27.9259154481517,0 -48.6079990936332,-27.9258839523185,0 -48.6079231748425,-27.9258213674877,0 -48.6078980994733,-27.9258002236919,0 -48.6078856691276,-27.9257895501228,0 -48.607857404669,-27.9257647872129,0 -48.6078433968115,-27.9257522908898,0 -48.6078225586708,-27.9257334043063,0 -48.6077916697384,-27.9257047523229,0 -48.607761241823,-27.9256757200891,0 -48.6077462071739,-27.925661058117,0 -48.6077164954472,-27.9256314336329,0 -48.6077018204486,-27.9256164893308,0 -48.6076800487822,-27.9255938785267,0 -48.6076514633172,-27.9255633985133,0 -48.6076373790296,-27.9255480128829,0 -48.6076164770062,-27.9255247678878,0 -48.6075857094439,-27.9254894856866,0 -48.6075589421963,-27.9254577287514,0 -48.6075457742296,-27.9254417009307,0 -48.607526284738,-27.9254174963411,0 -48.6074976618765,-27.9253807809819,0 -48.6074789970727,-27.9253560405529,0 -48.6074698034373,-27.9253435915186,0 -48.6074561595894,-27.9253248211096,0 -48.6074384421604,-27.9252999704763,0 -48.6074267680033,-27.9252833462979,0 -48.6074037241469,-27.9252499848261,0 -48.6073698237909,-27.9251996702831,0 -48.607347590532,-27.9251659346363,0 -48.6073329104341,-27.9251433748959,0 -48.6073037986386,-27.9250980697313,0 -48.607279291769,-27.9250600000662,0 -48.6072466526265,-27.9250092651925,0 -48.607230625681,-27.9249837588269,0 -48.6072149884381,-27.924958069236,0 -48.6072073376999,-27.9249451326348,0 -48.6071961567085,-27.9249256020666,0 -48.607183971653,-27.9249036903679,0 -48.6071600852652,-27.9248596941901,0 -48.6071130975013,-27.9247713641117,0 -48.6070893916571,-27.9247272807441,0 -48.6070345809664,-27.9246257312785,0 -48.6069859399821,-27.9245354504236,0 -48.6069614348976,-27.9244903877372,0 -48.6069242162403,-27.9244229800894,0 -48.6068989737162,-27.9243782113236,0 -48.606886188269,-27.9243558920986,0 -48.6068667898675,-27.9243225036034,0 -48.6068371080178,-27.9242726411745,0 -48.606830545988,-27.9242619340593,0 -48.606817045486,-27.9242407209043,0 -48.6068031148663,-27.9242197530499,0 -48.6067935846634,-27.9242058998551,0 -48.6067740776517,-27.9241784555511,0 -48.6067590757505,-27.9241580737562,0 -48.6067489283615,-27.9241445705488,0 -48.606728359991,-27.9241177124748,0 -48.6066970189999,-27.9240777010373,0 -48.6066549151211,-27.924024545761,0 -48.6066339885432,-27.923997907241,0 -48.6065858607437,-27.9239364723756,0 -48.6065536445998,-27.9238956069522,0 -48.6064888917052,-27.9238140505955,0 -48.6064741900065,-27.9237957221088,0 -48.6064444796066,-27.923759266863,0 -48.6064144060416,-27.9237230580762,0 -48.606394171645,-27.9236990303918,0 -48.6063532803621,-27.9236511565647,0 -48.6063389106597,-27.9236349271125,0 -48.6063290854696,-27.9236243075262,0 -48.6063224257099,-27.9236173072179,0 -48.6063088634276,-27.9236035188112,0 -48.6062984698687,-27.9235933409281,0 -48.6062771699677,-27.9235734085564,0 -48.6062552011393,-27.9235539794706,0 -48.6062402002977,-27.923541293912,0 -48.6062300552278,-27.9235329514785,0 -48.6062094202702,-27.9235164957697,0 -48.6061891513634,-27.9235009578595,0 -48.6061789048642,-27.9234933356486,0 -48.6061634088473,-27.9234821036251,0 -48.6061398267341,-27.9234657139622,0 -48.6061158051007,-27.9234499119775,0 -48.6061036091738,-27.9234422376891,0 -48.6060788551828,-27.9234273977322,0 -48.6060662768721,-27.9234202223493,0 -48.606047144749,-27.9234097928109,0 -48.6060318081007,-27.9234017395287,0 -48.6060009832042,-27.9233859007252,0 -48.6059391587818,-27.9233545802305,0 -48.6059084042988,-27.9233386704879,0 -48.6058649666538,-27.9233156462969,0 -48.6058433294333,-27.9233040188637,0 -48.6058109891836,-27.9232864117493,0 -48.6057626452827,-27.9232595942263,0 -48.6057479346043,-27.9232509917218,0 -48.6057383450833,-27.923245014332,0 -48.6057320452891,-27.9232409258394,0 -48.6057196647089,-27.9232325175065,0 -48.6057105441061,-27.9232259975534,0 -48.605692740442,-27.9232124602482,0 -48.6056754254428,-27.9231983003183,0 -48.6056641314044,-27.9231885302311,0 -48.6056567119584,-27.9231818779508,0 -48.60564205897,-27.9231682687719,0 -48.6056282960295,-27.9231547295927,0 -48.6056194700097,-27.92314553497,0 -48.6056137251705,-27.9231393358651,0 -48.6056025745691,-27.9231267441927,0 -48.6055944863608,-27.9231171565228,0 -48.6055892346434,-27.9231106950411,0 -48.6055790196708,-27.9230975964592,0 -48.6055740564155,-27.923090959359,0 -48.6055643973072,-27.9230775367098,0 -48.6055550859039,-27.9230638948645,0 -48.605549063942,-27.9230546856761,0 -48.6055374178757,-27.9230359950053,0 -48.6055285842557,-27.9230210711393,0 -48.6055228396812,-27.9230110638295,0 -48.6055116925538,-27.9229909472179,0 -48.6054956959352,-27.9229604963174,0 -48.6054854600059,-27.922940053007,0 -48.6054787809724,-27.9229263660747,0 -48.6054657465292,-27.9228988810865,0 -48.6054561762469,-27.9228781965732,0 -48.6054373938116,-27.9228366982977,0 -48.6054124771892,-27.9227813243041,0 -48.6053998168169,-27.9227537191523,0 -48.6053868640032,-27.9227262174041,0 -48.6053802459261,-27.9227125227167,0 -48.6053666452536,-27.9226852718391,0 -48.6053596323012,-27.9226717145701,0 -48.6053488123899,-27.9226514951478,0 -48.6053375829351,-27.9226314316132,0 -48.6053317991693,-27.9226214599623,0 -48.6052971700677,-27.9225615316515,0 -48.6052852632075,-27.9225416815732,0 -48.6052791515074,-27.9225318485039,0 -48.6052664763494,-27.9225124812555,0 -48.6052598802626,-27.9225029646826,0 -48.6052495935374,-27.9224889627575,0 -48.6052400077238,-27.9224768316928,0 -48.6052350391265,-27.9224708889429,0 -48.6052273491833,-27.9224621386629,0 -48.6052193600892,-27.9224535990597,0 -48.6052152466269,-27.9224494219126,0 -48.6052067618076,-27.9224412349557,0 -48.6052023906699,-27.9224372433232,0 -48.6051956527006,-27.9224313782846,0 -48.6051746076391,-27.9224137422742,0 -48.6051321366565,-27.9223790413209,0 -48.605089281734,-27.9223449108277,0 -48.6050029832958,-27.9222772530631,0 -48.6049481815029,-27.9222347673917,0 -48.60487490461,-27.9221783350007,0 -48.6048385094706,-27.9221497848847,0 -48.6048220745539,-27.9221362712907,0 -48.6048114320715,-27.922126991049,0 -48.6048044706492,-27.9221206892418,0 -48.6047908685882,-27.9221077938207,0 -48.6047809674323,-27.9220978766288,0 -48.6047744944472,-27.9220911592665,0 -48.6047619060589,-27.9220774509982,0 -48.6047557718682,-27.9220704685769,0 -48.6047438426821,-27.9220562485954,0 -48.6047323693907,-27.9220417110713,0 -48.6047249684047,-27.9220318379257,0 -48.6047201500557,-27.9220251851459,0 -48.6047107848406,-27.9220116866019,0 -48.6047013819362,-27.9219973387474,0 -48.604695347332,-27.9219876964431,0 -48.6046837894974,-27.9219682494583,0 -48.6046782354974,-27.9219584624161,0 -48.6046674554547,-27.9219387491987,0 -48.6046570440688,-27.9219189069186,0 -48.6046367243271,-27.9218789607069,0 -48.6046310931942,-27.9218676110395,0 -48.6046203705922,-27.9218447316474,0 -48.6046102440294,-27.9218216461936,0 -48.6046037510119,-27.9218061671255,0 -48.604591201153,-27.9217750546671,0 -48.6045789788662,-27.9217438206919,0 -48.6045626382547,-27.9217021665434,0 -48.6045542279632,-27.9216814118425,0 -48.6045410545944,-27.9216504592536,0 -48.604534130941,-27.921635081181,0 -48.6045244517396,-27.9216147372631,0 -48.6045193922682,-27.921604625086,0 -48.6045115043472,-27.9215895634179,0 -48.6045032217335,-27.9215746309087,0 -48.6044989155148,-27.9215672204359,0 -48.6044929669117,-27.9215573631889,0 -48.604480533905,-27.9215379912791,0 -48.6044674205726,-27.9215190492053,0 -48.6044583280417,-27.9215066557231,0 -48.6044521191272,-27.9214984813407,0 -48.6044393703355,-27.9214823520592,0 -48.6044245366763,-27.9214645260886,0 -48.6044143826586,-27.9214528091378,0 -48.6043934960869,-27.9214297440602,0 -48.604382796356,-27.9214183695194,0 -48.6043609643307,-27.9213958926725,0 -48.6043386607356,-27.9213737138151,0 -48.6043235738283,-27.9213590505989,0 -48.6042930712963,-27.9213299266126,0 -48.6042542728677,-27.9212937280411,0 -48.6042347146493,-27.9212759371395,0 -48.6042050944156,-27.9212496250276,0 -48.604175048374,-27.9212237570874,0 -48.6041598385496,-27.9212109861806,0 -48.604128986148,-27.9211857534934,0 -48.6041133206393,-27.9211732913138,0 -48.6040894708558,-27.9211547940369,0 -48.6040717731197,-27.9211415381499,0 -48.6040598473874,-27.921132876007,0 -48.6040356981793,-27.9211159799506,0 -48.6040234751042,-27.9211077278703,0 -48.6039987937572,-27.9210915709707,0 -48.6039737838742,-27.9210758329516,0 -48.6039569550928,-27.9210655429127,0 -48.6039229355529,-27.9210453800303,0 -48.6039161523698,-27.9210415716247,0 -48.6039022166925,-27.9210345073624,0 -48.6038878852987,-27.921028068434,0 -48.6038781508632,-27.9210240643747,0 -48.6038583535371,-27.9210165555446,0 -48.6038382871802,-27.921009466081,0 -48.6038114703625,-27.9210001206926,0 -48.6037981681097,-27.9209952873828,0 -48.6037785199739,-27.9209875647067,0 -48.6037688926304,-27.9209834000425,0 -48.6037562953582,-27.9209774693054,0 -48.6037501279404,-27.9209743032813,0 -48.603741055802,-27.9209692820018,0 -48.6037322050257,-27.9209638944932,0 -48.6037278893104,-27.920961049273,0 -48.6037128013392,-27.9209506000589,0 -48.6037029324819,-27.9209434716366,0 -48.6036835768467,-27.9209288425474,0 -48.6036741039349,-27.9209213597449,0 -48.6036554763673,-27.9209060483206,0 -48.6036372614436,-27.920890356372,0 -48.6036253272659,-27.9208796910913,0 -48.6036018769026,-27.920857934389,0 -48.6035797500884,-27.9208368599287,0 -48.6035358242436,-27.9207945806772,0 -48.6034923074882,-27.920752083291,0 -48.6034634670625,-27.9207236010155,0 -48.603406133162,-27.9206662002625,0 -48.603393407472,-27.9206536718797,0 -48.6033847317848,-27.9206454088037,0 -48.6033670733033,-27.9206290045197,0 -48.6033315828465,-27.9205962199105,0 -48.6033143468029,-27.9205795255874,0 -48.6033032403261,-27.9205681890482,0 -48.6032978411358,-27.9205624375482,0 -48.6032899461559,-27.9205536918622,0 -48.6032798979581,-27.9205417965935,0 -48.6032750847978,-27.9205357303719,0 -48.6032681987576,-27.9205264702569,0 -48.6032617056719,-27.9205169911886,0 -48.6032586201886,-27.9205121737782,0 -48.6032528031674,-27.9205023457597,0 -48.6032500796744,-27.9204973358423,0 -48.6032462481244,-27.9204896896309,0 -48.603237168887,-27.9204707185517,0 -48.6032190184658,-27.9204327770827,0 -48.6031645833992,-27.9203189523951,0 -48.603075099006,-27.9201824023766,0 -48.6029271417733,-27.9199837399957,0 -48.6027857722003,-27.9198157167302,0 -48.6026449148903,-27.9197087243723,0 -48.6024326294922,-27.9195587933098,0 -48.6022886093817,-27.919446475733,0 -48.6021685145526,-27.9193570240971,0 -48.6020672878262,-27.9192718892726,0 -48.6019798196076,-27.91917571535,0 -48.6019238485841,-27.9190840601025,0 -48.6018914707493,-27.9189863459677,0 -48.6018526129364,-27.9188507673657,0 -48.6017885692368,-27.9187107799433,0 -48.6016934319488,-27.918545401462,0 -48.6015888543997,-27.9184015588951,0 -48.6014230287287,-27.9182045416132,0 -48.6012812822111,-27.9180689569441,0 -48.6012140192317,-27.9180012227786,0 -48.6009027118315,-27.9177665802376,0 -48.6007554227856,-27.9176373319618,0 -48.6005799188239,-27.9174739089593,0 -48.6003495317176,-27.9172557887268,0 -48.6001502444771,-27.9170630684239,0 -48.5998093971372,-27.9166700834859,0 -48.5996564532363,-27.9164696579795,0 -48.5995568972117,-27.916345986737,0 -48.5994143128772,-27.9162071733937,0 -48.599264058853,-27.9160449468841,0 -48.5991518344305,-27.9159226785567,0 -48.5990000514693,-27.915792556086,0 -48.5987726570907,-27.9156066254199,0 -48.5985502047283,-27.9153524769935,0 -48.5980723783274,-27.9148203707583,0 -48.5978991798497,-27.9146320727109,0 -48.5977700482378,-27.9144974896051,0 -48.5976645415266,-27.91440103432,0 -48.5975559208723,-27.9143254132686,0 -48.5974528439031,-27.9142426519132,0 -48.5973697522836,-27.9141537793161,0 -48.5973046589142,-27.914067602024,0 -48.5972152391629,-27.9139336397911,0 -48.5970948517533,-27.9137678630796,0 -48.5969837992093,-27.9136319525675,0 -48.5967579892885,-27.9134114885894,0 -48.5966328338738,-27.9133042866468,0 -48.5964658192304,-27.9131691045621,0 -48.5962982336645,-27.9130170395103,0 -48.5960978359905,-27.9127889518192,0 -48.5959145134571,-27.912610932315,0 -48.5955293493528,-27.9122329140547,0 -48.5953343363547,-27.9120531014551,0 -48.5951676322156,-27.9119018628496,0 -48.5950023753428,-27.9117691186674,0 -48.5948061353094,-27.91160535437,0 -48.5945961484376,-27.9114068363806,0 -48.5944554471323,-27.9112648301461,0 -48.5942658904635,-27.9110827026553,0 -48.5940101512397,-27.9108240048149,0 -48.5936562978103,-27.9105983130207,0 -48.5934662801389,-27.9104852647417,0 -48.5932274255663,-27.9102862855178,0 -48.5931210711438,-27.9100958206598,0 -48.5929320470143,-27.9098871827892,0 -48.592786163522,-27.9097788388299,0 -48.5926360997696,-27.9096543611594,0 -48.5924932395255,-27.9094842090905,0 -48.5923233324975,-27.9093128262372,0 -48.5921018893252,-27.9091004621888,0 -48.5915804540621,-27.908769298203,0 -48.5914458473694,-27.9086844294003,0 -48.5913446389638,-27.9085992877128,0 -48.591272802596,-27.9084896936127,0 -48.5912049423501,-27.908360895675,0 -48.5911158772671,-27.9082092598548,0 -48.5908683686658,-27.907900082328,0 -48.5907129384393,-27.9077273175073,0 -48.5905355356352,-27.9075244829508,0 -48.5902436340405,-27.9072242362705,0 -48.5901413250548,-27.9071495232297,0 -48.5900086059217,-27.9070606621043,0 -48.5898924709117,-27.9070001879739,0 -48.5897718479217,-27.9069388416273,0 -48.5896776548665,-27.9068642433173,0 -48.5896082216142,-27.9067699656688,0 -48.5895204737322,-27.9066432552925,0 -48.5894586799923,-27.9065731846575,0 -48.5893746669559,-27.9064859062691,0 -48.5892351069491,-27.9063776607347,0 -48.5891343546072,-27.9063158136004,0 -48.5889960142618,-27.9062373106788,0 -48.5888675659318,-27.9061605778798,0 -48.5884763111686,-27.9058651936042,0 -48.5882692962432,-27.9056996438529,0 -48.5880730514655,-27.905537485383,0 -48.5879572301279,-27.9054159575754,0 -48.5878235314526,-27.905239509986,0 -48.5876967943349,-27.9050310451084,0 -48.5876688810942,-27.9049593114491,0 -48.5874773425835,-27.9047193036882,0 -48.5874667641689,-27.9047067482544,0 -48.5874593363688,-27.9046986509658,0 -48.5874542435739,-27.9046933553073,0 -48.5874437280623,-27.9046829933653,0 -48.5874355983478,-27.9046754069582,0 -48.5874188333346,-27.9046606135394,0 -48.5874015798934,-27.9046462086275,0 -48.5873665398733,-27.90461793081,0 -48.5873486083343,-27.9046035228247,0 -48.587312566775,-27.9045749564987,0 -48.587276295544,-27.9045466840768,0 -48.5872519795433,-27.9045279777094,0 -48.5872029840199,-27.9044908289949,0 -48.5871619337962,-27.9044601631297,0 -48.5871412554763,-27.9044450301715,0 -48.5871098792912,-27.9044227261901,0 -48.5870885964152,-27.9044082148525,0 -48.5870778279483,-27.904401096563,0 -48.5870614756296,-27.9043905871773,0 -48.5870471035238,-27.9043818268545,0 -48.5870373866412,-27.9043762067534,0 -48.5870176910907,-27.9043654218086,0 -48.5870077189895,-27.9043602124721,0 -48.5869876029148,-27.904350052375,0 -48.5869469482997,-27.9043301934279,0 -48.586926593562,-27.9043201734278,0 -48.586912515286,-27.9043130059475,0 -48.5868846255155,-27.9042982703318,0 -48.5868474938707,-27.9042786625281,0 -48.5868287300589,-27.9042692745222,0 -48.5868096879761,-27.9042604141782,0 -48.5868000425564,-27.9042562392846,0 -48.5867870068524,-27.9042509762539,0 -48.5867804196089,-27.9042484966207,0 -48.5867704222809,-27.9042449830241,0 -48.5867551489368,-27.9042402127725,0 -48.5867395195498,-27.90423612247,0 -48.5867315534466,-27.9042343494712,0 -48.5867196681791,-27.9042322467616,0 -48.5867117362671,-27.9042312233314,0 -48.5867064485659,-27.9042306884562,0 -48.5866958616026,-27.9042299439744,0 -48.5866879062111,-27.904229615132,0 -48.586671992875,-27.9042294354206,0 -48.5866242389361,-27.9042302496853,0 -48.5865736969636,-27.9042304919002,0 -48.5865484192694,-27.9042307615758,0 -48.5865105074071,-27.9042316673119,0 -48.5864965077258,-27.9042322970698,0 -48.5864685641987,-27.9042342525603,0 -48.5864127868347,-27.9042390862395,0 -48.5863941831703,-27.9042404112604,0 -48.586384878556,-27.9042409338399,0 -48.5863738811216,-27.9042412824658,0 -48.5863665351069,-27.9042413161899,0 -48.5863518349728,-27.9042410227775,0 -48.5863077018143,-27.9042393285529,0 -48.586292989616,-27.9042392155568,0 -48.5862856408023,-27.9042393753409,0 -48.5862750384145,-27.9042398839806,0 -48.586267998426,-27.9042404016327,0 -48.5862539606883,-27.9042418518127,0 -48.5862469627106,-27.9042427667138,0 -48.5862330095481,-27.9042449585329,0 -48.586219118038,-27.9042475842919,0 -48.58620989291,-27.9042495522234,0 -48.5861914929768,-27.9042539576239,0 -48.5861830040155,-27.9042565244148,0 -48.5861775142465,-27.9042585847951,0 -48.5861668393604,-27.9042632792306,0 -48.5861564060452,-27.9042684289335,0 -48.5861424811258,-27.9042752945931,0 -48.5861353905104,-27.904278454776,0 -48.5861281269806,-27.9042812781954,0 -48.5861244022642,-27.904282520859,0 -48.5861187008815,-27.9042841446671,0 -48.5861088658718,-27.9042864984163,0 -48.5861022850726,-27.9042879443501,0 -48.5860890846686,-27.9042905458612,0 -48.5860691979546,-27.9042937615286,0 -48.5860558727892,-27.9042954769546,0 -48.5860469642339,-27.9042964486756,0 -48.5860290871547,-27.9042979940004,0 -48.586005266652,-27.904299416977,0 -48.5859933164049,-27.9042997940303,0 -48.5859813818179,-27.9042998288133,0 -48.5859754224912,-27.9042996968253,0 -48.5859635409458,-27.9042990738831,0 -48.5859576210017,-27.9042985642445,0 -48.5859487792318,-27.904297533634,0 -48.5859359714494,-27.9042956311179,0 -48.5859274735259,-27.9042942188307,0 -48.5859105416739,-27.9042910528327,0 -48.5859021102241,-27.9042892991653,0 -48.5858853347042,-27.9042854860625,0 -48.5858686503956,-27.9042812505072,0 -48.5858575861747,-27.9042782143373,0 -48.5858355784316,-27.9042716479179,0 -48.5858199685234,-27.9042666822192,0 -48.5857889234595,-27.9042564746682,0 -48.5857580657425,-27.9042459542849,0 -48.5857375966284,-27.9042388013264,0 -48.5856968292554,-27.9042242274444,0 -48.5856359472808,-27.9042019748032,0 -48.5855548237097,-27.9041723198116,0 -48.5855141031095,-27.9041578193917,0 -48.5854731500384,-27.9041437383834,0 -48.5854525543631,-27.904136898724,0 -48.5854215014928,-27.9041269343715,0 -48.5853937418678,-27.9041184353718,0 -48.5853751829187,-27.9041129762506,0 -48.5853379377115,-27.9041025150637,0 -48.5853192619547,-27.9040974867479,0 -48.5852817762414,-27.9040878066469,0 -48.5852441284739,-27.9040785571061,0 -48.5852189302183,-27.9040726021173,0 -48.5851683100712,-27.9040610764579,0 -48.5851551157429,-27.9040583823269,0 -48.585146255259,-27.9040568281602,0 -48.5851284140327,-27.9040542777921,0 -48.5851194477505,-27.904053272482,0 -48.5851014552343,-27.9040517839866,0 -48.585091714765,-27.9040513334364,0 -48.5850834435581,-27.9040509626174,0 -48.5850714431612,-27.9040507522027,0 -48.5850634719243,-27.904050774895,0 -48.5850475769729,-27.9040511366703,0 -48.5850389242491,-27.9040516711402,0 -48.5850331829229,-27.9040522467461,0 -48.5850217706181,-27.9040539146583,0 -48.5850161097742,-27.9040549972295,0 -48.5850048253878,-27.9040576597686,0 -48.5849936335464,-27.9040609280619,0 -48.5849861940185,-27.904063441587,0 -48.5849812582565,-27.9040652588559,0 -48.5849714197941,-27.9040692188936,0 -48.5849538445205,-27.9040771031249,0 -48.5849454059854,-27.9040812501686,0 -48.5849331737123,-27.9040878210138,0 -48.5849214581751,-27.904094905923,0 -48.5849157987346,-27.9040986594738,0 -48.5849084478464,-27.9041039352743,0 -48.5849048625344,-27.9041066876512,0 -48.5848995998313,-27.9041109713357,0 -48.5848919428331,-27.9041177760547,0 -48.5848828945145,-27.9041264056709,0 -48.5848654436927,-27.9041438656715,0 -48.5848487474232,-27.9041616544597,0 -48.584837995128,-27.9041737369027,0 -48.5848309704891,-27.9041819058092,0 -48.5848172547863,-27.9041985474063,0 -48.5848096352831,-27.9042082396164,0 -48.5847949287425,-27.9042279043233,0 -48.5847756842855,-27.9042543017729,0 -48.5847658747479,-27.9042673931269,0 -48.5847557585603,-27.9042803078308,0 -48.5847505389719,-27.9042866679031,0 -48.5847424977386,-27.9042961450942,0 -48.5847259766974,-27.9043147222552,0 -48.5847088857031,-27.9043328923546,0 -48.5846971950808,-27.9043447964199,0 -48.5846892710877,-27.9043526516103,0 -48.5846731216236,-27.9043682036043,0 -48.584648876236,-27.9043905878479,0 -48.5846365588954,-27.9044015425013,0 -48.5846177465051,-27.9044176431082,0 -48.5845985175904,-27.9044332947356,0 -48.5845887189872,-27.9044409545829,0 -48.5845687243125,-27.9044558884138,0 -48.5845585079876,-27.9044631532308,0 -48.5845428839378,-27.9044738059161,0 -48.5845296078612,-27.9044824604877,0 -48.5845206886265,-27.9044881239971,0 -48.5845026993977,-27.9044991774191,0 -48.5844753672378,-27.9045152100873,0 -48.5844569363418,-27.9045255789302,0 -48.5844196273931,-27.9045457674144,0 -48.5844100134297,-27.9045506967464,0 -48.5843904178794,-27.9045599982472,0 -48.5843640976106,-27.9045720873602,0 -48.5843511096866,-27.9045783744954,0 -48.5843383878681,-27.9045850446365,0 -48.5843321542268,-27.9045885804709,0 -48.584321869165,-27.9045947250143,0 -48.5843016684572,-27.9046074903363,0 -48.5842618215294,-27.9046337603912,0 -48.5842416576242,-27.9046465984926,0 -48.5842054206576,-27.9046690074684,0 -48.5841870394148,-27.904679873336,0 -48.5841682133058,-27.9046901988581,0 -48.5841585776107,-27.9046951008051,0 -48.5841460225626,-27.9047010160714,0 -48.5841375524734,-27.904704738459,0 -48.5841203934536,-27.9047117096358,0 -48.5841117278702,-27.9047149957322,0 -48.5840942405895,-27.9047212843211,0 -48.5840412981307,-27.9047390424198,0 -48.5840276479808,-27.9047434944952,0 -48.5840001615962,-27.9047518457657,0 -48.5839633689192,-27.904762605606,0 -48.5839450460553,-27.9047681938794,0 -48.5839268458923,-27.9047741185855,0 -48.5839178078033,-27.9047772621083,0 -48.5839078637097,-27.9047809498117,0 -48.583901296022,-27.9047835325389,0 -48.583888317798,-27.9047889348023,0 -48.5838691329624,-27.9047975759655,0 -48.5838564860499,-27.9048036068943,0 -48.5838313048405,-27.9048160683385,0 -48.5838048728069,-27.9048295266529,0 -48.5837917817147,-27.9048363527224,0 -48.5837722933837,-27.9048467662483,0 -48.583743426976,-27.9048628170034,0 -48.583715031931,-27.9048794983273,0 -48.5837010195579,-27.9048881129106,0 -48.5836825240042,-27.9048999063043,0 -48.5836733626716,-27.9049059438472,0 -48.5836597402783,-27.9049151969357,0 -48.5836395551643,-27.9049295413211,0 -48.5836216630839,-27.9049430772859,0 -48.5836100793682,-27.9049523391526,0 -48.5836024970761,-27.9049586213754,0 -48.5835876585698,-27.9049714085218,0 -48.5835767665369,-27.9049811781627,0 -48.5835555013859,-27.9050011610585,0 -48.5835348039823,-27.9050216495537,0 -48.5835212076082,-27.9050355588104,0 -48.5834943061803,-27.9050638246529,0 -48.5834780754845,-27.9050815680059,0 -48.5834702305779,-27.9050905160195,0 -48.5834587668305,-27.9051040837979,0 -48.5834476413584,-27.9051178833029,0 -48.5834421861976,-27.9051248796651,0 -48.5834314873479,-27.9051391195146,0 -48.5834262397454,-27.9051463717445,0 -48.5834184577816,-27.9051574234807,0 -48.5834105006631,-27.9051694105576,0 -48.5834067321985,-27.9051754623029,0 -48.5834013491027,-27.9051845983457,0 -48.5833939203836,-27.9051984985074,0 -48.5833872577407,-27.9052126555258,0 -48.5833842342397,-27.9052198300284,0 -48.5833788109987,-27.9052344240312,0 -48.5833764219891,-27.9052418349084,0 -48.5833732456978,-27.9052531211051,0 -48.5833713020582,-27.9052615233701,0 -48.583370222239,-27.9052671525334,0 -48.5833685694974,-27.90527844729,0 -48.5833679843898,-27.9052841033074,0 -48.5833672469193,-27.905295441109,0 -48.5833670661077,-27.9053067798669,0 -48.5833672231693,-27.9053143257364,0 -48.5833681379083,-27.905329365233,0 -48.583369347837,-27.9053425595142,0 -48.583370112986,-27.9053491594655,0 -48.5833716732759,-27.9053590308354,0 -48.5833739236026,-27.9053688151851,0 -48.5833753797379,-27.9053736682843,0 -48.5833783051778,-27.9053823360694,0 -48.5833845262541,-27.9053994716181,0 -48.5833974533714,-27.905433371783,0 -48.5834036432139,-27.9054504346395,0 -48.5834149414639,-27.9054818698683,0 -48.5834250240447,-27.9055097652613,0 -48.5834298847427,-27.9055237637587,0 -48.5834366874768,-27.9055448790495,0 -48.583440797891,-27.9055590813625,0 -48.5834426928516,-27.9055662243149,0 -48.5834453071876,-27.9055770074352,0 -48.5834486510643,-27.9055933435273,0 -48.5834496558175,-27.9055993160149,0 -48.5834512265847,-27.9056112538425,0 -48.5834522935793,-27.9056232098155,0 -48.5834527337062,-27.9056311847006,0 -48.5834530694846,-27.9056471430905,0 -48.5834529068628,-27.9056591138352,0 -48.5834526259077,-27.9056670942413,0 -48.5834517347557,-27.9056830580878,0 -48.5834498089308,-27.9057069979266,0 -48.5834468376492,-27.9057388689606,0 -48.5834454660133,-27.9057547792176,0 -48.5834444304795,-27.9057667252833,0 -48.5834419902822,-27.9057906021263,0 -48.5834385381204,-27.9058224371861,0 -48.5834369956674,-27.9058383626191,0 -48.5834352168722,-27.9058622692405,0 -48.5834346707725,-27.9058731411925,0 -48.58343397352,-27.9058949101999,0 -48.583433702198,-27.9059167048545,0 -48.5834337344161,-27.905931232122,0 -48.5834341836491,-27.9059602664238,0 -48.5834345970202,-27.9059705598907,0 -48.5834362115556,-27.9059911243005,0 -48.5834376029761,-27.9060048273197,0 -48.5834394619871,-27.9060230951412,0 -48.5834402645576,-27.9060322224189,0 -48.5834409210261,-27.9060424281822,0 -48.5834411482578,-27.9060459258913,0 -48.5834413796369,-27.9060527780648,0 -48.5834414884049,-27.9060653400799,0 -48.5834413832959,-27.9060737200842,0 -48.5834407768856,-27.9060904830538,0 -48.5834391387644,-27.9061156461158,0 -48.5834346283226,-27.9061659417718,0 -48.5834335226245,-27.9061814056601,0 -48.5834322619964,-27.9062021090648,0 -48.5834313722303,-27.9062124336353,0 -48.5834300982258,-27.9062226974938,0 -48.5834292615664,-27.9062277895726,0 -48.5834277133309,-27.9062353870243,0 -48.5834249719963,-27.9062453993433,0 -48.5834232776067,-27.906250341447,0 -48.5834202684457,-27.9062576781094,0 -48.5834166263206,-27.9062649045368,0 -48.5834145540415,-27.9062684687347,0 -48.5834078217789,-27.906279006345,0 -48.5834031387275,-27.906285790458,0 -48.5833934315072,-27.9062989198375,0 -48.5833884245011,-27.9063053017522,0 -48.583378205428,-27.9063178086549,0 -48.5833573438018,-27.9063424631212,0 -48.5833469698147,-27.9063549667521,0 -48.5833355219373,-27.9063687335972,0 -48.5833119972973,-27.9063957501435,0 -48.5832909091589,-27.9064196334805,0 -48.5832804844411,-27.9064316857324,0 -48.5832651863074,-27.906450049543,0 -48.5832553094827,-27.9064625806145,0 -48.583250493529,-27.9064689565138,0 -48.5832434442433,-27.9064786674387,0 -48.5832406206676,-27.9064827867849,0 -48.5832353656741,-27.9064911760949,0 -48.5832305821645,-27.9064997449501,0 -48.5832276320563,-27.9065055400972,0 -48.5832222508431,-27.9065173195819,0 -48.5832185958076,-27.906526296492,0 -48.5832163103536,-27.9065323379061,0 -48.5832120679528,-27.9065445344386,0 -48.5832062338563,-27.9065629921779,0 -48.5831988283155,-27.9065877202905,0 -48.5831950282108,-27.9066000149008,0 -48.5831920837594,-27.90660965357,0 -48.5831867472502,-27.906629040281,0 -48.5831765693947,-27.906667903897,0 -48.5831727866113,-27.9066807853193,0 -48.5831707346111,-27.9066872003573,0 -48.5831675572469,-27.9066963569197,0 -48.5831652676439,-27.9067023894483,0 -48.5831603502342,-27.9067143307176,0 -48.5831521996798,-27.9067319988326,0 -48.5831463540317,-27.9067436710345,0 -48.5831339709355,-27.9067669581382,0 -48.5831267918845,-27.9067797711454,0 -48.583123118683,-27.9067859958219,0 -48.5831173905212,-27.9067951164293,0 -48.583111333547,-27.9068039696775,0 -48.5831081288057,-27.9068083075725,0 -48.583102301065,-27.9068156057755,0 -48.5831013356348,-27.9068168141684,0 -48.5830988050503,-27.9068197166214,0 -48.5830296849716,-27.9068680936019,0 -48.5830289813056,-27.9068683191604,0 -48.5830221456872,-27.9068701481669,0 -48.5830187088451,-27.9068708731662,0 -48.5830118287432,-27.9068719705958,0 -48.5830049266326,-27.9068725802581,0 -48.5830003225691,-27.9068727158858,0 -48.5829972477452,-27.9068726889068,0 -48.5829910979117,-27.9068723645453,0 -48.5829853035999,-27.9068717754725,0 -48.5829736900261,-27.9068700467264,0 -48.5829620753747,-27.9068676416853,0 -48.5829543467952,-27.9068656919971,0 -48.5829492110413,-27.906864257572,0 -48.5829389802396,-27.9068610915002,0 -48.5829229486369,-27.9068562623488,0 -48.5829087027148,-27.906852060407,0 -48.5829017536436,-27.9068497642309,0 -48.5828949971389,-27.9068472274686,0 -48.5828917047333,-27.9068458342054,0 -48.5828853659571,-27.9068427722351,0 -48.582882326371,-27.9068410772128,0 -48.5828779494537,-27.906838302452,0 -48.5828738011808,-27.9068351979722,0 -48.5828718398471,-27.9068335213235,0 -48.5828296616851,-27.9067959493825,0 -48.5828265278275,-27.9067878732497,0 -48.5828258928243,-27.906785931306,0 -48.5828252512728,-27.9067818866268,0 -48.5828253210322,-27.9067777464924,0 -48.5828257069218,-27.9067750013545,0 -48.5828270646109,-27.9067696744603,0 -48.582827725056,-27.9067679358874,0 -48.5828294447057,-27.9067645913029,0 -48.582831568256,-27.9067613711092,0 -48.5828362583041,-27.9067550833335,0 -48.5828394813252,-27.9067502583855,0 -48.5828407888085,-27.9067477464034,0 -48.5828427729649,-27.9067430170133,0 -48.5828436072818,-27.9067405683192,0 -48.5828444616283,-27.9067368566419,0 -48.5828446572848,-27.9067331879242,0 -48.5828444328225,-27.9067314062843,0 -48.5828436922669,-27.9067285240739,0 -48.5828430052502,-27.9067266351873,0 -48.58284120824,-27.9067229496692,0 -48.5828401106523,-27.9067211527048,0 -48.582837598465,-27.9067176528909,0 -48.5828346868881,-27.9067142997159,0 -48.5828325713621,-27.9067121417912,0 -48.5828280006403,-27.9067080468737,0 -48.5828261534957,-27.9067066156436,0 -48.5828222557689,-27.9067041202424,0 -48.5828195480887,-27.9067026650971,0 -48.5828140515083,-27.9067000061581,0 -48.5828099814587,-27.9066980397204,0 -48.5828060885109,-27.9066958869458,0 -48.5828042466735,-27.9066946909629,0 -48.582801650373,-27.9066926876104,0 -48.5827963199033,-27.9066875770601,0 -48.5827863638569,-27.9066766292748,0 -48.5827810868099,-27.9066714023599,0 -48.5827782380422,-27.9066689881498,0 -48.5827648615419,-27.9066588372369,0 -48.5827579740004,-27.9066539703063,0 -48.5827473440642,-27.9066469268077,0 -48.5827362886361,-27.9066402002097,0 -48.5827287775198,-27.9066359716229,0 -48.5827236884373,-27.9066332476896,0 -48.5827132119306,-27.9066280022045,0 -48.5827070171103,-27.906625213704,0 -48.5827038557801,-27.9066239758355,0 -48.5826990351623,-27.9066224208199,0 -48.5826940913245,-27.9066213053128,0 -48.5826915599483,-27.9066209541342,0 -48.5826860152803,-27.9066205412536,0 -48.5826748854948,-27.9066203635212,0 -48.5826665767436,-27.9066200282364,0 -48.5826382607506,-27.9066172397001,0 -48.5826301616391,-27.9066168717458,0 -48.5826247494695,-27.9066169122221,0 -48.5826139062902,-27.9066175336431,0 -48.5826113099278,-27.9066179302914,0 -48.5826100724769,-27.9066182968228,0 -48.5826082856638,-27.9066190865713,0 -48.5826056966927,-27.9066209625632,0 -48.5826038723277,-27.9066230783191,0 -48.5826032482326,-27.9066241858616,0 -48.5826027110491,-27.9066258731778,0 -48.582602747659,-27.9066275160452,0 -48.5826030020533,-27.9066283140874,0 -48.5826055142567,-27.9066337358923,0 -48.5826073940269,-27.9066373512732,0 -48.5826115290569,-27.9066445065696,0 -48.5826158233588,-27.9066510787034,0 -48.5826247711572,-27.9066638768195,0 -48.5826288700863,-27.9066704813199,0 -48.5826307109201,-27.9066739241947,0 -48.5826316431956,-27.906675934689,0 -48.5826331876409,-27.9066800216514,0 -48.5826344030725,-27.9066841848949,0 -48.5826364593578,-27.9066926573542,0 -48.5826377150139,-27.9066992207583,0 -48.5826379695844,-27.906702491503,0 -48.5826377109631,-27.9067049772857,0 -48.5826372276643,-27.9067066110273,0 -48.582635723591,-27.9067098509027,0 -48.5826331266945,-27.906713811203,0 -48.5826315619493,-27.9067155702488,0 -48.5826287145788,-27.9067181102704,0 -48.582626071446,-27.9067199407042,0 -48.5826246982737,-27.9067205840646,0 -48.5826225462175,-27.9067209885119,0 -48.5826206691756,-27.9067209015945,0 -48.5826168498063,-27.9067203741576,0 -48.5826130107598,-27.9067194493114,0 -48.5826104809498,-27.9067186652987,0 -48.5826055451051,-27.9067168279444,0 -48.5825932264225,-27.9067117395594,0 -48.5825872961367,-27.9067088472065,0 -48.5825780464815,-27.906703767533,0 -48.5825598233182,-27.9066932611261,0 -48.5825513953303,-27.9066881413534,0 -48.582534824145,-27.906677528466,0 -48.5825274111313,-27.9066723455536,0 -48.5825238972444,-27.9066695947428,0 -48.5825188273089,-27.9066652019285,0 -48.5825139244155,-27.906660406171,0 -48.5825115262496,-27.9066578285938,0 -48.5825098545061,-27.9066558139298,0 -48.5825071555217,-27.9066515712245,0 -48.5825051413629,-27.9066471417331,0 -48.5825040917202,-27.9066441092582,0 -48.5825024292627,-27.9066380260929,0 -48.5825016628746,-27.9066332120788,0 -48.5825016244654,-27.9066307304446,0 -48.5825021460558,-27.9066270129287,0 -48.5825034736842,-27.9066234004294,0 -48.5825044894161,-27.9066216587328,0 -48.5825060403133,-27.9066198812718,0 -48.5825072620917,-27.9066189373195,0 -48.5825100289199,-27.9066173706478,0 -48.5825110438677,-27.9066169462417,0 -48.5825131391978,-27.9066163607173,0 -48.5825197059222,-27.9066155557467,0 -48.5825229735472,-27.9066147738194,0 -48.5825245532398,-27.9066140707532,0 -48.5825297606474,-27.9066111123158,0 -48.5825323767877,-27.9066093805382,0 -48.5825345510667,-27.9066076145702,0 -48.5825353626779,-27.9066067443725,0 -48.5825360576249,-27.906605628712,0 -48.5825362219057,-27.9066050990566,0 -48.5825361877446,-27.9066043494879,0 -48.5825354259183,-27.9066033437312,0 -48.5825318457316,-27.9066009260394,0 -48.5825235403149,-27.9065962324655,0 -48.5825173437206,-27.9065926321753,0 -48.5825103808383,-27.9065887562945,0 -48.5825084356263,-27.9065870799241,0 -48.5825076657446,-27.9065860740258,0 -48.5825050260783,-27.9065815614111,0 -48.5825034583743,-27.9065785203931,0 -48.5825007213642,-27.9065723363092,0 -48.5824983802562,-27.9065660787708,0 -48.5824942560797,-27.9065534192901,0 -48.5824909909995,-27.9065439420375,0 -48.5824742946243,-27.9064996894246,0 -48.582469043144,-27.9064846464965,0 -48.5824665298873,-27.9064769871259,0 -48.5824642973912,-27.9064687731598,0 -48.5824631882931,-27.9064632856659,0 -48.5824626122569,-27.9064596127651,0 -48.5824617704509,-27.9064522531349,0 -48.5824613832358,-27.9064467243431,0 -48.5824611138215,-27.9064356486397,0 -48.5824612068707,-27.9064282602615,0 -48.58246169577,-27.9064134987333,0 -48.5824620448111,-27.906402460871,0 -48.5824625747266,-27.906390063721,0 -48.5824631386935,-27.9063838836119,0 -48.5824645125948,-27.9063746232665,0 -48.5824658887475,-27.9063684667765,0 -48.5824667371138,-27.9063653866641,0 -48.5824682411157,-27.9063607843263,0 -48.5824696830164,-27.9063572459764,0 -48.5824707998198,-27.906354973515,0 -48.5824733452166,-27.9063505970762,0 -48.5824777572858,-27.9063443765763,0 -48.582487499734,-27.9063325112197,0 -48.5824886017197,-27.9063312672291,0 -48.5824911625609,-27.9063290113043,0 -48.5824998093179,-27.90632292847,0 -48.5825024043196,-27.9063207810844,0 -48.5825035497291,-27.9063196193613,0 -48.582504993339,-27.9063177320772,0 -48.5825060111583,-27.9063157012929,0 -48.5825064617274,-27.906314256973,0 -48.5825068651852,-27.9063111960355,0 -48.5825068399659,-27.9063095985264,0 -48.5825064143888,-27.9063063517647,0 -48.5825055500818,-27.9063030973017,0 -48.5825047869039,-27.9063009818353,0 -48.5825029254812,-27.9062969878852,0 -48.5824989395763,-27.9062897900454,0 -48.5824967641083,-27.9062863143102,0 -48.5824930860071,-27.9062813594185,0 -48.5824902273092,-27.9062782775652,0 -48.5824886670659,-27.9062768243823,0 -48.5824860926385,-27.9062747580764,0 -48.582476688654,-27.9062683132258,0 -48.5824718960978,-27.9062654138555,0 -48.5824645421562,-27.9062614226183,0 -48.5824607741932,-27.9062595881378,0 -48.58245299843,-27.9062561947285,0 -48.5824431690157,-27.9062523494809,0 -48.5824234151743,-27.9062450009605,0 -48.5824086216679,-27.9062393910995,0 -48.5824031023739,-27.9062373088934,0 -48.5823921497797,-27.9062332638426,0 -48.582384071632,-27.9062298645707,0 -48.5823787789398,-27.9062271822099,0 -48.5823761718214,-27.9062256660407,0 -48.5823723050986,-27.9062231436365,0 -48.5823705689761,-27.9062218498251,0 -48.5823674186281,-27.90621908777,0 -48.5823646736105,-27.9062161070381,0 -48.5823630546853,-27.9062140035337,0 -48.5823602686407,-27.906209578664,0 -48.5823585387171,-27.9062060832125,0 -48.5823575357524,-27.9062036837742,0 -48.5823558658087,-27.9061987459581,0 -48.5823540164518,-27.9061911164139,0 -48.5823531155871,-27.9061859663066,0 -48.5823517456092,-27.9061757645388,0 -48.5823490013357,-27.9061503714718,0 -48.5823479533989,-27.9061376756731,0 -48.5823468308431,-27.9061186360082,0 -48.5823462916084,-27.9060995972212,0 -48.5823462597338,-27.9060900775955,0 -48.5823465228163,-27.906080535612,0 -48.5823469079872,-27.9060741722816,0 -48.5823480135723,-27.906061451506,0 -48.5823482989844,-27.9060594893711,0 -48.5823489995022,-27.906058680556,0 -48.5823518039955,-27.9060572593854,0 -48.5823537031263,-27.9060567150265,0 -48.5823549772255,-27.9060565121513,0 -48.5823575483797,-27.9060564399851,0 -48.5823614389989,-27.9060569681282,0 -48.5823640447172,-27.9060576273642,0 -48.5823692272211,-27.9060592432636,0 -48.5823749617952,-27.9060607878993,0 -48.5823818605561,-27.9060620544853,0 -48.5823956819664,-27.9060645170335,0 -48.5824060143968,-27.9060665658781,0 -48.5824162708664,-27.9060690198143,0 -48.5824213473018,-27.9060704713896,0 -48.5824278326317,-27.906072516032,0 -48.5824405690988,-27.9060769894572,0 -48.5824530676554,-27.9060818469573,0 -48.5824776891375,-27.9060922850547,0 -48.582484733259,-27.9060956843434,0 -48.5824983285228,-27.9061031863377,0 -48.5825053787722,-27.9061067839895,0 -48.5825090697658,-27.9061084276723,0 -48.5825121404031,-27.9061096452284,0 -48.5825183927204,-27.9061116587916,0 -48.5825247374431,-27.906113168973,0 -48.5825290064152,-27.9061139389072,0 -48.5825375967064,-27.9061149647777,0 -48.5825411543595,-27.9061151896864,0 -48.5825483276167,-27.906115180125,0 -48.5825555393872,-27.9061146932208,0 -48.5825603528242,-27.9061141730294,0 -48.582569972873,-27.90611282633,0 -48.5825715951552,-27.9061124935385,0 -48.5825722424233,-27.90611207204,0 -48.5825732964392,-27.9061104483162,0 -48.5825736044704,-27.9061092807053,0 -48.5825736650797,-27.9061084788302,0 -48.58257344607,-27.9061068145875,0 -48.5825730502812,-27.9061055173206,0 -48.5825717864924,-27.9061028875132,0 -48.5825669083916,-27.9060952499659,0 -48.5825643334772,-27.9060905578554,0 -48.5825593021827,-27.9060811399186,0 -48.5825552078343,-27.9060742469239,0 -48.5825521191882,-27.9060698255576,0 -48.5825504196961,-27.9060676931054,0 -48.5825476421788,-27.9060646126784,0 -48.5825434919896,-27.9060604254555,0 -48.5825349856615,-27.9060523359677,0 -48.5825262321084,-27.9060446034072,0 -48.5825202385218,-27.9060396254946,0 -48.58250784875,-27.9060299886236,0 -48.5824821668209,-27.9060110680158,0 -48.5824692007881,-27.9060017542072,0 -48.582441494056,-27.9059828971777,0 -48.5824309404639,-27.9059752679385,0 -48.5824258795087,-27.9059712811548,0 -48.5824186278924,-27.9059648922576,0 -48.5824140663826,-27.9059602737621,0 -48.5824118759098,-27.9059578353049,0 -48.5824087033738,-27.9059539807984,0 -48.5824064758778,-27.9059508378806,0 -48.5824051950614,-27.9059486951536,0 -48.5824030462724,-27.9059442990941,0 -48.5824006503051,-27.9059374986903,0 -48.5823994531566,-27.9059328764718,0 -48.5823975059937,-27.9059235126694,0 -48.5823970842167,-27.9059210149433,0 -48.5823965866285,-27.9059159892171,0 -48.5823961441181,-27.905900823086,0 -48.5823957070497,-27.9058958077842,0 -48.5823953358901,-27.905893319758,0 -48.5823944940108,-27.9058896146546,0 -48.582393293541,-27.9058855876981,0 -48.5823904839246,-27.9058776521735,0 -48.5823871916897,-27.905869870637,0 -48.5823847581943,-27.9058647575082,0 -48.5823793838228,-27.9058546837025,0 -48.5823768012931,-27.9058503345492,0 -48.5823711479407,-27.905841933867,0 -48.5823671233408,-27.905836476698,0 -48.5823588121464,-27.9058257472057,0 -48.5823526215444,-27.9058176713742,0 -48.5823467518202,-27.9058094111795,0 -48.582344012778,-27.9058051589572,0 -48.5823402406904,-27.9057985778103,0 -48.5823377875338,-27.9057937077505,0 -48.5823334566144,-27.9057838510679,0 -48.5823297611576,-27.9057738249067,0 -48.5823275761018,-27.9057670463779,0 -48.5823236571627,-27.9057532719988,0 -48.5823193190236,-27.9057358808906,0 -48.5823174338287,-27.905727131669,0 -48.5823150735458,-27.9057139617982,0 -48.582313418241,-27.9057008136653,0 -48.5823129039465,-27.9056942539112,0 -48.5823125776495,-27.9056855408669,0 -48.582312594627,-27.9056812103614,0 -48.5823128303895,-27.9056747359177,0 -48.5823137452863,-27.9056650974366,0 -48.582314436383,-27.9056609775723,0 -48.5823165661593,-27.9056527950244,0 -48.5823194304805,-27.9056446705294,0 -48.5823261080729,-27.9056284833562,0 -48.5823292745961,-27.9056203729775,0 -48.5823306832903,-27.9056162926951,0 -48.5823324554071,-27.9056101431568,0 -48.5823349048886,-27.9056000172489,0 -48.5823359559706,-27.905594874422,0 -48.5823370705969,-27.9055871256373,0 -48.5823373679631,-27.9055819783906,0 -48.5823373561553,-27.9055794157178,0 -48.58233709566,-27.9055756035182,0 -48.5823367190113,-27.9055732508708,0 -48.5823353717122,-27.9055686348274,0 -48.5823333284133,-27.9055641508528,0 -48.5823316645605,-27.9055612248965,0 -48.5823278221985,-27.9055555181488,0 -48.5823195425445,-27.9055446537333,0 -48.5823151439271,-27.9055395688877,0 -48.582310419124,-27.9055347399043,0 -48.5823078804929,-27.9055324308093,0 -48.5822754888652,-27.9055051179254,0 -48.5822593733891,-27.90549083205,0 -48.5822274227971,-27.9054619749902,0 -48.5822157247475,-27.90545089746,0 -48.5822100901535,-27.9054452220273,0 -48.5822018751106,-27.9054364701716,0 -48.5821939145151,-27.9054273433415,0 -48.5821900155927,-27.90542261917,0 -48.5821852712871,-27.9054163822191,0 -48.5821830774265,-27.9054131771075,0 -48.58218000751,-27.9054082774937,0 -48.5821759499666,-27.9054007352946,0 -48.5821725860808,-27.9053929712203,0 -48.5821711828545,-27.9053890304688,0 -48.5821689620999,-27.9053810149616,0 -48.5821681503641,-27.9053769584809,0 -48.5821673403497,-27.9053708181343,0 -48.5821665888537,-27.9053593996845,0 -48.5821660326846,-27.9053365529728,0 -48.5821652964397,-27.905319432713,0 -48.5821629041898,-27.9052868000977,0 -48.5821614467743,-27.9052704976518,0 -48.5821596279085,-27.905254197121,0 -48.5821585393891,-27.9052460577547,0 -48.5821572868328,-27.9052387994024,0 -48.5821562476223,-27.905234016944,0 -48.5821536937666,-27.9052245339976,0 -48.5821522262162,-27.9052198343363,0 -48.5821489604554,-27.9052105019027,0 -48.5821453456651,-27.9052012261228,0 -48.5821375603026,-27.9051827457603,0 -48.5821327914702,-27.9051724843209,0 -48.582130192855,-27.9051674938521,0 -48.582125968549,-27.9051601475315,0 -48.5821213231633,-27.9051529199315,0 -48.5821188252381,-27.9051493388514,0 -48.5821166822318,-27.9051464953485,0 -48.5821121188511,-27.9051411548277,0 -48.5821071642673,-27.9051361505327,0 -48.582103660872,-27.9051329306905,0 -48.5820961720344,-27.9051265915842,0 -48.5820935381721,-27.9051245512137,0 -48.5820880728156,-27.9051208552553,0 -48.5820823778717,-27.9051176151109,0 -48.5820784909117,-27.9051156700423,0 -48.582070573467,-27.905112156826,0 -48.5820680935191,-27.9051114182881,0 -48.5820667466673,-27.9051112415443,0 -48.5820647342606,-27.9051113053421,0 -48.582062872965,-27.9051118773469,0 -48.582062039032,-27.9051123858831,0 -48.5820605392211,-27.9051135953508,0 -48.5820579327576,-27.9051161753881,0 -48.5820557585234,-27.9051189436475,0 -48.5820544967215,-27.9051208792779,0 -48.5820522332752,-27.9051249269283,0 -48.5820481647627,-27.9051334003554,0 -48.5820408575692,-27.9051504967026,0 -48.5820370222777,-27.9051589918465,0 -48.5820349258219,-27.9051631960772,0 -48.5820293154012,-27.9051738794272,0 -48.5820263378209,-27.9051790693834,0 -48.5820230662433,-27.9051841550498,0 -48.5820212739428,-27.9051866414406,0 -48.5820173061368,-27.9051915072647,0 -48.5820151002675,-27.9051938861649,0 -48.5820114578969,-27.9051973594433,0 -48.582007735481,-27.9052003345735,0 -48.5820051453949,-27.9052020668,0 -48.5819997376767,-27.9052050035301,0 -48.5819969293471,-27.9052062357327,0 -48.5819911445201,-27.9052083177443,0 -48.5819851640246,-27.905209971721,0 -48.5819728505377,-27.9052125168059,0 -48.5819613615573,-27.9052143362079,0 -48.5819556007843,-27.9052149746722,0 -48.581946974606,-27.9052154818729,0 -48.5819384161384,-27.9052153139869,0 -48.5819341714152,-27.9052149327142,0 -48.5819247225758,-27.9052136026115,0 -48.5819200443107,-27.9052126184062,0 -48.5819154515773,-27.905211328405,0 -48.5819132144994,-27.9052105401586,0 -48.581870188506,-27.9051937600928,0 -48.5818452987258,-27.9051838855218,0 -48.5818329440497,-27.9051786967662,0 -48.5818292269477,-27.9051768631634,0 -48.5818268715253,-27.9051754593441,0 -48.5818224603704,-27.905172305062,0 -48.5818203782077,-27.9051705723088,0 -48.5818164289518,-27.9051668578013,0 -48.5818127261726,-27.9051629036558,0 -48.5818058423491,-27.9051546713443,0 -48.5817990490872,-27.9051459350685,0 -48.5817860671792,-27.9051282027323,0 -48.5817760707001,-27.9051150705979,0 -48.5817647193205,-27.9051011205456,0 -48.5817588609214,-27.9050942775109,0 -48.5817496169236,-27.9050842981992,0 -48.5817479268637,-27.9050826626465,0 -48.5817443261026,-27.9050796123577,0 -48.5817405011416,-27.9050767756636,0 -48.5817325034096,-27.9050714106248,0 -48.5817265746936,-27.905067282468,0 -48.5817237188942,-27.9050650757337,0 -48.5817053726811,-27.9050506146038,0 -48.581699697774,-27.9050454715338,0 -48.5816970568621,-27.9050427453954,0 -48.5816937887522,-27.9050388980076,0 -48.5816922919771,-27.9050368781466,0 -48.5816902200292,-27.9050336834294,0 -48.5816875698884,-27.9050285301389,0 -48.5816855704163,-27.905023080976,0 -48.5816846154091,-27.9050194465768,0 -48.5816841187294,-27.9050170284886,0 -48.5816834566641,-27.9050121805066,0 -48.5816830801351,-27.90500491936,0 -48.5816831370796,-27.9050000751917,0 -48.5816836264868,-27.9049903934488,0 -48.5816841105676,-27.9049795022479,0 -48.5816844971626,-27.9049603987631,0 -48.5816850932495,-27.904950853818,0 -48.5816863025981,-27.9049413290031,0 -48.5816872006844,-27.9049365717477,0 -48.5816895959703,-27.9049275182395,0 -48.581691613667,-27.9049216439727,0 -48.5816931336655,-27.9049177997044,0 -48.5816965699103,-27.9049102447892,0 -48.5816994458387,-27.9049046923388,0 -48.5817059042509,-27.9048937887383,0 -48.5817131121588,-27.9048830789313,0 -48.5817182341814,-27.9048759864756,0 -48.5817289530652,-27.9048617741048,0 -48.5817410861219,-27.9048455202906,0 -48.5817474552461,-27.9048377101241,0 -48.5817519712579,-27.9048328627446,0 -48.5817543354137,-27.904830585756,0 -48.5817580547883,-27.9048273847867,0 -48.5817633394501,-27.9048235978075,0 -48.5817661592572,-27.9048219329508,0 -48.5817706049415,-27.9048197729142,0 -48.5817753662994,-27.9048180523815,0 -48.581777869891,-27.9048173655448,0 -48.5817855946729,-27.9048156331617,0 -48.5817907458677,-27.9048146409067,0 -48.5818010833962,-27.9048129995562,0 -48.5818114314608,-27.9048116926724,0 -48.5818321568525,-27.9048096025932,0 -48.5818477218434,-27.9048079990524,0 -48.5818542124634,-27.9048075171421,0 -48.5818672455759,-27.9048069523966,0 -48.5818737341069,-27.9048061185434,0 -48.5818769676252,-27.9048053905508,0 -48.5818806444035,-27.9048040204999,0 -48.5818828280806,-27.9048027503469,0 -48.5818841702339,-27.9048017727164,0 -48.5818866147788,-27.9047995323824,0 -48.5818882638902,-27.9047976305386,0 -48.5818911512134,-27.9047934043992,0 -48.5818936274678,-27.9047888191372,0 -48.5818979495017,-27.9047795384153,0 -48.5819039767425,-27.9047660014365,0 -48.5819065686345,-27.9047591718481,0 -48.5819087436527,-27.9047522440729,0 -48.5819096427381,-27.9047487231825,0 -48.5819131947658,-27.9047315878958,0 -48.5819188342342,-27.9046971385095,0 -48.5819218698418,-27.904679948997,0 -48.5819236548384,-27.904671381511,0 -48.5819291068045,-27.9046477288553,0 -48.5819320476474,-27.9046359693562,0 -48.5819368077242,-27.904618422418,0 -48.5819421011813,-27.904600975161,0 -48.5819449859938,-27.9045922915087,0 -48.5819513226377,-27.9045749886795,0 -48.5819547825367,-27.9045663690935,0 -48.5819604239187,-27.9045534845395,0 -48.581962403274,-27.9045493327739,0 -48.5819667196676,-27.9045412244168,0 -48.5819714623335,-27.9045333768713,0 -48.5819748483138,-27.90452827504,0 -48.5819821149567,-27.9045183779977,0 -48.5819879649706,-27.9045111903715,0 -48.5819920280884,-27.9045064974918,0 -48.582000521512,-27.9044973533327,0 -48.582004925165,-27.9044928740497,0 -48.582014007302,-27.9044841009421,0 -48.5820233919587,-27.9044755225901,0 -48.5820427165605,-27.9044587903193,0 -48.5820458181851,-27.9044563274649,0 -48.5820523664918,-27.9044518858322,0 -48.5820569258057,-27.9044491869803,0 -48.5820662892077,-27.9044440997697,0 -48.5820732933487,-27.9044402620096,0 -48.582080086012,-27.9044361495858,0 -48.5820833476533,-27.9044339059697,0 -48.5820880100123,-27.9044302253531,0 -48.5820965850233,-27.9044223454037,0 -48.5821005956683,-27.9044182832664,0 -48.5821062907396,-27.9044120131551,0 -48.5821116264292,-27.9044054569724,0 -48.5821141802812,-27.904402064259,0 -48.5821178722588,-27.9043968053354,0 -48.5821202487343,-27.9043931655422,0 -48.5821248151581,-27.9043855764849,0 -48.5821302493337,-27.9043755123389,0 -48.5821326750776,-27.904370465789,0 -48.5821358726822,-27.9043628796858,0 -48.5821383884409,-27.9043552634389,0 -48.5821393468107,-27.9043514456516,0 -48.582140283071,-27.9043463366059,0 -48.5821405916316,-27.9043437795571,0 -48.5821408520446,-27.9043399313434,0 -48.5821407247234,-27.9043341455244,0 -48.5821401495857,-27.9043280362856,0 -48.5821384242481,-27.904315752641,0 -48.582135933203,-27.9043034467427,0 -48.5821338910079,-27.9042952636488,0 -48.58213236886,-27.9042898140597,0 -48.5821289331925,-27.9042789801541,0 -48.5821099831143,-27.9042240052195,0 -48.5821004006735,-27.9041968316995,0 -48.5820857239643,-27.9041563048323,0 -48.5820705136455,-27.9041159398674,0 -48.5820626448176,-27.9040957530308,0 -48.5820545147061,-27.9040758865272,0 -48.5820374536805,-27.9040364274827,0 -48.582029029701,-27.9040166186,0 -48.5820249433406,-27.9040066400903,0 -48.5820214961249,-27.9039976916198,0 -48.5820193242126,-27.9039916898226,0 -48.5820152986644,-27.903979618571,0 -48.5820099153277,-27.9039613698191,0 -48.5820067018239,-27.9039491327408,0 -48.5820009433785,-27.9039245612804,0 -48.5820003782033,-27.9039216551604,0 -48.5819996768078,-27.9039157601345,0 -48.5819995119494,-27.9039112997724,0 -48.5819998840949,-27.9039046024815,0 -48.582001006493,-27.9038979811434,0 -48.5820018408817,-27.9038947207043,0 -48.5820038748472,-27.9038881968753,0 -48.5820053620902,-27.9038839009932,0 -48.5820086691842,-27.9038754053852,0 -48.5820104764461,-27.9038712142496,0 -48.5820143884533,-27.9038629187064,0 -48.5820186653102,-27.9038547468703,0 -48.5820217104755,-27.903849359291,0 -48.5820282137687,-27.9038387185968,0 -48.5820316387411,-27.9038335904623,0 -48.5820388761643,-27.9038236389309,0 -48.5820439278723,-27.9038171680805,0 -48.5820542536739,-27.9038044285398,0 -48.5820619337808,-27.903794863669,0 -48.5820693210733,-27.9037851135741,0 -48.5820728322608,-27.9037801224272,0 -48.5820777871192,-27.9037724316988,0 -48.5820843271713,-27.9037611412551,0 -48.5820873973171,-27.9037554385542,0 -48.5820931413312,-27.9037438730973,0 -48.5820966853501,-27.9037360402981,0 -48.5820989380291,-27.9037307472946,0 -48.5821031563782,-27.9037199937886,0 -48.5821078560642,-27.9037065238064,0 -48.5821099764109,-27.9036997668882,0 -48.5821128432711,-27.9036896031497,0 -48.5821164218072,-27.9036742823653,0 -48.5821183080899,-27.903664002284,0 -48.5821190831919,-27.9036588364387,0 -48.5821200482491,-27.9036510668546,0 -48.5821207731964,-27.9036431394063,0 -48.5821215329661,-27.9036272365981,0 -48.5821214815939,-27.9036112920144,0 -48.5821210681077,-27.9036006466394,0 -48.582119519671,-27.9035794071063,0 -48.5821178557728,-27.9035638042931,0 -48.5821168278291,-27.9035560355174,0 -48.5821150244412,-27.9035444185164,0 -48.5821116448123,-27.9035270530409,0 -48.5821088851425,-27.9035155095689,0 -48.5821073477124,-27.9035097441529,0 -48.5821048262361,-27.9035010922488,0 -48.5820998839492,-27.9034863972813,0 -48.582097099443,-27.903479175366,0 -48.5820924708925,-27.9034685463104,0 -48.5820872480468,-27.9034581595987,0 -48.5820843850236,-27.9034530741712,0 -48.5820781346716,-27.9034431204545,0 -48.5820747310357,-27.9034382606904,0 -48.5820692424295,-27.9034311267779,0 -48.5820607367564,-27.9034208443428,0 -48.5820433781182,-27.9034008158263,0 -48.5820255394311,-27.903381356027,0 -48.582013381173,-27.9033686276328,0 -48.5820051462686,-27.9033602185163,0 -48.5819884053794,-27.9033435480702,0 -48.5819740452647,-27.9033298156174,0 -48.5819448552189,-27.9033027940439,0 -48.5819304530053,-27.9032891153685,0 -48.5819233867095,-27.9032821514578,0 -48.5819144630678,-27.9032729361169,0 -48.5819101397824,-27.9032682314749,0 -48.5819039017872,-27.9032610117056,0 -48.5818979936976,-27.9032535636753,0 -48.5818951943053,-27.9032497426963,0 -48.5818916635923,-27.9032444654598,0 -48.5818851910617,-27.9032336327523,0 -48.5818802110151,-27.9032255693475,0 -48.5818640860344,-27.9032012217531,0 -48.5818556581854,-27.9031892538404,0 -48.581846668077,-27.9031775651797,0 -48.5818418872638,-27.9031718595681,0 -48.581836496082,-27.9031658370437,0 -48.5818327968938,-27.903161919311,0 -48.5818251664874,-27.9031542873901,0 -48.5818132138757,-27.9031432681475,0 -48.5818050036129,-27.9031361492218,0 -48.5817881889915,-27.9031222387323,0 -48.5817650728577,-27.9031034352129,0 -48.5817534270866,-27.9030941445328,0 -48.581735589056,-27.9030805949589,0 -48.5816763086317,-27.9030372186292,0 -48.581611391381,-27.9029677127692,0 -48.5816044406691,-27.9029605707903,0 -48.5815996584993,-27.9029559302254,0 -48.5815898567614,-27.9029468431831,0 -48.5815698996261,-27.9029289343882,0 -48.5815601296525,-27.9029197851205,0 -48.5815507426134,-27.9029103088445,0 -48.5815462510915,-27.9029053936194,0 -48.5815431047597,-27.9029016480475,0 -48.5815373695763,-27.902893841772,0 -48.5815321563644,-27.9028857560884,0 -48.5815255237568,-27.9028748208763,0 -48.5815221505762,-27.9028694021109,0 -48.5815208513108,-27.9028670877817,0 -48.5815189039447,-27.9028623075464,0 -48.5815164072926,-27.9028558302827,0 -48.581514650159,-27.9028526416427,0 -48.5815122023967,-27.9028495394533,0 -48.5815106514688,-27.9028480324553,0 -48.5815078155652,-27.9028458536037,0 -48.5815058593971,-27.9028446732217,0 -48.5815018059445,-27.9028428876771,0 -48.5814997278499,-27.9028422558665,0 -48.5814954732079,-27.9028414052032,0 -48.5814911548406,-27.9028410226278,0 -48.5814882719918,-27.9028409538327,0 -48.5814825205209,-27.9028410962542,0 -48.5814650218232,-27.9028419713626,0 -48.5814562220244,-27.9028426285904,0 -48.581443083817,-27.9028441662235,0 -48.581434427089,-27.9028456927838,0 -48.5814301628819,-27.9028466372733,0 -48.5814238286972,-27.9028483125564,0 -48.5813775225604,-27.9028621527699,0 -48.5813348477059,-27.9028752714191,0 -48.5813301622168,-27.9028763439827,0 -48.5813269440243,-27.9028767478645,0 -48.5813247776198,-27.9028768810924,0 -48.581320390895,-27.902876840405,0 -48.5813170739479,-27.9028765563646,0 -48.5813104592827,-27.9028754026631,0 -48.5813039684958,-27.9028735291526,0 -48.5812997811286,-27.902871939507,0 -48.5812970654618,-27.9028707369731,0 -48.581291884899,-27.9028680383736,0 -48.5812748558705,-27.902857751053,0 -48.5812639618185,-27.9028507298043,0 -48.5812424682622,-27.9028363488326,0 -48.5812340502555,-27.9028307963083,0 -48.5812228689163,-27.9028234533518,0 -48.5812173774025,-27.9028196577767,0 -48.5812093428861,-27.9028136697636,0 -48.5812054651287,-27.9028104796748,0 -48.5811997708652,-27.9028052095854,0 -48.5811962573479,-27.9028015297012,0 -48.5811897995286,-27.9027938010386,0 -48.5811868011279,-27.9027897876573,0 -48.5811811220908,-27.9027815489436,0 -48.5811703488699,-27.902764640666,0 -48.5811648159499,-27.9027562150727,0 -48.5811548978285,-27.9027414960241,0 -48.581150309831,-27.9027339808313,0 -48.5811461491405,-27.902726066717,0 -48.5811442612666,-27.9027219010157,0 -48.5811418652587,-27.9027154706721,0 -48.5811406103587,-27.902711162989,0 -48.5811399126241,-27.9027082815233,0 -48.5811388348219,-27.9027025059974,0 -48.5811382790803,-27.9026981742458,0 -48.5811377434318,-27.9026894850593,0 -48.581137822688,-27.9026807973097,0 -48.5811381562414,-27.9026750283965,0 -48.5811392850165,-27.9026635531984,0 -48.5811414879994,-27.9026462587625,0 -48.5811428563493,-27.9026376118254,0 -48.5811455000519,-27.9026246922792,0 -48.5811477851224,-27.9026161335847,0 -48.5811491081956,-27.9026118893494,0 -48.5811513823189,-27.9026055498339,0 -48.5811543948482,-27.902597951691,0 -48.5811606995439,-27.9025830031801,0 -48.5811736847258,-27.9025535456168,0 -48.5811799363872,-27.9025386958523,0 -48.581194080941,-27.9025032404605,0 -48.5812009137776,-27.9024854501835,0 -48.5812107921235,-27.9024586905156,0 -48.5812201069193,-27.9024317942862,0 -48.5812245104308,-27.9024182921484,0 -48.5812256130647,-27.9024142874557,0 -48.5812261836459,-27.9024115725503,0 -48.5812269155836,-27.9024060634096,0 -48.5812270889288,-27.9024032875584,0 -48.5812270689741,-27.9023976930702,0 -48.5812265756248,-27.9023921172535,0 -48.5812259975793,-27.902388425589,0 -48.58122428782,-27.9023811861858,0 -48.5812193068321,-27.9023655074909,0 -48.5812156347136,-27.9023551656065,0 -48.5812077037215,-27.9023345805744,0 -48.5811978125782,-27.902310793971,0 -48.5811925615007,-27.9022990354603,0 -48.5811841167211,-27.902281454903,0 -48.5811796275557,-27.9022727860524,0 -48.5811771149353,-27.90226839295,0 -48.5811729277954,-27.9022620302802,0 -48.5811698162666,-27.9022580870556,0 -48.5811681531819,-27.9022562443528,0 -48.5811654965481,-27.9022536710288,0 -48.5811616654085,-27.9022506712034,0 -48.5811596116957,-27.9022493899757,0 -48.5811563451047,-27.9022477630781,0 -48.5811528402276,-27.90224653732,0 -48.5811510016639,-27.9022460897944,0 -48.5811313423676,-27.9022421896916,0 -48.5810919648728,-27.9022349474166,0 -48.5810306787629,-27.90222376551,0 -48.5810242956169,-27.9022225167344,0 -48.5810116763714,-27.9022196511354,0 -48.5809991873522,-27.9022163098039,0 -48.5809909143198,-27.9022138278325,0 -48.5809744728149,-27.9022082880272,0 -48.5809698618984,-27.9022064563304,0 -48.5809669263871,-27.9022051056431,0 -48.5809613160417,-27.9022020833754,0 -48.5809586308767,-27.9022004303379,0 -48.5809534196083,-27.9021968291209,0 -48.5809483560133,-27.9021928874035,0 -48.5809383153622,-27.9021840400891,0 -48.5809307954999,-27.9021765719746,0 -48.5809273360319,-27.9021727487471,0 -48.5809225603658,-27.9021668994614,0 -48.5809183636039,-27.9021609700263,0 -48.5809164924098,-27.9021579776329,0 -48.580913272968,-27.902151948061,0 -48.5809119305248,-27.9021489286072,0 -48.5809102847049,-27.9021443882644,0 -48.5809095855243,-27.9021414885989,0 -48.5809093278855,-27.9021394723212,0 -48.5809092890394,-27.9021352845721,0 -48.580909862507,-27.9021309638413,0 -48.580910311732,-27.9021290227599,0 -48.5809115439579,-27.9021251282857,0 -48.5809127664895,-27.9021222265758,0 -48.5809150547638,-27.9021179811213,0 -48.5809163924824,-27.9021159201696,0 -48.5809194453975,-27.9021119948916,0 -48.5809211523549,-27.9021101386813,0 -48.5809239405,-27.9021075260572,0 -48.5809285882562,-27.9021040528384,0 -48.5809357430198,-27.9020998201611,0 -48.5809405207302,-27.9020973597817,0 -48.5809437123687,-27.9020958639294,0 -48.5809501100861,-27.9020931704137,0 -48.5809549233487,-27.9020913687595,0 -48.5809645916513,-27.9020882001458,0 -48.5809841739612,-27.9020826883439,0 -48.580994099606,-27.9020798221832,0 -48.5810009988902,-27.9020778495451,0 -48.5810149157141,-27.9020744399854,0 -48.581033555543,-27.9020701925809,0 -48.5810428527813,-27.9020678203835,0 -48.5810520853283,-27.9020650681591,0 -48.5810566700876,-27.9020635064538,0 -48.5810664641685,-27.902059699563,0 -48.581071273724,-27.9020576186282,0 -48.581078376585,-27.9020542694759,0 -48.5810886865275,-27.9020487302902,0 -48.5810985406478,-27.9020425872274,0 -48.5811032756749,-27.9020392868065,0 -48.5811122889682,-27.9020322357204,0 -48.5811165690933,-27.9020284850879,0 -48.5811226422965,-27.9020225735585,0 -48.5811276910613,-27.9020170411015,0 -48.5811300808099,-27.9020141686992,0 -48.5811334981597,-27.902009744262,0 -48.5811382145172,-27.9020028253306,0 -48.5811424074728,-27.9019955816489,0 -48.5811442966023,-27.9019918341837,0 -48.5811461579578,-27.9019876076616,0 -48.5811472181915,-27.9019847840537,0 -48.581148979458,-27.9019791217184,0 -48.58115082272,-27.9019705822486,0 -48.5811516408406,-27.9019648493802,0 -48.5811526596809,-27.9019532995559,0 -48.5811547682037,-27.9019175160389,0 -48.5811554385917,-27.9018996175388,0 -48.5811556539608,-27.9018817198593,0 -48.5811555382618,-27.9018727670965,0 -48.5811547247524,-27.9018519099925,0 -48.5811540405027,-27.901841485654,0 -48.5811526231556,-27.9018258689896,0 -48.5811507137954,-27.9018102442355,0 -48.5811495671444,-27.9018024370231,0 -48.5811484855772,-27.9017962737292,0 -48.5811456713092,-27.9017840976159,0 -48.5811421912324,-27.901772062908,0 -48.5811396036066,-27.9017641042764,0 -48.5811341183697,-27.901748272437,0 -48.5811329605534,-27.9017455359895,0 -48.5811298771387,-27.9017403299237,0 -48.5811253051592,-27.9017335452573,0 -48.5811233210724,-27.9017300546921,0 -48.5811218284582,-27.9017264014863,0 -48.581121343059,-27.9017244803372,0 -48.5811202006828,-27.9017178462174,0 -48.5811196390932,-27.9017134152346,0 -48.5811189508876,-27.901704533923,0 -48.5811188061057,-27.9017000920866,0 -48.5811188433047,-27.9016912047901,0 -48.581119264673,-27.9016823247911,0 -48.5811208950205,-27.9016646325946,0 -48.5811218583189,-27.9016569439419,0 -48.581124152158,-27.9016415824478,0 -48.5811273585079,-27.9016210933238,0 -48.5811287464466,-27.9016108408514,0 -48.5811298059647,-27.9016005550758,0 -48.5811301847196,-27.901595401,0 -48.5811334643764,-27.901538018726,0 -48.5811345908191,-27.9015093188482,0 -48.5811370849454,-27.9014267849525,0 -48.5811399671147,-27.9013314912515,0 -48.5811404685092,-27.9013227475818,0 -48.5811410445105,-27.9013169471289,0 -48.5811427414288,-27.9013054004003,0 -48.5811438363082,-27.901299654218,0 -48.5811464776118,-27.9012882055794,0 -48.5811496363382,-27.9012767930124,0 -48.58115198665,-27.90126920086,0 -48.5811571503631,-27.9012540428611,0 -48.581160304425,-27.9012459322844,0 -48.5811626279421,-27.9012406587119,0 -48.5811678024761,-27.9012303912302,0 -48.5811706534808,-27.9012253978715,0 -48.581176873257,-27.9012156267636,0 -48.5811837894752,-27.9012061481984,0 -48.5811887714755,-27.9011999647234,0 -48.5811922621415,-27.9011958934759,0 -48.5811996316443,-27.9011878569255,0 -48.5812067156935,-27.9011807813116,0 -48.5812115199267,-27.9011762909088,0 -48.581221377999,-27.9011677930551,0 -48.5812264320269,-27.9011637492604,0 -48.58123682388,-27.9011560009368,0 -48.5812476102433,-27.9011485750985,0 -48.5812550421388,-27.901143751947,0 -48.5812705297606,-27.9011342069144,0 -48.5812782744581,-27.9011298402882,0 -48.5812821882351,-27.9011278427418,0 -48.5812881204748,-27.9011250600784,0 -48.5812971679067,-27.9011214019646,0 -48.5813063989369,-27.9011183517567,0 -48.5813110769654,-27.9011170538178,0 -48.5813147833328,-27.9011162708046,0 -48.58131730978,-27.9011159181055,0 -48.5813224664035,-27.9011155934189,0 -48.5813250860459,-27.9011156212464,0 -48.5813303373404,-27.9011160565532,0 -48.5813355575557,-27.9011169693326,0 -48.5813401114316,-27.9011181589844,0 -48.5813423479723,-27.9011188838951,0 -48.5813456229479,-27.9011201325948,0 -48.5813539475779,-27.9011239421146,0 -48.5813578927303,-27.901126023144,0 -48.5813635456154,-27.9011294162197,0 -48.5813688957359,-27.9011331553334,0 -48.5813714613245,-27.9011351669793,0 -48.5813763919223,-27.9011395127706,0 -48.5813787567478,-27.9011418551735,0 -48.5813821876528,-27.9011455963823,0 -48.5813882617457,-27.9011528766239,0 -48.5813910849365,-27.90115654438,0 -48.5813949831969,-27.9011620984804,0 -48.5813984114284,-27.9011677709911,0 -48.5813999314323,-27.9011706668945,0 -48.5814025214674,-27.9011765950867,0 -48.5814035787016,-27.9011796453242,0 -48.5814048578061,-27.9011843416829,0 -48.581409470319,-27.9012060777987,0 -48.5814123290786,-27.9012205737402,0 -48.5814177254665,-27.9012496227656,0 -48.5814211165041,-27.9012688647329,0 -48.5814273962916,-27.9013074125415,0 -48.581439514343,-27.9013845995335,0 -48.5814461896905,-27.9014231724606,0 -48.581447476334,-27.9014283381584,0 -48.5814484768296,-27.9014308460489,0 -48.5814497951186,-27.9014332240444,0 -48.5814505929073,-27.9014343389275,0 -48.5814525198836,-27.901436384517,0 -48.5814536577144,-27.901437288941,0 -48.5814556213131,-27.9014384964382,0 -48.5814592283531,-27.9014402559699,0 -48.5814665168023,-27.901443162845,0 -48.5814738609262,-27.9014452947432,0 -48.5814787962066,-27.90144633799,0 -48.5814821031522,-27.9014468746261,0 -48.5814887290232,-27.9014476044638,0 -48.5814962190451,-27.9014479430487,0 -48.5815012263319,-27.9014479230315,0 -48.5815112622904,-27.9014473954408,0 -48.5815263273621,-27.9014457831361,0 -48.5815463026013,-27.901443138548,0 -48.5815561810033,-27.9014420304899,0 -48.581588869112,-27.9014389592729,0 -48.5816052109728,-27.9014372157288,0 -48.5816215354564,-27.9014351386966,0 -48.5816296870588,-27.9014339375326,0 -48.5816459815272,-27.9014311198126,0 -48.5816541208638,-27.9014294668474,0 -48.5816663124816,-27.9014266404199,0 -48.5816815368114,-27.9014225223979,0 -48.5816890114915,-27.9014202624404,0 -48.5817000622035,-27.9014165860543,0 -48.5817108844708,-27.9014125620116,0 -48.5817162237252,-27.9014104093976,0 -48.5817267163687,-27.9014057930572,0 -48.5817318715923,-27.9014033304645,0 -48.5817394945194,-27.9013994220703,0 -48.5817494507181,-27.9013938132875,0 -48.5817543311137,-27.9013908309524,0 -48.5817615251283,-27.9013861120873,0 -48.5817720436708,-27.9013784920602,0 -48.5817813489126,-27.9013711029569,0 -48.5817873482905,-27.9013661103392,0 -48.5817989011856,-27.901355937192,0 -48.5818044704022,-27.901350747576,0 -48.581815245596,-27.901340172521,0 -48.5818255748748,-27.9013293005121,0 -48.5818322581778,-27.901321874735,0 -48.5818452343422,-27.9013066010876,0 -48.5818800723378,-27.90126358745,0 -48.5818972465416,-27.901242035577,0 -48.5819227411243,-27.9012096034013,0 -48.581960352958,-27.9011606020741,0 -48.5819850422336,-27.9011276419322,0 -48.581997283834,-27.9011110562411,0 -48.5820155045388,-27.901086012479,0 -48.5820325468039,-27.9010627257275,0 -48.5820553463969,-27.9010317265286,0 -48.5820664893809,-27.9010161232909,0 -48.5820772887768,-27.9010003603717,0 -48.5820825231911,-27.9009924129537,0 -48.5820901361777,-27.9009803653788,0 -48.5820997207138,-27.9009640673163,0 -48.5821042415062,-27.9009557912609,0 -48.5821106435613,-27.9009431992504,0 -48.5821165346745,-27.9009303912022,0 -48.582119281578,-27.9009238886929,0 -48.5821261067863,-27.900906512908,0 -48.5821304076595,-27.9008948857584,0 -48.5821384834743,-27.9008715319096,0 -48.5821423065402,-27.9008598154172,0 -48.5821496459183,-27.9008363225268,0 -48.5821637257792,-27.9007891450467,0 -48.5821708118421,-27.900765530406,0 -48.5821710408421,-27.9007648218034,0 -48.582174068227,-27.9007551840513,0 -48.5821809842137,-27.9007345617516,0 -48.5821904506546,-27.9007071272951,0 -48.5821950136758,-27.900693383949,0 -48.5822012938412,-27.900672669532,0 -48.5822049345168,-27.9006587568969,0 -48.582206542193,-27.9006517745424,0 -48.5822086457014,-27.9006412278664,0 -48.5822103340217,-27.9006306193818,0 -48.5822110112724,-27.9006252805437,0 -48.5822121158726,-27.9006143280808,0 -48.5822126868893,-27.9006070207822,0 -48.5822135277885,-27.9005924003484,0 -48.5822141986117,-27.9005704596073,0 -48.5822146283076,-27.9005411879495,0 -48.5822148904599,-27.9005265573566,0 -48.5822178482848,-27.9003991341146,0 -48.5822221202888,-27.9002581902563,0 -48.5822223252037,-27.9002425932584,0 -48.5822223022206,-27.9002321986999,0 -48.5822219419131,-27.9002114123257,0 -48.5822207770482,-27.900180227036,0 -48.582217367926,-27.9001178644945,0 -48.5822164157332,-27.9001018677443,0 -48.5822141100326,-27.9000699134594,0 -48.5822113466547,-27.9000379962993,0 -48.582209268201,-27.900016728732,0 -48.5822046380944,-27.8999742040154,0 -48.582200930051,-27.8999445711516,0 -48.5821988313083,-27.899929790626,0 -48.582195313918,-27.8999076678762,0 -48.5821912746446,-27.8998856262825,0 -48.5821890284464,-27.8998746331747,0 -48.5821840418351,-27.8998527104273,0 -48.58218128057,-27.8998417985952,0 -48.5821767789114,-27.8998254691398,0 -48.5821716375894,-27.8998082175768,0 -48.582160717332,-27.8997739824696,0 -48.5821491441483,-27.8997399793156,0 -48.5821411576965,-27.8997173992265,0 -48.5821247841319,-27.8996722771727,0 -48.5821119997507,-27.8996360152088,0 -48.5821008457412,-27.8996037073447,0 -48.582095112026,-27.8995876178485,0 -48.5820860458873,-27.8995636387177,0 -48.5820795747859,-27.8995478160391,0 -48.5820761746579,-27.8995399604616,0 -48.5820708368832,-27.8995282544304,0 -48.5820622466753,-27.8995109153375,0 -48.5818770058667,-27.8991567542073,0 -48.5818401964878,-27.8990537436988,0 -48.5818247120996,-27.8990265386986,0 -48.5817942612058,-27.8989718938198,0 -48.5817644584805,-27.8989169535674,0 -48.5817449245632,-27.8988801583943,0 -48.5817320247509,-27.8988555606765,0 -48.5817065216081,-27.8988062184462,0 -48.58170131039,-27.8987958765378,0 -48.5816912815277,-27.8987750834297,0 -48.5816817135691,-27.8987541359526,0 -48.5816755465249,-27.8987400869355,0 -48.5816636018433,-27.8987118162049,0 -48.5816518083152,-27.8986831598746,0 -48.5816461037037,-27.8986687764318,0 -48.5816381390541,-27.8986470629731,0 -48.5816333761202,-27.8986324526475,0 -48.5816312013752,-27.8986251059556,0 -48.5816282287687,-27.8986140009591,0 -48.5816170910215,-27.8985686546708,0 -48.5815952453066,-27.8984778980451,0 -48.5815787420442,-27.8984098645567,0 -48.5815506232838,-27.8982960341638,0 -48.5814940779726,-27.8980684230314,0 -48.58145207621,-27.8978976315028,0 -48.5814491519934,-27.8978843525876,0 -48.5814442293863,-27.8978576391902,0 -48.5814416640916,-27.8978443037955,0 -48.581440217677,-27.8978376555266,0 -48.5814355829731,-27.8978181747396,0 -48.5814322863672,-27.8978052235684,0 -48.581425261577,-27.8977794116753,0 -48.5814203998939,-27.8977624717467,0 -48.5814102315228,-27.897728700827,0 -48.5814032281344,-27.8977062464543,0 -48.5813889591072,-27.8976613958848,0 -48.5813782740716,-27.8976277513669,0 -48.5813678523432,-27.8975940575016,0 -48.5813628048269,-27.8975771682784,0 -48.581355519055,-27.8975517763996,0 -48.5813493454105,-27.8975284427867,0 -48.5813379959704,-27.8974815590279,0 -48.5813292611612,-27.897446433188,0 -48.5813168608185,-27.8973975820028,0 -48.5813123257819,-27.8973813967761,0 -48.5813098664256,-27.8973733594452,0 -48.5813044320895,-27.8973574194658,0 -48.5813013959701,-27.897349534468,0 -48.5812963869859,-27.8973378523589,0 -48.581287830198,-27.8973193854027,0 -48.5812703038779,-27.897282643049,0 -48.58125235924,-27.8972460921557,0 -48.5812158652612,-27.8971733134769,0 -48.5811885497967,-27.8971187235448,0 -48.5811751054654,-27.8970913378769,0 -48.5811706118816,-27.8970819563304,0 -48.5811617178164,-27.8970631320904,0 -48.5811548297,-27.8970490973778,0 -48.5811528780556,-27.8970455170676,0 -48.5811484509539,-27.8970386363735,0 -48.5811434897263,-27.8970320255116,0 -48.5811328379999,-27.8970191522492,0 -48.5811250628943,-27.8970093793467,0 -48.5811214990712,-27.8970043184968,0 -48.5811111240626,-27.896988508184,0 -48.5810909763067,-27.8969565924863,0 -48.5810850219544,-27.8969466709205,0 -48.58107372731,-27.8969265593597,0 -48.5810417603201,-27.8968653193693,0 -48.5810305794396,-27.8968451101243,0 -48.581024697763,-27.8968351265004,0 -48.5810153906208,-27.8968203554045,0 -48.5810102696962,-27.8968127041911,0 -48.5809997165201,-27.8967976039155,0 -48.5809887760394,-27.896782749615,0 -48.580981295478,-27.8967729730664,0 -48.580965889459,-27.8967536913668,0 -48.5809540220242,-27.8967394342799,0 -48.58094596444,-27.8967300171249,0 -48.5809295899753,-27.8967113588939,0 -48.580904523104,-27.8966837057668,0 -48.5808536119342,-27.8966289360094,0 -48.5808362921451,-27.8966108658498,0 -48.5808244180917,-27.8965990807865,0 -48.580816372747,-27.8965913154273,0 -48.580800048405,-27.8965759783103,0 -48.5807750813063,-27.8965533439079,0 -48.580724549338,-27.8965085602337,0 -48.5806995507211,-27.8964859786844,0 -48.5806872423637,-27.8964745472504,0 -48.5806711135636,-27.8964590874405,0 -48.5806632038903,-27.8964512429505,0 -48.5806515361085,-27.8964393265718,0 -48.5806401552773,-27.8964271894396,0 -48.5806345871752,-27.8964210282989,0 -48.5806236918927,-27.8964085202522,0 -48.580618389889,-27.8964021561656,0 -48.5806106252552,-27.8963924737382,0 -48.5806051459324,-27.8963853035977,0 -48.5805947488845,-27.8963706846061,0 -48.580584894043,-27.8963557948241,0 -48.5805660481811,-27.8963255259771,0 -48.5805456014329,-27.8962923509855,0 -48.5805356954341,-27.8962756379934,0 -48.5805262725768,-27.8962586900714,0 -48.5805218126288,-27.8962500850519,0 -48.5805180030229,-27.8962423665373,0 -48.580510842636,-27.8962267844686,0 -48.5805041547059,-27.8962110575996,0 -48.5804915563001,-27.8961793465653,0 -48.5804835139824,-27.8961582991516,0 -48.5804681058402,-27.8961160273107,0 -48.5804581938322,-27.8960877464869,0 -48.5804387470739,-27.8960310846255,0 -48.5804240805123,-27.8959886088251,0 -48.580408967088,-27.8959462424764,0 -48.5804011211795,-27.8959251445388,0 -48.5803888845939,-27.8958936111238,0 -48.580383271201,-27.8958806010657,0 -48.5803791962931,-27.8958720479639,0 -48.5803705040286,-27.8958551123151,0 -48.5803615690009,-27.8958386961296,0 -48.5803568844923,-27.895830601527,0 -48.5803494827853,-27.8958186515689,0 -48.5803414835368,-27.8958069802388,0 -48.580337225827,-27.8958012661536,0 -48.5803312609107,-27.8957936634255,0 -48.5803188967626,-27.8957788110568,0 -48.5803061393708,-27.8957642767002,0 -48.5802801303075,-27.8957354427166,0 -48.5802635488947,-27.8957167086375,0 -48.5802310438536,-27.8956794866321,0 -48.5802064809826,-27.8956519325631,0 -48.5801896628676,-27.8956337808273,0 -48.5801810561034,-27.8956247873969,0 -48.580167816207,-27.8956114082091,0 -48.5801494424178,-27.8955938068393,0 -48.5801398944604,-27.8955851036203,0 -48.5801250620761,-27.8955722020088,0 -48.5801095199577,-27.895559495547,0 -48.5801014666166,-27.8955532092248,0 -48.5800992144237,-27.8955517168812,0 -48.5800976380422,-27.8955509132352,0 -48.5800943227437,-27.8955496461821,0 -48.5800908695297,-27.8955487550458,0 -48.5800837276085,-27.8955475832315,0 -48.5800784335525,-27.8955467142778,0 -48.5800768072477,-27.8955463156299,0 -48.5800734473873,-27.8955454354952,0 -48.5800709243793,-27.8955451659325,0 -48.5800692741086,-27.895545398531,0 -48.5800684756283,-27.895545681889,0 -48.5800673027313,-27.8955463562843,0 -48.5800650040428,-27.8955483458306,0 -48.5800637543623,-27.8955497408614,0 -48.5800618501533,-27.8955526939253,0 -48.5800611458282,-27.8955542334609,0 -48.5800601383404,-27.8955574187075,0 -48.5800595193953,-27.8955606922851,0 -48.5800586911267,-27.8955673275909,0 -48.5800579483616,-27.8955733239197,0 -48.5800567976495,-27.895585340082,0 -48.5800545423949,-27.8956214189564,0 -48.5800530950368,-27.8956394392843,0 -48.5800520499743,-27.895648434991,0 -48.5800501605684,-27.8956631449293,0 -48.580048992772,-27.8956704417341,0 -48.5800474707333,-27.8956776965196,0 -48.5800465044102,-27.8956813159,0 -48.5800440994031,-27.8956885281893,0 -48.5800426099108,-27.8956921202057,0 -48.580039951139,-27.8956975051779,0 -48.5800377927263,-27.8957008508396,0 -48.580036112023,-27.8957028963998,0 -48.580032242256,-27.8957065732652,0 -48.5800300934795,-27.8957082047274,0 -48.5800254617093,-27.89571108289,0 -48.5800204931783,-27.8957134677557,0 -48.5800170610139,-27.8957148057214,0 -48.5800101293668,-27.8957168857002,0 -48.5800051208948,-27.8957178622421,0 -48.5800017002811,-27.8957182355617,0 -48.5799947184306,-27.8957183656855,0 -48.5799911914879,-27.8957181412658,0 -48.5799841128734,-27.8957171324675,0 -48.5799771248971,-27.895715448986,0 -48.5799725572463,-27.8957139699331,0 -48.5799695760127,-27.8957128436702,0 -48.5799638020932,-27.8957102519132,0 -48.579954284238,-27.8957053210415,0 -48.5799497860382,-27.8957026432051,0 -48.5799455960296,-27.8956997091943,0 -48.5799436310636,-27.8956981227658,0 -48.5799400295353,-27.8956946489312,0 -48.5799384266282,-27.8956927533049,0 -48.5799362715156,-27.8956896562352,0 -48.5799336325809,-27.8956851259722,0 -48.5799289708017,-27.8956760118361,0 -48.579924958516,-27.8956668193439,0 -48.5799225490256,-27.8956606415242,0 -48.5799180219883,-27.8956481191914,0 -48.5799147490966,-27.8956382903984,0 -48.5799127125581,-27.8956317038933,0 -48.579908952556,-27.8956184730512,0 -48.5799054826787,-27.8956051850754,0 -48.5798988246207,-27.8955785408278,0 -48.5798935478632,-27.895558624672,0 -48.5798896393807,-27.8955454369301,0 -48.5798875105421,-27.8955388757881,0 -48.5798840617366,-27.8955290973231,0 -48.5798802356333,-27.8955193937352,0 -48.5798781777134,-27.8955145757431,0 -48.5798768679633,-27.8955118184447,0 -48.57987385017,-27.8955065143821,0 -48.5798703764843,-27.8955014187403,0 -48.579867872609,-27.8954981172861,0 -48.5798625609095,-27.8954916357016,0 -48.5798580960154,-27.8954864593137,0 -48.5798489677546,-27.8954764461446,0 -48.579839522284,-27.8954667881188,0 -48.5798330128044,-27.8954604837467,0 -48.5798194059531,-27.8954480822045,0 -48.5798104925019,-27.8954406440844,0 -48.5798059074277,-27.8954371078087,0 -48.5797988503948,-27.8954320389766,0 -48.5797878769895,-27.8954249710902,0 -48.5797763736229,-27.8954185431823,0 -48.5797704072035,-27.8954155779571,0 -48.5797641746121,-27.8954127077342,0 -48.5797514931609,-27.8954075494463,0 -48.5797385525569,-27.8954030898642,0 -48.5797297836732,-27.8954004636526,0 -48.5797238904053,-27.8953988627245,0 -48.5797119917359,-27.8953959645428,0 -48.5796984356713,-27.895393145731,0 -48.5796893096958,-27.8953914968157,0 -48.579670890114,-27.8953886288984,0 -48.579652310552,-27.8953862092014,0 -48.5796148884625,-27.8953819335151,0 -48.5795868529253,-27.895378544177,0 -48.5795683000398,-27.8953758451756,0 -48.5795590824304,-27.8953743031322,0 -48.579545369538,-27.8953716798065,0 -48.5795317965922,-27.895368617267,0 -48.5795250835196,-27.8953668934356,0 -48.579511792408,-27.8953630323565,0 -48.5795052211533,-27.8953608687939,0 -48.5794954799431,-27.8953573140538,0 -48.5794861677678,-27.895353532248,0 -48.5794816041185,-27.8953515124503,0 -48.579474923133,-27.8953482637065,0 -48.5794684608299,-27.8953446586389,0 -48.5794653382195,-27.8953426999576,0 -48.5794593094232,-27.8953384163189,0 -48.5794564168496,-27.8953360646157,0 -48.5794522560585,-27.8953322648335,0 -48.5794443549279,-27.8953239605851,0 -48.5794407219726,-27.8953197278551,0 -48.579435656281,-27.8953132511289,0 -48.5794310618081,-27.8953066014981,0 -48.5794289232486,-27.8953032073275,0 -48.5794259233199,-27.8952980208719,0 -48.5794240597843,-27.8952944960584,0 -48.5794206477652,-27.8952872718844,0 -48.5794043786124,-27.8952493965734,0 -48.5793964733589,-27.8952304183392,0 -48.5793849641452,-27.895201812001,0 -48.5793693266094,-27.8951620169869,0 -48.5793620755962,-27.8951419400107,0 -48.5793598471324,-27.8951352058398,0 -48.5793557324002,-27.8951216801789,0 -48.5793519734634,-27.8951080710039,0 -48.5793449832201,-27.895080735261,0 -48.579338293568,-27.8950528722609,0 -48.5793257760529,-27.8949970264785,0 -48.5793245884464,-27.8949924308405,0 -48.5793218913649,-27.8949831077955,0 -48.5793208272186,-27.8949784515457,0 -48.5793204525323,-27.894976125911,0 -48.5793201683035,-27.8949715466979,0 -48.579320320323,-27.8949692842884,0 -48.5793209611294,-27.8949659483177,0 -48.5793217485655,-27.8949638777075,0 -48.579322460068,-27.8949625729055,0 -48.5793242222715,-27.8949600683904,0 -48.579326336496,-27.8949577055362,0 -48.5793310688014,-27.8949531505909,0 -48.5793344764813,-27.8949497095907,0 -48.5793404235209,-27.8949434082029,0 -48.5793528034116,-27.8949311741291,0 -48.5793587812908,-27.8949249630485,0 -48.5793616345861,-27.8949217832566,0 -48.5793626409572,-27.8949203751454,0 -48.5793631491981,-27.8949193465336,0 -48.579363830369,-27.8949171209577,0 -48.5793639987849,-27.8949159597106,0 -48.5793640112956,-27.894913559925,0 -48.5793633619628,-27.8949103455708,0 -48.5793627746364,-27.8949088009652,0 -48.5793615759604,-27.8949066238626,0 -48.5793594180603,-27.8949036534,0 -48.5793581870703,-27.8949022874799,0 -48.579356112392,-27.8949005906257,0 -48.579354565786,-27.89489981448,0 -48.5793537287434,-27.8948995469946,0 -48.5793524152671,-27.8948993526428,0 -48.5793445832568,-27.8948989716052,0 -48.5793288869254,-27.8948986864285,0 -48.57931317189,-27.8948988794906,0 -48.5792817743553,-27.8949000872937,0 -48.5792232038674,-27.8949030463227,0 -48.5792054776493,-27.8949036187171,0 -48.5791966110239,-27.8949037426667,0 -48.5791832980317,-27.894903707525,0 -48.5791633254095,-27.8949030855936,0 -48.5791433797804,-27.8949017245266,0 -48.5791334291751,-27.8949007285487,0 -48.5791291386049,-27.8949000308437,0 -48.5791263609032,-27.8948993415512,0 -48.5791210086139,-27.894897442808,0 -48.5791184373396,-27.894896251589,0 -48.579113460161,-27.8948934573704,0 -48.57910868941,-27.8948901612252,0 -48.579105625995,-27.8948877161963,0 -48.579099725427,-27.8948823520959,0 -48.5790941791458,-27.8948764710446,0 -48.579091714744,-27.8948734863804,0 -48.5790884163969,-27.8948689257907,0 -48.5790855731706,-27.8948642470859,0 -48.5790843186079,-27.8948618520183,0 -48.5790821615331,-27.8948569237832,0 -48.5790812429111,-27.8948543903326,0 -48.5790800826023,-27.8948504901719,0 -48.5790793017061,-27.8948472553311,0 -48.5790780533975,-27.8948407371887,0 -48.5790753725146,-27.8948211100423,0 -48.5790736413611,-27.8948113892818,0 -48.5790724379402,-27.8948065857456,0 -48.5790661777444,-27.8947848839441,0 -48.5790628743818,-27.8947740616644,0 -48.5790575471103,-27.8947578982521,0 -48.5790474433997,-27.8947294790507,0 -48.5790405024258,-27.8947106256852,0 -48.5790261941011,-27.8946730827317,0 -48.5790188535895,-27.894654384804,0 -48.5790038287678,-27.8946170908453,0 -48.578988481609,-27.8945798815373,0 -48.5789571425378,-27.8945054692086,0 -48.5789526855619,-27.8944957368889,0 -48.5789502217192,-27.8944910015173,0 -48.5789461347383,-27.8944840000748,0 -48.5789414542395,-27.8944770966917,0 -48.5789388600657,-27.8944736493489,0 -48.5789357472439,-27.8944701389212,0 -48.578934028279,-27.8944685298182,0 -48.5789312436527,-27.8944663424626,0 -48.5789282570238,-27.8944644583037,0 -48.5789266808755,-27.8944636452873,0 -48.5789234103879,-27.8944622886786,0 -48.5789217179387,-27.8944617715536,0 -48.5789190985213,-27.8944611841676,0 -48.5789130676109,-27.8944603115839,0 -48.5789090222097,-27.8944599062042,0 -48.5789008787621,-27.8944594833222,0 -48.5788967972301,-27.8944594479367,0 -48.578888614744,-27.8944596648465,0 -48.5788804491979,-27.8944602345096,0 -48.5788750348646,-27.8944607616575,0 -48.5788643007588,-27.8944621067386,0 -48.5788482754603,-27.8944647400117,0 -48.57881628991,-27.8944709268345,0 -48.5788002053547,-27.8944735766832,0 -48.5787921192005,-27.8944745894077,0 -48.5787860148787,-27.8944751765684,0 -48.578773770044,-27.8944759719132,0 -48.5787614815573,-27.8944763336297,0 -48.578753297502,-27.8944763704209,0 -48.5787369531499,-27.8944761007748,0 -48.5787271928982,-27.8944755773221,0 -48.5787223402714,-27.8944750409979,0 -48.5787151093685,-27.8944737772354,0 -48.5787079509195,-27.894471792762,0 -48.578704397313,-27.8944704851418,0 -48.5787010074082,-27.8944690355614,0 -48.5786946825281,-27.8944657484342,0 -48.5786888552981,-27.8944619920352,0 -48.578685217561,-27.8944592571413,0 -48.5786828839634,-27.8944573304854,0 -48.5786784068599,-27.894453263534,0 -48.5786646917886,-27.8944398042699,0 -48.5786377644456,-27.8944126588706,0 -48.5786173829999,-27.8943924595607,0 -48.5785699589636,-27.894346367334,0 -48.5785458769305,-27.8943236126467,0 -48.5785294632392,-27.894308670779,0 -48.5785211088915,-27.8943012963799,0 -48.5785083634669,-27.8942903626409,0 -48.5785041016268,-27.8942870120901,0 -48.5785011402753,-27.8942849119367,0 -48.5784950118516,-27.8942810147606,0 -48.5784853704655,-27.8942757109943,0 -48.5784653892766,-27.8942659040344,0 -48.5784478707538,-27.8942573491746,0 -48.5784390756827,-27.8942532602842,0 -48.5784256882885,-27.8942474401831,0 -48.5784119449394,-27.8942421006534,0 -48.5784048907254,-27.8942396394283,0 -48.5783979823022,-27.894237478701,0 -48.5783933475049,-27.8942361796032,0 -48.5783840353658,-27.8942338774932,0 -48.5783699437395,-27.8942310397816,0 -48.578360491805,-27.8942294483853,0 -48.5783414619986,-27.8942266323541,0 -48.5783341967486,-27.8942255480516,0 -48.5783195116837,-27.894223278151,0 -48.5783084523962,-27.8942218022313,0 -48.5782973950439,-27.8942207961025,0 -48.5782918879208,-27.8942205638164,0 -48.5782845855768,-27.8942205885447,0 -48.5782809558855,-27.8942207775143,0 -48.5782755394771,-27.8942212869797,0 -48.5782674959085,-27.8942226705014,0 -48.5782391175784,-27.8942293176682,0 -48.578232957877,-27.8942308334337,0 -48.5782206403958,-27.894233973488,0 -48.5782114071785,-27.8942359765711,0 -48.5782082685292,-27.8942363548048,0 -48.5782061761638,-27.8942363719911,0 -48.5782020111793,-27.8942359650396,0 -48.5781999408424,-27.8942355497532,0 -48.5781957921392,-27.8942344117416,0 -48.5781916510618,-27.8942329313209,0 -48.5781833597219,-27.8942294922994,0 -48.5781771072259,-27.8942269642023,0 -48.5781739753001,-27.8942258716008,0 -48.5781692411737,-27.8942245795607,0 -48.5779585713746,-27.8941791086773,0 -48.5779002020541,-27.894166569246,0 -48.5778970225732,-27.8941660534994,0 -48.5778948840247,-27.8941658622505,0 -48.5778905813078,-27.8941658229467,0 -48.5778840692839,-27.8941663759147,0 -48.5778710065133,-27.8941683298165,0 -48.5778665089208,-27.8941690806621,0 -48.5778643640776,-27.8941697285876,0 -48.5778623495519,-27.8941707037246,0 -48.5778614030032,-27.894171345734,0 -48.5778606035342,-27.8941720354877,0 -48.577859351441,-27.8941735383953,0 -48.5778585443235,-27.8941752115868,0 -48.5778582135761,-27.8941763969621,0 -48.5778580253562,-27.89417891977,0 -48.5778582451039,-27.8941809089515,0 -48.5778594410145,-27.894185017365,0 -48.5778613732039,-27.894189102377,0 -48.5778628992566,-27.8941917186578,0 -48.5778660939056,-27.8941963677676,0 -48.5778721440233,-27.8942038905849,0 -48.5778850701385,-27.8942185635888,0 -48.5778912491428,-27.894226116207,0 -48.5778941147495,-27.8942300375472,0 -48.5779001701876,-27.8942391305377,0 -48.5779030227994,-27.8942437466481,0 -48.5779070378475,-27.8942507738386,0 -48.5779107194346,-27.8942579394526,0 -48.5779124156864,-27.8942615692824,0 -48.5779136825666,-27.8942648848162,0 -48.5779143223743,-27.894267161145,0 -48.5779151301537,-27.8942718310691,0 -48.5779153208236,-27.8942742074407,0 -48.5779152567055,-27.8942790063217,0 -48.5779146727394,-27.8942837960628,0 -48.5779140134035,-27.8942869604281,0 -48.5779120890505,-27.8942930984268,0 -48.577910065624,-27.8942976734142,0 -48.5779088918245,-27.8942998633355,0 -48.577906861715,-27.8943030129619,0 -48.5779044698644,-27.8943059844059,0 -48.5779031260123,-27.8943074047458,0 -48.5779001131545,-27.8943100943207,0 -48.5778984292539,-27.8943113643951,0 -48.5778956572746,-27.8943131743118,0 -48.5778928584888,-27.8943147128067,0 -48.577890990327,-27.8943156007513,0 -48.5778872428891,-27.8943170685968,0 -48.5778815724703,-27.8943186017602,0 -48.5778777495457,-27.8943192565283,0 -48.5778699863977,-27.8943199047993,0 -48.5778587883168,-27.8943200961626,0 -48.5778531763633,-27.8943200063023,0 -48.5778447458687,-27.8943196146584,0 -48.5778321076251,-27.894318454032,0 -48.5778195350069,-27.8943165455897,0 -48.577813309127,-27.8943152994517,0 -48.5778044795914,-27.8943132040446,0 -48.5778001598298,-27.8943120095944,0 -48.5777937854197,-27.8943100294981,0 -48.5777844097247,-27.894306490432,0 -48.5777782568284,-27.8943036931179,0 -48.577775203724,-27.8943021508599,0 -48.5777706386258,-27.894299643052,0 -48.5777629160504,-27.8942948245591,0 -48.5777592871185,-27.8942922522569,0 -48.5777541859084,-27.8942881836655,0 -48.5777495510602,-27.8942837983539,0 -48.5777474297637,-27.8942814689903,0 -48.5777436213259,-27.8942765480479,0 -48.5777419531896,-27.894273938079,0 -48.5777397498067,-27.8942698119501,0 -48.5777387446325,-27.8942675203849,0 -48.5777371099043,-27.8942628540932,0 -48.5777362252293,-27.8942597165499,0 -48.5777347309461,-27.8942533923302,0 -48.5777336302729,-27.8942486539234,0 -48.5777316002513,-27.8942416704432,0 -48.5777302540114,-27.8942382725578,0 -48.5777182344242,-27.8942117322111,0 -48.5777119651701,-27.8941985480674,0 -48.5777051148563,-27.8941852088691,0 -48.5776906002813,-27.8941588686153,0 -48.5776836043467,-27.8941454998706,0 -48.5776803259358,-27.8941386844343,0 -48.5776753089164,-27.8941271915168,0 -48.577672294722,-27.8941194505732,0 -48.5776704093595,-27.8941142655085,0 -48.5776669657416,-27.8941038196254,0 -48.5776646311405,-27.894095928722,0 -48.5776605678295,-27.8940800220938,0 -48.5776572407225,-27.8940639841242,0 -48.5776553882431,-27.8940532324874,0 -48.577654288735,-27.8940460489382,0 -48.577652393502,-27.8940316513852,0 -48.5776519448749,-27.8940272763485,0 -48.5776513987205,-27.8940185142753,0 -48.5776511776302,-27.8940097402951,0 -48.5776510710593,-27.8939921800625,0 -48.5776506816107,-27.8939790266116,0 -48.5776501981549,-27.893972458577,0 -48.5776490882838,-27.8939625680948,0 -48.5776483675098,-27.8939576381112,0 -48.5776470671327,-27.8939502615849,0 -48.5776445223969,-27.893939226825,0 -48.5776434252511,-27.8939354990367,0 -48.5776406740626,-27.8939282506483,0 -48.5776372551186,-27.8939212609178,0 -48.5776346125962,-27.8939167030173,0 -48.5776327213693,-27.8939137014231,0 -48.5776285963444,-27.893907772615,0 -48.5776236837081,-27.8939013613014,0 -48.5776203126016,-27.8938972328112,0 -48.5776133095408,-27.8938893049754,0 -48.5776096856226,-27.8938854787862,0 -48.5776021756369,-27.8938780470393,0 -48.5775943320205,-27.8938708170438,0 -48.5775889152543,-27.8938660842467,0 -48.5775776191268,-27.8938566551251,0 -48.5775680713343,-27.8938489623019,0 -48.577563183588,-27.8938453573028,0 -48.5775581101616,-27.8938420739588,0 -48.5775554821573,-27.8938405931415,0 -48.577550004183,-27.893838051652,0 -48.5775471228283,-27.8938370086015,0 -48.5775426004725,-27.893835783046,0 -48.5775363992491,-27.8938346001115,0 -48.5775322597587,-27.8938339677968,0 -48.5775239652795,-27.8938330371766,0 -48.5775115099027,-27.8938322404556,0 -48.5774865562838,-27.8938314860925,0 -48.577476767686,-27.8938314312622,0 -48.577457173015,-27.8938321060571,0 -48.5774473809333,-27.8938320963219,0 -48.5774425041466,-27.893831839291,0 -48.5774387371187,-27.8938313489985,0 -48.5774368671394,-27.8938309553979,0 -48.577434120003,-27.8938301757429,0 -48.5774301564889,-27.8938285723098,0 -48.5774264460736,-27.8938264589622,0 -48.5774247273604,-27.8938252017512,0 -48.5774215924858,-27.8938223225711,0 -48.5774201971761,-27.8938206827951,0 -48.5774183658466,-27.8938179978097,0 -48.5774169394032,-27.8938151123259,0 -48.5774162612025,-27.8938131965874,0 -48.5774154609884,-27.8938093567175,0 -48.5774152906337,-27.8938074322869,0 -48.5774153171763,-27.8938035975938,0 -48.5774156966708,-27.8937997790204,0 -48.5774167679819,-27.8937921732493,0 -48.5774180324997,-27.893784742698,0 -48.5774214304239,-27.8937698875129,0 -48.5774228244376,-27.8937624592387,0 -48.5774232934373,-27.8937587408167,0 -48.5774235693433,-27.8937527274855,0 -48.5774234439504,-27.8937497029718,0 -48.5774228339406,-27.893745171448,0 -48.5774216355061,-27.8937406207651,0 -48.5774207823599,-27.893738350045,0 -48.5774201689787,-27.8937370583019,0 -48.5774185691511,-27.8937346659608,0 -48.5774171003686,-27.8937331245717,0 -48.5774154820695,-27.8937319230963,0 -48.5774146366718,-27.8937314748191,0 -48.577412126447,-27.8937307450391,0 -48.5774103012553,-27.8937306226255,0 -48.5774090402151,-27.8937306907664,0 -48.5774064179589,-27.8937311502066,0 -48.5774044062992,-27.8937317464976,0 -48.5774003461526,-27.8937334792311,0 -48.5773963850618,-27.8937357737808,0 -48.5773938885604,-27.8937375163889,0 -48.5773894894873,-27.893741246653,0 -48.5773867751734,-27.8937441132891,0 -48.5773851468698,-27.8937460875947,0 -48.5773822629198,-27.8937501694231,0 -48.5773797524553,-27.893754375121,0 -48.5773753560055,-27.893762995755,0 -48.5773720738831,-27.8937694529619,0 -48.577368316635,-27.8937757299911,0 -48.5773661288655,-27.8937787501731,0 -48.5773622749892,-27.8937830765323,0 -48.5773568691364,-27.8937882325068,0 -48.5773540328897,-27.8937906459646,0 -48.5773495830739,-27.8937938158112,0 -48.5773464580613,-27.893795502207,0 -48.5773448506323,-27.8937961777491,0 -48.5773423735604,-27.8937969646614,0 -48.5773382984933,-27.893797641966,0 -48.5773354726041,-27.8937977541794,0 -48.5773335526375,-27.8937976846185,0 -48.5773296522261,-27.8937972553093,0 -48.5773266914538,-27.8937966888758,0 -48.577320768119,-27.8937949964536,0 -48.5773149371361,-27.8937926921619,0 -48.577311190987,-27.8937909031031,0 -48.5773041817164,-27.8937869000693,0 -48.5772918014923,-27.8937787240057,0 -48.5772858516228,-27.893774550157,0 -48.5772772015798,-27.8937680731047,0 -48.5772688634027,-27.8937612584428,0 -48.5772647869434,-27.8937576858749,0 -48.5772616229167,-27.8937547522089,0 -48.577255572566,-27.8937487173875,0 -48.57723834181,-27.8937299809189,0 -48.5772293664476,-27.8937207732187,0 -48.5772245705231,-27.8937163305378,0 -48.5772167564265,-27.8937096969121,0 -48.5772127116291,-27.8937065395859,0 -48.5772064643742,-27.8937020537574,0 -48.5771999573201,-27.893697933438,0 -48.5771965874201,-27.893696033141,0 -48.5771895933847,-27.8936925987047,0 -48.5771859731819,-27.8936910828081,0 -48.5771803509971,-27.8936890889299,0 -48.5771753425778,-27.8936877017163,0 -48.5771719791846,-27.8936869839121,0 -48.5771651776815,-27.8936859528644,0 -48.5771548357839,-27.893685193282,0 -48.5771339730447,-27.8936848896938,0 -48.5771235933423,-27.8936844637265,0 -48.5771184527045,-27.8936840032369,0 -48.5771108338686,-27.8936828223365,0 -48.5770868270659,-27.8936777713772,0 -48.5770749274556,-27.8936749274824,0 -48.5770631141765,-27.8936717420113,0 -48.5770572350041,-27.8936699875737,0 -48.5770455489173,-27.8936661010788,0 -48.5770397395183,-27.8936639414421,0 -48.5770310723178,-27.893660405427,0 -48.5770219178121,-27.8936560397288,0 -48.5770175535717,-27.8936536439207,0 -48.5770112930692,-27.8936497531706,0 -48.57700537786,-27.8936454989654,0 -48.5770025523583,-27.8936432293489,0 -48.5769971684071,-27.8936383886169,0 -48.576994615534,-27.8936358175995,0 -48.5769909564016,-27.8936317649839,0 -48.5769872110438,-27.8936272146601,0 -48.5769802566137,-27.8936179973315,0 -48.5769738954474,-27.8936086098037,0 -48.5769699015406,-27.8936022509749,0 -48.5769623020684,-27.8935892686464,0 -48.5769572858582,-27.8935795798537,0 -48.5769483242656,-27.8935598245896,0 -48.5769435155494,-27.8935500315065,0 -48.5769408379977,-27.8935452113898,0 -48.5769354204391,-27.8935367606973,0 -48.5769324647787,-27.8935327661627,0 -48.5769303879519,-27.8935301671703,0 -48.5769259634179,-27.8935251087075,0 -48.5769211478013,-27.8935201876524,0 -48.5769176936386,-27.8935169509407,0 -48.5769101513047,-27.8935105291466,0 -48.5769070434117,-27.8935081647954,0 -48.5769006043593,-27.8935040814552,0 -48.5768939342811,-27.8935007969894,0 -48.5768894060375,-27.8934990299598,0 -48.5768863487698,-27.8934980377717,0 -48.5768802415188,-27.8934964775717,0 -48.5768754646194,-27.8934957442603,0 -48.5768730107295,-27.8934955744345,0 -48.5768692838647,-27.8934955634023,0 -48.5768635940881,-27.8934961307863,0 -48.576857868403,-27.893497419522,0 -48.5768550244167,-27.8934983442585,0 -48.5768493853461,-27.8935007530136,0 -48.5768466096719,-27.8935022560979,0 -48.5768425500649,-27.8935048826302,0 -48.576836831714,-27.8935093749863,0 -48.5768343429977,-27.8935116860559,0 -48.5768310944136,-27.8935152740782,0 -48.5768284638651,-27.89351902662,0 -48.5768274053536,-27.8935209657827,0 -48.5768257822318,-27.8935249882708,0 -48.5768252459144,-27.893527081456,0 -48.5768247995429,-27.8935303398779,0 -48.5768245843592,-27.8935380774528,0 -48.5768251835452,-27.8935535806248,0 -48.5768253684141,-27.8935613345985,0 -48.5768252921181,-27.8935652036611,0 -48.576824214407,-27.8935839436104,0 -48.5768233659692,-27.89359331227,0 -48.5768230279884,-27.8935961848971,0 -48.5768225614362,-27.8935975116167,0 -48.5768217181164,-27.8935984445585,0 -48.5768210908311,-27.8935986951131,0 -48.5768187774987,-27.8935990602971,0 -48.5768172339411,-27.8935991504481,0 -48.5768141280215,-27.8935989785143,0 -48.5768094672709,-27.893598039625,0 -48.5768063625255,-27.8935970917583,0 -48.5768001168755,-27.893594815948,0 -48.5767930598685,-27.8935924003035,0 -48.5767895264223,-27.893591553386,0 -48.5767518339016,-27.8935845109252,0 -48.5766976409856,-27.893575084948,0 -48.5766915743645,-27.8935737875932,0 -48.5766876066718,-27.8935727342274,0 -48.5766798453374,-27.8935702158709,0 -48.5766760490334,-27.8935687590941,0 -48.5766685769886,-27.8935654698725,0 -48.5766612748602,-27.8935617320557,0 -48.5766564835186,-27.8935590043542,0 -48.5766470395389,-27.8935530546485,0 -48.5766435883497,-27.8935506027472,0 -48.5766414040721,-27.8935489039269,0 -48.576637307214,-27.8935453579676,0 -48.5766317775596,-27.8935396577512,0 -48.5766284470469,-27.893535629081,0 -48.5766263438911,-27.8935328489876,0 -48.5766224129388,-27.8935270595919,0 -48.5766210229863,-27.8935247072814,0 -48.5766187328711,-27.8935198306426,0 -48.5766174790313,-27.8935164883433,0 -48.5766152517724,-27.8935097089986,0 -48.5766135588343,-27.8935046534198,0 -48.5766115644402,-27.8934997186511,0 -48.5766103812011,-27.8934973248184,0 -48.5766082747317,-27.8934938590299,0 -48.5766051219898,-27.8934894188002,0 -48.5765984686916,-27.8934808202446,0 -48.5765913432609,-27.8934725471147,0 -48.5765863344813,-27.8934671716175,0 -48.576575651015,-27.8934566798587,0 -48.5765679948343,-27.8934498050111,0 -48.5765640978434,-27.8934464971692,0 -48.5765581212178,-27.8934417181385,0 -48.5765488370285,-27.8934349682994,0 -48.576539041188,-27.8934287596203,0 -48.5765339387306,-27.8934258634311,0 -48.576529526324,-27.8934237107265,0 -48.5765265075321,-27.8934224664307,0 -48.576520268181,-27.89342035373,0 -48.5765138396816,-27.8934186347649,0 -48.5765007003381,-27.8934158229829,0 -48.5764908434031,-27.8934137187839,0 -48.5764844135061,-27.8934120625741,0 -48.5764812662133,-27.8934111051405,0 -48.5764766416123,-27.8934094625157,0 -48.5764721657207,-27.8934075163109,0 -48.5764699966881,-27.893406413076,0 -48.5764570659549,-27.8933992471756,0 -48.576450707905,-27.8933955353188,0 -48.5764413123967,-27.8933897758977,0 -48.5764275923639,-27.8933806741242,0 -48.5764187272458,-27.8933742560187,0 -48.5764143915867,-27.8933709404556,0 -48.576408018625,-27.8933658119034,0 -48.5763964518726,-27.8933556834824,0 -48.5763743332632,-27.8933347219584,0 -48.5763630171784,-27.893324471281,0 -48.5763571352687,-27.8933195314485,0 -48.5763406611794,-27.8933064023209,0 -48.5763322713042,-27.8932999925713,0 -48.5763194214773,-27.8932906714941,0 -48.576306132634,-27.8932818030873,0 -48.5762992887273,-27.8932775589491,0 -48.576294499015,-27.8932747591213,0 -48.5762847642746,-27.8932694535665,0 -48.5762748522997,-27.8932644521901,0 -48.5762548369337,-27.8932548337689,0 -48.5762509189911,-27.893253022936,0 -48.576242937863,-27.8932496883891,0 -48.5762185055512,-27.8932405969341,0 -48.5762104133453,-27.8932373237629,0 -48.5762064188073,-27.8932355567396,0 -48.5762005139957,-27.8932326739579,0 -48.5761972344,-27.8932308115735,0 -48.5761951504982,-27.8932294487948,0 -48.5761912380367,-27.8932264744024,0 -48.5761893950176,-27.8932248718963,0 -48.5761859676096,-27.8932214373819,0 -48.5761828407741,-27.8932177548283,0 -48.5761809178464,-27.8932151767068,0 -48.576177443394,-27.8932097648593,0 -48.576175510204,-27.8932062844909,0 -48.5761720614208,-27.8931992760302,0 -48.5761690811946,-27.8931921860473,0 -48.5761639281645,-27.8931777939447,0 -48.5761633219795,-27.8931757351815,0 -48.5761624736751,-27.8931715243818,0 -48.5761607181964,-27.8931587081665,0 -48.5761596398682,-27.8931545836364,0 -48.5761588742751,-27.8931525854004,0 -48.5761573749573,-27.8931496898117,0 -48.5761523172744,-27.8931419492332,0 -48.5761487532044,-27.8931369152489,0 -48.5761412231309,-27.8931271100571,0 -48.5761372957386,-27.8931223307175,0 -48.5761291696574,-27.8931129302755,0 -48.5761208043027,-27.8931036974453,0 -48.5761038356045,-27.8930854253018,0 -48.5760913769115,-27.8930715726698,0 -48.5760853720873,-27.8930645010609,0 -48.5760768080914,-27.8930536131481,0 -48.5760608925002,-27.8930322827015,0 -48.5760534722103,-27.8930213069713,0 -48.5760484105726,-27.8930128267138,0 -48.5760389849958,-27.8929955711771,0 -48.5760317777263,-27.8929826860208,0 -48.5760196426061,-27.8929626044664,0 -48.5760133029343,-27.8929527029122,0 -48.5760032174496,-27.8929380797302,0 -48.5759990553859,-27.8929325390291,0 -48.5759901742916,-27.8929218349771,0 -48.5759806346658,-27.8929116155289,0 -48.5759739254985,-27.8929050822343,0 -48.5759693179267,-27.8929008416344,0 -48.5759597714778,-27.8928926525397,0 -48.5759338173028,-27.8928715601307,0 -48.5758815952706,-27.8928297679445,0 -48.5758424863648,-27.8927983566561,0 -48.5758240027222,-27.8927832613153,0 -48.5758148361232,-27.8927754396117,0 -48.5758132761,-27.8927739054128,0 -48.5758106927898,-27.8927704218607,0 -48.5758087676687,-27.8927665803629,0 -48.5758077912284,-27.8927639197636,0 -48.5758064261776,-27.8927586441545,0 -48.5758061515038,-27.8927562844771,0 -48.5758061705933,-27.8927550666382,0 -48.5758063945931,-27.8927532207386,0 -48.5758072256457,-27.8927504746435,0 -48.5758086854636,-27.8927478563636,0 -48.575809667176,-27.8927466378409,0 -48.5758110500491,-27.8927451912233,0 -48.5758139016968,-27.8927426431439,0 -48.5758168853472,-27.8927404575528,0 -48.57582333769,-27.8927366555302,0 -48.5758286056946,-27.8927340414798,0 -48.5758393423884,-27.8927293758821,0 -48.5758446461934,-27.8927268797626,0 -48.5758472379312,-27.892725508386,0 -48.5758531646036,-27.8927219587002,0 -48.5758559511717,-27.8927200499526,0 -48.57585994126,-27.8927168990493,0 -48.5758637912172,-27.8927132219531,0 -48.5758656834163,-27.8927111438192,0 -48.5758667703612,-27.8927097646877,0 -48.5758684603355,-27.8927069428385,0 -48.5758692496199,-27.8927047913276,0 -48.5758696328736,-27.8927026414835,0 -48.5758696662983,-27.8927015869076,0 -48.575869217839,-27.8926983755252,0 -48.5758687077586,-27.8926967606737,0 -48.5758675423157,-27.89269437596,0 -48.5758658936746,-27.8926921457546,0 -48.5758648727952,-27.8926911172346,0 -48.5758625198038,-27.8926890635295,0 -48.5758577874532,-27.8926854160502,0 -48.5758546084697,-27.892683239871,0 -48.5758481905551,-27.8926791298722,0 -48.5758433230217,-27.8926759855673,0 -48.5758296345503,-27.8926669200914,0 -48.5758225400971,-27.89266254541,0 -48.5758186895177,-27.8926604389176,0 -48.5758160470396,-27.8926591648822,0 -48.5758106335688,-27.8926569042243,0 -48.5758022046892,-27.892654166457,0 -48.5757964381453,-27.8926527295085,0 -48.5757925540853,-27.8926519303671,0 -48.5757847227471,-27.892650637718,0 -48.5757806030073,-27.8926501230021,0 -48.5757723494903,-27.8926494452278,0 -48.575764062698,-27.8926490923382,0 -48.5757474656289,-27.8926487727439,0 -48.5757350339255,-27.8926482835824,0 -48.5757288423006,-27.8926477863754,0 -48.5757164524027,-27.8926464228666,0 -48.5757102849254,-27.8926455653675,0 -48.5757011024833,-27.8926439328292,0 -48.5756919696487,-27.8926416876703,0 -48.5756874332158,-27.8926402905377,0 -48.575682710054,-27.8926385112292,0 -48.5756796831665,-27.8926371588341,0 -48.5756739333752,-27.8926340529677,0 -48.5756711995333,-27.8926323174774,0 -48.575666013963,-27.8926285089185,0 -48.5756611924647,-27.8926243008915,0 -48.5756581827511,-27.8926212884018,0 -48.5756525982383,-27.8926148558391,0 -48.5756496375878,-27.8926110049278,0 -48.5756441536719,-27.8926032573829,0 -48.5756391494699,-27.8925954004274,0 -48.5756360080418,-27.8925900941073,0 -48.5756300955759,-27.8925792434689,0 -48.5756261485033,-27.8925709001134,0 -48.5756191829357,-27.8925539048233,0 -48.5756153279512,-27.8925455179298,0 -48.5756131265586,-27.892541418791,0 -48.5756077524315,-27.892532833892,0 -48.5756047550585,-27.8925287119341,0 -48.5755998082343,-27.8925228413034,0 -48.5755942542988,-27.8925174286444,0 -48.5755912310419,-27.8925149126572,0 -48.5755805769322,-27.8925068659552,0 -48.5755733698736,-27.8925017045157,0 -48.5755586626829,-27.8924916826739,0 -48.5755098533659,-27.8924600020103,0 -48.5754959413732,-27.8924504000314,0 -48.5754892399525,-27.8924453289917,0 -48.5754827767156,-27.8924399724692,0 -48.5754796529135,-27.8924371567752,0 -48.5754770389917,-27.8924346022804,0 -48.575472212284,-27.8924292662979,0 -48.5754677745415,-27.8924236931953,0 -48.5754593903969,-27.8924122219054,0 -48.5754544545088,-27.892404943843,0 -48.5754453103106,-27.8923900034593,0 -48.5754404472853,-27.8923826545355,0 -48.5754377972218,-27.8923790800364,0 -48.5754331799916,-27.892373467427,0 -48.5754307398721,-27.8923707628924,0 -48.5754268869867,-27.8923668423044,0 -48.5754207051576,-27.892361346996,0 -48.5754139782372,-27.8923564192401,0 -48.5754104023044,-27.8923541997183,0 -48.5753729924992,-27.892333221709,0 -48.575349781955,-27.8923198026425,0 -48.5753382543532,-27.8923129317395,0 -48.5753304880606,-27.8923078056042,0 -48.5753267754577,-27.8923049883555,0 -48.5753215019143,-27.8923004562532,0 -48.5753166980188,-27.8922955711495,0 -48.5753144987892,-27.8922929881543,0 -48.5753106101153,-27.8922875871707,0 -48.5753089266399,-27.8922847516647,0 -48.5753068008748,-27.8922803471062,0 -48.5753031563302,-27.8922715304988,0 -48.5752961984609,-27.8922538315206,0 -48.5752895567453,-27.8922360753254,0 -48.5752766725335,-27.8922005055273,0 -48.5752667850869,-27.8921739215689,0 -48.575261593878,-27.8921606929711,0 -48.5752453947434,-27.8921207615645,0 -48.5752428578614,-27.892113751511,0 -48.5752384547979,-27.8920995350395,0 -48.57523494424,-27.8920889072948,0 -48.5752317766582,-27.8920805776492,0 -48.575230011873,-27.8920764685669,0 -48.5752269877897,-27.8920704599436,0 -48.5752233366662,-27.8920647745661,0 -48.5752212111141,-27.8920620843762,0 -48.5752019544962,-27.8920398557528,0 -48.5751626953394,-27.8919961618734,0 -48.5751333265549,-27.8919633523104,0 -48.5751100154407,-27.8919370464336,0 -48.5750984772281,-27.8919230926215,0 -48.5750960636096,-27.891919756331,0 -48.5750946223072,-27.8919174576236,0 -48.5750921260458,-27.8919127128097,0 -48.5750910731601,-27.8919102849132,0 -48.5750893677854,-27.8919053464017,0 -48.5750881787071,-27.8919003811816,0 -48.5750876833257,-27.8918970792056,0 -48.5750873805943,-27.8918906134769,0 -48.5750876323559,-27.891887522908,0 -48.5750879929649,-27.891885471796,0 -48.5750891098794,-27.8918813864496,0 -48.575089854014,-27.8918793420882,0 -48.5750917035097,-27.8918752872592,0 -48.5750939544989,-27.891871239497,0 -48.5750956621012,-27.8918685446313,0 -48.5750994757193,-27.8918631888974,0 -48.5751053359319,-27.8918559747377,0 -48.5751083934886,-27.8918527534718,0 -48.5751133417781,-27.8918484370768,0 -48.5751169937103,-27.8918458849239,0 -48.5751189616287,-27.8918447195608,0 -48.5751220951275,-27.8918430961448,0 -48.5751351030278,-27.8918372259664,0 -48.5751438051724,-27.8918336254823,0 -48.5751496115655,-27.8918313546639,0 -48.5751612757376,-27.8918270936924,0 -48.5751700652185,-27.8918241352217,0 -48.5751877621969,-27.8918187352712,0 -48.5752056536642,-27.8918139252496,0 -48.5752177106101,-27.8918109796775,0 -48.5752421862134,-27.8918055453786,0 -48.5752663923781,-27.8918002693438,0 -48.5752785229837,-27.8917982177665,0 -48.5752866354958,-27.8917973769761,0 -48.5752907124297,-27.8917971689686,0 -48.5752968462869,-27.891797168985,0 -48.5753080030251,-27.8917977078857,0 -48.575330332663,-27.8917992562768,0 -48.5753398094668,-27.8918000817172,0 -48.5753587242714,-27.8918021108028,0 -48.575368184655,-27.8918027553187,0 -48.5753729146153,-27.8918028655483,0 -48.5753746866845,-27.8918026445096,0 -48.575375769686,-27.8918022483331,0 -48.5753777274184,-27.8918009836587,0 -48.5753786013516,-27.8918001509431,0 -48.5753801784588,-27.8917981933829,0 -48.5753815154188,-27.8917959700081,0 -48.5753836091401,-27.8917914414548,0 -48.5753842464155,-27.8917896303649,0 -48.5753850529319,-27.8917858997183,0 -48.5753852288086,-27.8917833766982,0 -48.5753850394711,-27.8917800255885,0 -48.5753847532633,-27.8917783783286,0 -48.5753836732346,-27.8917748044757,0 -48.5753794235807,-27.8917649942,0 -48.5753770654354,-27.8917601703162,0 -48.5753731086263,-27.8917530719431,0 -48.5753686041984,-27.8917461263921,0 -48.575366111004,-27.891742717113,0 -48.5753531809702,-27.8917263294617,0 -48.5753466059542,-27.8917184266784,0 -48.575336515685,-27.8917068625749,0 -48.5753260829916,-27.8916956168134,0 -48.5753207120117,-27.8916900906144,0 -48.5753096017041,-27.8916791848308,0 -48.5753038394516,-27.8916738048427,0 -48.5752949111796,-27.8916657802363,0 -48.5752844300423,-27.8916570690968,0 -48.5752789953352,-27.8916530391602,0 -48.5752733532297,-27.8916493040591,0 -48.5752704370448,-27.8916475471793,0 -48.5752643859096,-27.8916443098816,0 -48.5752612377638,-27.8916428374921,0 -48.5752563290476,-27.891640820302,0 -48.575251281272,-27.8916390352675,0 -48.5752411090412,-27.8916360409943,0 -48.5752308258687,-27.8916336857964,0 -48.5752239167495,-27.8916323730033,0 -48.5752099855533,-27.8916301155063,0 -48.5751971093256,-27.8916286079214,0 -48.5751712149137,-27.8916268166846,0 -48.5751582934362,-27.8916256150461,0 -48.5751518542322,-27.8916247433799,0 -48.5751387014618,-27.8916225452859,0 -48.5751321790039,-27.8916212932636,0 -48.5751224744855,-27.8916192004688,0 -48.5751128707548,-27.891616785078,0 -48.5751081173567,-27.8916154468906,0 -48.5750987010176,-27.8916124664626,0 -48.5750940564742,-27.8916108052708,0 -48.5750871399002,-27.8916081034446,0 -48.5750780804247,-27.8916040460463,0 -48.5750736110776,-27.8916018107916,0 -48.5750669996148,-27.8915981847332,0 -48.5750572831898,-27.8915920671224,0 -48.5750549870329,-27.8915903850344,0 -48.5750509425169,-27.8915867766222,0 -48.5750474463634,-27.8915828986511,0 -48.5750411123413,-27.8915745578748,0 -48.5750324632367,-27.8915629376125,0 -48.5750283498539,-27.8915571361545,0 -48.5750245292739,-27.8915512126359,0 -48.5750227686763,-27.891548195136,0 -48.5750195970105,-27.8915419680322,0 -48.5750182289024,-27.8915387498224,0 -48.5750164795209,-27.8915337560152,0 -48.575015335345,-27.8915296126962,0 -48.5750137099641,-27.8915213371771,0 -48.5750128103104,-27.8915130380851,0 -48.5750125153639,-27.8915075020948,0 -48.5750123891127,-27.8914964019282,0 -48.5750127072596,-27.8914876099071,0 -48.5750139298663,-27.8914700279243,0 -48.575014229413,-27.8914612361264,0 -48.5750141730755,-27.8914568410052,0 -48.5750131601306,-27.8914394179287,0 -48.5750122978159,-27.8914307229814,0 -48.575010509104,-27.8914176803794,0 -48.5750082306354,-27.8914041693124,0 -48.5750031027584,-27.8913772896757,0 -48.5749973512588,-27.891350580246,0 -48.5749932075874,-27.8913328223007,0 -48.574984392563,-27.8912973158457,0 -48.5749774850882,-27.891271885197,0 -48.574973766018,-27.8912592414757,0 -48.5749678393562,-27.8912403881701,0 -48.5749615017871,-27.8912216443824,0 -48.5749581781341,-27.8912123102397,0 -48.5749512196435,-27.8911937267934,0 -48.5749475874807,-27.8911844687254,0 -48.5749419325501,-27.8911706360853,0 -48.5749387502942,-27.8911636058558,0 -48.5749364055384,-27.8911590168045,0 -48.5749312944066,-27.8911500394493,0 -48.5749228020479,-27.8911369509894,0 -48.5749046290352,-27.8911112229085,0 -48.5748958915052,-27.8910980943352,0 -48.574891829238,-27.8910913636215,0 -48.5748862724078,-27.8910809708001,0 -48.5748804355754,-27.8910689308271,0 -48.5748777685585,-27.8910628387168,0 -48.5748754908134,-27.891056690127,0 -48.5748745546374,-27.8910535874587,0 -48.5748731485574,-27.8910473192881,0 -48.5748727418755,-27.8910441537972,0 -48.5748725461036,-27.8910393685205,0 -48.5748729413025,-27.8910216453104,0 -48.5748742674184,-27.8909862182332,0 -48.5748760311451,-27.890947288071,0 -48.5748759924326,-27.8909426586568,0 -48.574875754516,-27.8909395688305,0 -48.5748748270425,-27.8909334351977,0 -48.5748741412031,-27.8909303914565,0 -48.5748723383303,-27.8909243503538,0 -48.5748700111536,-27.8909184173235,0 -48.5748681905714,-27.8909145324964,0 -48.5748639421211,-27.8909069509593,0 -48.5748564627974,-27.8908952427894,0 -48.5748513855184,-27.8908875833304,0 -48.5748410374161,-27.890872549578,0 -48.5748251076924,-27.8908505149498,0 -48.5747924628031,-27.8908070635287,0 -48.5747872196507,-27.8908003665455,0 -48.5747763423327,-27.8907872184722,0 -48.57476837064,-27.8907771890117,0 -48.5747666428945,-27.8907745058188,0 -48.5747659043019,-27.8907730218658,0 -48.5747650319877,-27.8907706968248,0 -48.5747645462751,-27.8907683516045,0 -48.5747644801223,-27.8907672044087,0 -48.5747647404778,-27.8907650072461,0 -48.5747651085162,-27.8907639849952,0 -48.5747659742618,-27.890762601978,0 -48.5747715307465,-27.8907566094692,0 -48.574775586078,-27.8907528099033,0 -48.5747840578624,-27.8907454159351,0 -48.5747870377841,-27.8907429510878,0 -48.5747932235563,-27.8907383409279,0 -48.5747974626038,-27.8907354196764,0 -48.5748059799523,-27.890729623573,0 -48.5748122157185,-27.8907250506392,0 -48.5748181465934,-27.8907200301164,0 -48.5748209478993,-27.890717264189,0 -48.5748248873371,-27.890712741149,0 -48.5748270834688,-27.8907095405205,0 -48.5748282795888,-27.8907073510185,0 -48.5748300864593,-27.8907028444086,0 -48.5748307470033,-27.8907005458001,0 -48.5748317245674,-27.890695871494,0 -48.5748334231698,-27.890681626944,0 -48.5748353298864,-27.890666610655,0 -48.5748359059312,-27.890659095318,0 -48.5748359107269,-27.890651597461,0 -48.5748356282271,-27.890647866372,0 -48.5748326443569,-27.8906227393873,0 -48.5748302444377,-27.8906060315006,0 -48.5748284717735,-27.8905949111633,0 -48.574824528907,-27.8905727086492,0 -48.5748212234178,-27.8905560845005,0 -48.574818867967,-27.8905450265983,0 -48.5748138058068,-27.8905229304941,0 -48.5748110988764,-27.890511902201,0 -48.5748053546019,-27.8904898755946,0 -48.5747992033007,-27.8904678957929,0 -48.5747948785713,-27.8904532566409,0 -48.5747857281253,-27.8904240416609,0 -48.5747788745294,-27.8904039538574,0 -48.574773981485,-27.8903907574785,0 -48.5747705510419,-27.8903820167719,0 -48.5747633221741,-27.8903646379218,0 -48.5747557291017,-27.8903481095677,0 -48.5747502843871,-27.8903372495093,0 -48.5747464922045,-27.890330054891,0 -48.5747386272611,-27.8903157956394,0 -48.5747262307438,-27.8902946173259,0 -48.5747005013613,-27.890252641276,0 -48.574687819733,-27.8902316022269,0 -48.5746816579401,-27.8902210181159,0 -48.5746737186988,-27.8902068115231,0 -48.5746699052689,-27.8901996528759,0 -48.5746643908018,-27.8901888361944,0 -48.5746566937257,-27.8901724144951,0 -48.5746519958766,-27.8901613059931,0 -48.5746497853984,-27.8901556999342,0 -48.5746466839095,-27.8901472177926,0 -48.574644850044,-27.8901411221722,0 -48.5746421101145,-27.8901287396459,0 -48.57463980782,-27.8901194961711,0 -48.5746349146305,-27.8901039449419,0 -48.5746323148218,-27.8900962024263,0 -48.5746281644335,-27.890084670151,0 -48.5746255021526,-27.8900788397084,0 -48.5746190506156,-27.8900675742203,0 -48.5746162138772,-27.8900618122989,0 -48.5746150921036,-27.8900588335764,0 -48.5746131637574,-27.8900518606605,0 -48.5746102930634,-27.8900376986847,0 -48.574608690985,-27.8900306593693,0 -48.5746077124514,-27.8900271776149,0 -48.5745970222753,-27.8899938844829,0 -48.574586436502,-27.8899562712019,0 -48.5745797040589,-27.8899311145688,0 -48.5745665415052,-27.8898807245682,0 -48.5745565176112,-27.8898429587169,0 -48.5745513405672,-27.8898240998695,0 -48.574549374924,-27.8898176324005,0 -48.5745447547889,-27.8898048466941,0 -48.5745427042209,-27.8898007144001,0 -48.5745409420671,-27.8897981297274,0 -48.5745396100469,-27.8897964910399,0 -48.5745366224745,-27.8897933797913,0 -48.5745326659604,-27.8897900256929,0 -48.5745298669827,-27.8897880186372,0 -48.5745239650974,-27.8897844590195,0 -48.5745208826178,-27.8897828798321,0 -48.5745145065389,-27.8897799886907,0 -48.5744946027529,-27.8897722394735,0 -48.574488015877,-27.8897694343859,0 -48.5744847902999,-27.889767907199,0 -48.5744800629306,-27.8897654057979,0 -48.5744755133847,-27.8897625737959,0 -48.5744733158768,-27.889761028361,0 -48.5744695659261,-27.8897584175034,0 -48.5744680138629,-27.8897569737484,0 -48.5744673550465,-27.8897559152467,0 -48.574467184732,-27.8897553532758,0 -48.5744671662308,-27.8897544596955,0 -48.5744682800852,-27.8897490382726,0 -48.5744714794685,-27.8897381767368,0 -48.5744816335612,-27.8897031754798,0 -48.5744872610663,-27.8896857971622,0 -48.57449107545,-27.8896759575597,0 -48.5744939705923,-27.8896695387662,0 -48.5744960328769,-27.8896653076067,0 -48.5745004532825,-27.8896569760582,0 -48.574503994583,-27.8896508214166,0 -48.5745115568186,-27.8896386835878,0 -48.5745195718622,-27.8896267250014,0 -48.5745361449668,-27.8896029440502,0 -48.5745482360307,-27.8895848942024,0 -48.5745539274604,-27.8895756829615,0 -48.5745592648189,-27.8895663118385,0 -48.5745617778258,-27.8895615472627,0 -48.5745658850296,-27.889552695833,0 -48.5745676303533,-27.8895481969535,0 -48.5745698145695,-27.889541332783,0 -48.5745706091476,-27.8895380265294,0 -48.574571602617,-27.8895312768717,0 -48.5745717858358,-27.8895244226333,0 -48.5745714791063,-27.8895198606438,0 -48.5745705393243,-27.8895138352828,0 -48.5745698516947,-27.8895108724635,0 -48.5745682818363,-27.8895052237115,0 -48.5745646938521,-27.8894940714139,0 -48.5745604989952,-27.8894830890661,0 -48.5745573801089,-27.8894758605877,0 -48.5745551610478,-27.8894710848499,0 -48.5745503985316,-27.8894615992562,0 -48.5745456538748,-27.8894529527108,0 -48.5745423601638,-27.8894472824224,0 -48.5745354808102,-27.8894361085283,0 -48.5745283328851,-27.8894251099885,0 -48.5745136359068,-27.8894033679851,0 -48.5745026874497,-27.8893870245148,0 -48.5744921898902,-27.8893704180315,0 -48.5744872220819,-27.889361939378,0 -48.5744802615259,-27.8893489318336,0 -48.5744767344775,-27.8893412456858,0 -48.5744751989179,-27.8893373388875,0 -48.5744732086426,-27.8893314205944,0 -48.5744716142034,-27.8893254013305,0 -48.574470971329,-27.8893223495327,0 -48.5744704606327,-27.8893192906998,0 -48.5744698772432,-27.8893131267753,0 -48.5744697178175,-27.8893089914271,0 -48.5744696785904,-27.889300716842,0 -48.5744696546405,-27.8892945087967,0 -48.5744691402439,-27.8892852510863,0 -48.5744684710497,-27.8892806557306,0 -48.5744658365091,-27.889267634579,0 -48.5744643235727,-27.8892611569054,0 -48.5744617870821,-27.8892514935177,0 -48.5744588654552,-27.8892418960437,0 -48.57445723501,-27.8892371301165,0 -48.5744558168203,-27.8892333245125,0 -48.5744526428514,-27.8892258428364,0 -48.5744421271699,-27.889203768564,0 -48.5744388906618,-27.8891963397563,0 -48.5744374186063,-27.8891925871737,0 -48.5744354559125,-27.8891868775348,0 -48.5744315935237,-27.8891733837331,0 -48.5744246743011,-27.8891462109539,0 -48.5744209626617,-27.8891326834591,0 -48.5744189190281,-27.8891259618388,0 -48.5743891738891,-27.8890350289064,0 -48.5743817157255,-27.8890110952863,0 -48.5743782775872,-27.8889990617304,0 -48.5743774320557,-27.8889955366072,0 -48.5743764028264,-27.8889884087974,0 -48.5743760051084,-27.8889812012383,0 -48.5743760239148,-27.8889666837042,0 -48.5743756874026,-27.8889558144382,0 -48.5743750770043,-27.8889504171795,0 -48.5743728884883,-27.8889355176909,0 -48.5743716244645,-27.8889280790009,0 -48.5743700502979,-27.8889207064432,0 -48.5743691181514,-27.8889170630442,0 -48.5743668495587,-27.8889098677056,0 -48.5743654883354,-27.8889063428654,0 -48.5743630957755,-27.8889011488339,0 -48.5743444993359,-27.8888651903768,0 -48.5743066573614,-27.888793893144,0 -48.5742954169458,-27.8887729967418,0 -48.5742950443783,-27.8887719432792,0 -48.5742949888175,-27.8887712384913,0 -48.5742952620265,-27.8887698268706,0 -48.5742964891648,-27.888767718873,0 -48.5742976880131,-27.888766323549,0 -48.5743005908868,-27.8887635594181,0 -48.574305082588,-27.8887598672242,0 -48.5743073519535,-27.888758300752,0 -48.5743107670533,-27.8887563309541,0 -48.5743142330429,-27.8887548307079,0 -48.5743159823524,-27.8887542661865,0 -48.5743195433647,-27.8887535077697,0 -48.574321342271,-27.8887533318225,0 -48.5743240970445,-27.8887533175414,0 -48.5743272191772,-27.8887535619538,0 -48.5743335137187,-27.888754547855,0 -48.5743398261463,-27.8887560935939,0 -48.5743440116508,-27.8887573766457,0 -48.5743522408761,-27.8887604083577,0 -48.5743681289291,-27.8887665349828,0 -48.5743757303225,-27.8887699262692,0 -48.5743805136956,-27.8887725547711,0 -48.5743827984887,-27.8887740207887,0 -48.5743860629827,-27.8887764419165,0 -48.574413451344,-27.8887997610142,0 -48.5744355551689,-27.8888181330984,0 -48.5744467565527,-27.8888272176862,0 -48.5744509493791,-27.8888303683277,0 -48.5744538530035,-27.8888323232565,0 -48.5744598649482,-27.8888359481447,0 -48.574469343283,-27.8888408065232,0 -48.5744759186369,-27.8888437645045,0 -48.574489451197,-27.8888493171102,0 -48.5744924139997,-27.8888504249838,0 -48.5744983730847,-27.8888523345738,0 -48.5745043986771,-27.8888539022408,0 -48.5745165824594,-27.8888563724457,0 -48.5745238809358,-27.8888574217212,0 -48.5745275799477,-27.8888577572395,0 -48.574533170017,-27.8888580092975,0 -48.5745416015537,-27.8888577782882,0 -48.5745500239473,-27.8888567898885,0 -48.574554203062,-27.8888559971886,0 -48.574559641929,-27.8888544688858,0 -48.5745622335864,-27.8888534587949,0 -48.5745659377104,-27.8888516471765,0 -48.5745693985252,-27.8888494617472,0 -48.5745710429516,-27.888848236174,0 -48.5745741201353,-27.8888454932792,0 -48.5745755551744,-27.888843984809,0 -48.5745775695738,-27.8888415387628,0 -48.5745793144693,-27.8888387817763,0 -48.5745801821571,-27.8888368662552,0 -48.5745812937728,-27.8888329063799,0 -48.5745815645444,-27.8888308812226,0 -48.5745815844024,-27.8888267941886,0 -48.5745809925648,-27.8888227321826,0 -48.5745803224659,-27.8888200951426,0 -48.5745784415629,-27.888815081393,0 -48.5745736530853,-27.8888049543148,0 -48.5745710128027,-27.8887999453705,0 -48.5745665454813,-27.8887926215622,0 -48.5745631361105,-27.8887879416214,0 -48.5745612669771,-27.8887856799861,0 -48.5745582508332,-27.8887824057759,0 -48.5745475892558,-27.8887718779218,0 -48.5745421902205,-27.8887668116,0 -48.5745339024657,-27.8887594833161,0 -48.5745252873475,-27.8887524653774,0 -48.5745208137178,-27.8887490658295,0 -48.5744811066532,-27.8887207662293,0 -48.5744678666364,-27.8887112123447,0 -48.5744614354749,-27.8887062357893,0 -48.5744552713174,-27.888700876233,0 -48.5744523374171,-27.8886979999811,0 -48.5744504555509,-27.8886958647839,0 -48.5744493516243,-27.8886943655867,0 -48.5744474326276,-27.8886912549759,0 -48.5744450928993,-27.8886863322753,0 -48.5744411350568,-27.8886762021937,0 -48.5744392817564,-27.8886710628154,0 -48.5744361531317,-27.8886606312233,0 -48.5744342362304,-27.8886555088988,0 -48.5744330429156,-27.8886530151943,0 -48.5744310319055,-27.8886493891492,0 -48.5744264729164,-27.8886424244393,0 -48.5744213813013,-27.8886357747217,0 -48.5744103668729,-27.8886229491341,0 -48.5744074321521,-27.8886197484976,0 -48.5744012111957,-27.8886136565938,0 -48.5743814192206,-27.8885963451249,0 -48.5743749936361,-27.8885903129495,0 -48.5743719158203,-27.8885871643135,0 -48.5743675077577,-27.8885821870245,0 -48.5743641079829,-27.8885779946284,0 -48.5743576051361,-27.8885695071199,0 -48.5743514908916,-27.8885608816155,0 -48.5743476198937,-27.8885550568737,0 -48.5743403790175,-27.8885432267673,0 -48.574335340091,-27.8885342148699,0 -48.5743321653358,-27.8885281314352,0 -48.574326235167,-27.8885158100392,0 -48.5743234679815,-27.8885095718706,0 -48.5743182984545,-27.8884969389458,0 -48.5743135986449,-27.8884841160344,0 -48.574310704257,-27.8884754662618,0 -48.5743054293609,-27.8884579141755,0 -48.5743045230448,-27.8884542800423,0 -48.5743033477171,-27.8884469778377,0 -48.574302869369,-27.8884396339342,0 -48.5743028891681,-27.8884347439616,0 -48.5743035527086,-27.8884250289711,0 -48.5743048967995,-27.8884157588218,0 -48.5743059613656,-27.8884111851782,0 -48.5743073826251,-27.8884066536107,0 -48.5743082474292,-27.888404394947,0 -48.5743103576853,-27.8883999294796,0 -48.5743116033337,-27.8883977138679,0 -48.5743137607458,-27.8883944134354,0 -48.5743163662249,-27.888390976605,0 -48.5743181910097,-27.8883888339705,0 -48.5743220670974,-27.8883848693486,0 -48.5743241085119,-27.8883830460858,0 -48.5743284258832,-27.8883796939145,0 -48.5743330642166,-27.8883767075593,0 -48.5743363111032,-27.8883749148814,0 -48.5743432563703,-27.888371762073,0 -48.5743469869266,-27.8883703210035,0 -48.5743544473966,-27.8883677455995,0 -48.5743619588929,-27.8883655224476,0 -48.5743670067121,-27.8883642130587,0 -48.5743772539378,-27.8883619119562,0 -48.5743875011462,-27.8883599451348,0 -48.5744081018627,-27.8883565811449,0 -48.5744218743991,-27.8883546493993,0 -48.5744495025371,-27.8883511745168,0 -48.5744702455942,-27.8883485983384,0 -48.5744909647364,-27.8883457326121,0 -48.5745012978491,-27.8883441103878,0 -48.5745167749321,-27.8883413418194,0 -48.5745268067997,-27.8883391365932,0 -48.5745316513556,-27.8883377421145,0 -48.5745364118629,-27.8883360030624,0 -48.5745387600172,-27.8883349886848,0 -48.5745434222173,-27.8883325716277,0 -48.5745457408088,-27.8883311596661,0 -48.5745491946531,-27.8883287301483,0 -48.5745507268753,-27.8883274216451,0 -48.5745516337578,-27.8883264722119,0 -48.5745531717367,-27.8883244330153,0 -48.5745543168366,-27.8883222789629,0 -48.5745551927895,-27.8883193254952,0 -48.5745553391603,-27.8883178758446,0 -48.5745551700126,-27.8883157884224,0 -48.5745549199457,-27.8883148004487,0 -48.5745531944058,-27.8883105747491,0 -48.5745520965066,-27.8883084439923,0 -48.5745501566201,-27.8883052696833,0 -48.5745466031606,-27.888300686885,0 -48.574543820675,-27.8882978584591,0 -48.5745423170164,-27.8882965240479,0 -48.5745399132412,-27.8882946682375,0 -48.5745345524467,-27.8882909733114,0 -48.5745238066448,-27.8882842246117,0 -48.5745129757225,-27.8882780967172,0 -48.5744907061243,-27.8882666067304,0 -48.5744667120802,-27.8882547614622,0 -48.5744546433224,-27.8882490539934,0 -48.5744364265733,-27.8882407931292,0 -48.5744180285273,-27.8882329354963,0 -48.5744087373962,-27.888229162561,0 -48.5744035797224,-27.8882273937412,0 -48.5744000662551,-27.8882264656168,0 -48.5743928843237,-27.8882251116419,0 -48.5743855323229,-27.8882242965729,0 -48.5743705095633,-27.8882235359033,0 -48.5743591675634,-27.8882230388399,0 -48.5743516564603,-27.8882224098623,0 -48.574347940045,-27.8882219385588,0 -48.5743424274286,-27.8882209664257,0 -48.5743370042256,-27.8882196257883,0 -48.5743343315672,-27.8882187934197,0 -48.5743276337951,-27.8882162127186,0 -48.5743244500207,-27.8882147308735,0 -48.5743198749376,-27.8882122409621,0 -48.5743155003727,-27.8882094032267,0 -48.5743133923234,-27.8882078500034,0 -48.574309294573,-27.8882044394445,0 -48.5743073030131,-27.8882025820762,0 -48.5743043841234,-27.8881995893351,0 -48.5742995038348,-27.888194026034,0 -48.5742972820553,-27.8881912080259,0 -48.5742943287343,-27.8881869243605,0 -48.574291930683,-27.8881825331694,0 -48.5742909750224,-27.8881803057868,0 -48.5742896247554,-27.8881757342358,0 -48.5742892584405,-27.8881733999275,0 -48.5742891474608,-27.8881698161437,0 -48.57428971143,-27.8881590073383,0 -48.5742913102147,-27.8881373991185,0 -48.574292164355,-27.8881283367727,0 -48.5742939393273,-27.8881102231679,0 -48.5742948725302,-27.8880966149861,0 -48.5742969434758,-27.8880515553038,0 -48.5742992569544,-27.8880010952049,0 -48.5742994768351,-27.8879975166953,0 -48.574300214405,-27.8879904018169,0 -48.574301338817,-27.8879833389075,0 -48.5743022756993,-27.8879786539746,0 -48.5743045528008,-27.8879693468317,0 -48.5743065558296,-27.8879624073303,0 -48.5743111916165,-27.8879486115573,0 -48.5743146028096,-27.8879394504934,0 -48.5743217835479,-27.8879211792819,0 -48.5743271186485,-27.8879074591518,0 -48.5743320443869,-27.8878936684825,0 -48.574334260543,-27.8878867327326,0 -48.5743371567124,-27.8878762634715,0 -48.5743394111776,-27.8878656920453,0 -48.5743402712457,-27.8878603658324,0 -48.574340779155,-27.8878563507225,0 -48.5743414440971,-27.8878482956012,0 -48.5743417893127,-27.8878402084169,0 -48.5743419368197,-27.8878240327505,0 -48.5743419211285,-27.887815064131,0 -48.574341756962,-27.8878105856052,0 -48.5743410840399,-27.8878038787538,0 -48.5743396616577,-27.8877971768813,0 -48.5743385785309,-27.8877938282084,0 -48.5743371958685,-27.8877907094161,0 -48.5743360491464,-27.8877887672432,0 -48.574333318868,-27.8877851549685,0 -48.5743317623458,-27.8877834677197,0 -48.5743283578391,-27.8877802946079,0 -48.5743246589442,-27.8877773151202,0 -48.5743169054836,-27.8877716296444,0 -48.574307501136,-27.8877652922484,0 -48.5743010273307,-27.8877614246214,0 -48.5742966338228,-27.8877589924273,0 -48.5742876555299,-27.8877543950705,0 -48.5742738845307,-27.8877480622999,0 -48.5742457535305,-27.8877364057526,0 -48.5742317263177,-27.8877305283116,0 -48.5742248002904,-27.887727456208,0 -48.5742111974561,-27.8877208648041,0 -48.5742045730618,-27.8877172742832,0 -48.5741949238796,-27.8877114381228,0 -48.574185657612,-27.88770494069,0 -48.5741811967587,-27.887701415245,0 -48.574176805677,-27.8876975126893,0 -48.5741747774724,-27.8876954646787,0 -48.5741719441941,-27.8876922746357,0 -48.5741682314505,-27.8876871928331,0 -48.5741651855313,-27.8876816981719,0 -48.5741639382807,-27.8876787888299,0 -48.5741614511932,-27.8876715538455,0 -48.5741604961552,-27.8876679370272,0 -48.5741594598964,-27.8876624871111,0 -48.5741589812223,-27.8876569924918,0 -48.5741589739953,-27.887654231646,0 -48.5741607080569,-27.8876169977077,0 -48.5741610998898,-27.8875921465742,0 -48.5741610703828,-27.8875797126328,0 -48.5741609029393,-27.887574575398,0 -48.5741598613553,-27.8875643617305,0 -48.5741580261759,-27.8875542144946,0 -48.5741564480642,-27.8875474647205,0 -48.5741526892199,-27.8875339727356,0 -48.574149951175,-27.8875259568288,0 -48.5741483630266,-27.8875221306073,0 -48.57414561156,-27.8875165508134,0 -48.5741423411789,-27.8875111160825,0 -48.5741404939191,-27.8875084307795,0 -48.5741363052203,-27.8875030966309,0 -48.5741339377415,-27.887500420342,0 -48.574130028428,-27.887496399053,0 -48.5741240917858,-27.8874911244453,0 -48.5741210368427,-27.8874888694625,0 -48.5741163658207,-27.8874861250798,0 -48.5741132166527,-27.8874848156622,0 -48.5741116307114,-27.8874843367058,0 -48.5741092469986,-27.887483861326,0 -48.5741071879377,-27.8874837529292,0 -48.5741057937881,-27.8874838732199,0 -48.5741029367726,-27.887484499191,0 -48.5741015036213,-27.8874850064961,0 -48.5740986102611,-27.887486344999,0 -48.5740957361257,-27.8874880720923,0 -48.5740938604943,-27.8874894103407,0 -48.5740902077424,-27.887492449839,0 -48.5740868023695,-27.8874957916278,0 -48.5740848132699,-27.8874980211329,0 -48.5740814633139,-27.8875025187401,0 -48.5740800495982,-27.8875047947229,0 -48.5740777230066,-27.8875094006651,0 -48.5740759346611,-27.8875141064009,0 -48.5740749789596,-27.8875173283102,0 -48.5740734881207,-27.8875239794421,0 -48.5740717992494,-27.8875351467794,0 -48.5740696422671,-27.8875575486569,0 -48.5740683288382,-27.8875687231552,0 -48.5740674207803,-27.8875742831243,0 -48.5740637008498,-27.8875932017656,0 -48.5740613971389,-27.8876025899412,0 -48.5740586115847,-27.8876119338366,0 -48.5740569824408,-27.8876165878546,0 -48.5740550829039,-27.8876211655192,0 -48.5740536280874,-27.8876241170521,0 -48.5740502823333,-27.8876297877484,0 -48.5740484238398,-27.8876325251059,0 -48.5740443730261,-27.8876378496564,0 -48.5740399419304,-27.8876430226739,0 -48.5740302006463,-27.8876531555241,0 -48.5740216960277,-27.8876612251532,0 -48.5740173667336,-27.8876650017049,0 -48.5740106875504,-27.887670343307,0 -48.5740036801878,-27.8876752815163,0 -48.5740000255436,-27.8876775995459,0 -48.5739923332029,-27.8876819303742,0 -48.5739882670065,-27.8876839426711,0 -48.5739818570858,-27.8876867711583,0 -48.5739765521578,-27.8876887715563,0 -48.5739730126978,-27.8876899268577,0 -48.573965902739,-27.8876918227785,0 -48.5739623291603,-27.8876925903285,0 -48.5739551851489,-27.8876938176357,0 -48.5739480266664,-27.8876946933336,0 -48.5739336444384,-27.8876957304072,0 -48.5739254042372,-27.8876959460283,0 -48.5739212620406,-27.8876958912649,0 -48.5739150317792,-27.8876955833044,0 -48.5739057047421,-27.8876945346275,0 -48.5738995031061,-27.8876933878855,0 -48.573896413771,-27.8876926748359,0 -48.57389181156,-27.8876914026084,0 -48.5738847434753,-27.8876890312458,0 -48.5738813032822,-27.8876876533664,0 -48.5738763495461,-27.8876853016112,0 -48.5738717472823,-27.8876825589817,0 -48.5738696208769,-27.8876810236025,0 -48.5738657577428,-27.8876775720046,0 -48.5738640639727,-27.8876756471803,0 -48.573861837264,-27.8876724953478,0 -48.5738596684494,-27.8876687486646,0 -48.5738558454468,-27.8876612192016,0 -48.573852562246,-27.8876536364626,0 -48.5738468126881,-27.88763822378,0 -48.573842291048,-27.8876251418539,0 -48.5738335029831,-27.8875989290764,0 -48.5738264930786,-27.8875793886434,0 -48.5738188116645,-27.8875596375786,0 -48.5738147960746,-27.887549822023,0 -48.5738084602875,-27.8875352107654,0 -48.5738016436191,-27.887520762311,0 -48.5737980155782,-27.8875136069088,0 -48.5737897226242,-27.8874979594418,0 -48.5737725103257,-27.8874669877582,0 -48.5737546596655,-27.8874363203896,0 -48.5737180612996,-27.8873754120712,0 -48.5736907687594,-27.8873296188925,0 -48.573677465408,-27.8873065207219,0 -48.5736698620672,-27.8872926355547,0 -48.5736650258637,-27.8872832929245,0 -48.5736556864977,-27.8872644874156,0 -48.5736552015373,-27.8872633603798,0 -48.5736545640603,-27.8872609849482,0 -48.5736543469981,-27.8872585177919,0 -48.5736547147208,-27.8872552310111,0 -48.5736551747311,-27.8872536420478,0 -48.5736567589055,-27.887250087565,0 -48.5736577712973,-27.887248409201,0 -48.5736595610206,-27.8872460319047,0 -48.5736628415316,-27.8872428140407,0 -48.5736668228078,-27.8872400512894,0 -48.5736690715052,-27.8872388545409,0 -48.5736731426395,-27.8872371760711,0 -48.5736759010213,-27.8872363313913,0 -48.573681522442,-27.8872352573676,0 -48.573684351596,-27.8872349910799,0 -48.5736900186418,-27.8872349559509,0 -48.5736956323511,-27.8872355058398,0 -48.5736993044117,-27.8872361300269,0 -48.5737063938033,-27.8872379059027,0 -48.5737138647433,-27.8872402210353,0 -48.5737175849209,-27.8872415223433,0 -48.5737230284271,-27.8872437841504,0 -48.5737282066655,-27.8872465457381,0 -48.5737306583846,-27.8872481678023,0 -48.5737346729773,-27.8872511082562,0 -48.5737424311236,-27.8872571363874,0 -48.5737498975217,-27.8872632954065,0 -48.5737644475384,-27.8872757686124,0 -48.5737755211783,-27.8872850134573,0 -48.5737812596993,-27.8872895268107,0 -48.5737906304643,-27.8872964496058,0 -48.5737954019992,-27.8872997998996,0 -48.5738026761971,-27.8873046558518,0 -48.5738137944887,-27.887311537825,0 -48.5738155727166,-27.8873123990603,0 -48.573816852572,-27.8873128456452,0 -48.5738195793621,-27.8873134173878,0 -48.5738224517264,-27.8873135759063,0 -48.5738263197814,-27.8873131660004,0 -48.5738281990346,-27.8873126935383,0 -48.5738308718225,-27.8873116848883,0 -48.5738321126221,-27.8873110480859,0 -48.573837738151,-27.887307511345,0 -48.573840347833,-27.887305608329,0 -48.5738440226924,-27.8873025780381,0 -48.5738473630532,-27.8872993166158,0 -48.5738489144386,-27.8872975932207,0 -48.5738517595602,-27.887293971173,0 -48.5738530510268,-27.8872920631183,0 -48.5738548114786,-27.8872890806223,0 -48.5738609408544,-27.8872770706889,0 -48.5738637031924,-27.8872710466304,0 -48.5738674725394,-27.8872619458539,0 -48.5738708047902,-27.8872526842829,0 -48.5738723112384,-27.887247973586,0 -48.573878085141,-27.8872285861145,0 -48.573888935319,-27.8871897708,0 -48.5738989828931,-27.8871508697591,0 -48.5739053298882,-27.8871249058633,0 -48.573917407566,-27.887072848815,0 -48.5739201445595,-27.8870589568391,0 -48.5739211415964,-27.8870519362975,0 -48.573922037386,-27.8870413684903,0 -48.57392214369,-27.8870343234533,0 -48.5739220414484,-27.8870308207778,0 -48.5739216484229,-27.8870255716313,0 -48.5739211214722,-27.887021880844,0 -48.5739206097073,-27.8870194266723,0 -48.5739192158944,-27.8870145299823,0 -48.573918018454,-27.8870113054069,0 -48.5739150007891,-27.8870050176629,0 -48.5739122278641,-27.8870004843906,0 -48.5739090315053,-27.8869961782656,0 -48.5739072924264,-27.8869941177199,0 -48.5739035205318,-27.8869902166974,0 -48.5739014997021,-27.8869883946052,0 -48.5738983074672,-27.886985821092,0 -48.5738931643782,-27.8869824009279,0 -48.5738863268976,-27.8869784459255,0 -48.5738725394223,-27.8869709398134,0 -48.5738586536833,-27.8869638378443,0 -48.5738308216011,-27.8869501560112,0 -48.5738100950381,-27.8869397218284,0 -48.5737998464367,-27.8869342539786,0 -48.5737467790384,-27.8869051230682,0 -48.5737203481826,-27.8868903655662,0 -48.5736940493549,-27.8868753300721,0 -48.5736809681104,-27.8868676739183,0 -48.5736731950273,-27.8868628725077,0 -48.5736681494726,-27.8868595261964,0 -48.5736583638193,-27.8868525327567,0 -48.5736536140165,-27.8868488760952,0 -48.5736443697127,-27.8868412875061,0 -48.5736354356019,-27.8868333524741,0 -48.573629619506,-27.8868278723519,0 -48.5736182956311,-27.8868165386466,0 -48.5736083627226,-27.8868056716572,0 -48.5736036811984,-27.8868001211973,0 -48.5735970161845,-27.8867916308029,0 -48.5735907618213,-27.8867829306593,0 -48.5735877859554,-27.8867784934861,0 -48.5735821387507,-27.8867694433183,0 -48.5735794593452,-27.8867648307323,0 -48.5735756356437,-27.8867577792685,0 -48.5735683962157,-27.8867435309783,0 -48.5735649427318,-27.8867363874566,0 -48.5735599735476,-27.8867256166889,0 -48.5735530152239,-27.8867093252512,0 -48.5735467120506,-27.8866928107476,0 -48.5735438113269,-27.8866844494233,0 -48.5735368170288,-27.8866624910779,0 -48.5735324933812,-27.8866478161169,0 -48.5735297473028,-27.8866379959267,0 -48.5735245402638,-27.8866182162809,0 -48.5735182309744,-27.8865934184125,0 -48.5735152886187,-27.8865810053187,0 -48.5735127126011,-27.88656856288,0 -48.5735116106626,-27.8865623358508,0 -48.5735098790745,-27.8865498262271,0 -48.5735092902912,-27.8865435454538,0 -48.5735088105535,-27.8865340989066,0 -48.5735085928194,-27.8865133514112,0 -48.5735087184796,-27.8864995213962,0 -48.5735095186974,-27.8864718445984,0 -48.5735101519712,-27.8864580147114,0 -48.5735117646362,-27.8864303428591,0 -48.5735178576545,-27.8863473857501,0 -48.5735199517503,-27.8863222490412,0 -48.5735213102445,-27.8863096947075,0 -48.5735221316009,-27.8863038264686,0 -48.5735244527817,-27.8862921828935,0 -48.5735275935103,-27.886280670502,0 -48.5735300884895,-27.8862730722121,0 -48.5735319169025,-27.8862680428192,0 -48.5735359176299,-27.8862580435085,0 -48.5735374327098,-27.8862546684429,0 -48.5735408592718,-27.8862480971145,0 -48.5735446490063,-27.8862417216265,0 -48.5735526672324,-27.8862291678217,0 -48.5735583932231,-27.8862195689709,0 -48.5735609736143,-27.8862146156012,0 -48.5735687113343,-27.8861981319322,0 -48.573572359292,-27.8861898319623,0 -48.5735775152152,-27.8861773087045,0 -48.573582223764,-27.8861646966136,0 -48.5735843838998,-27.8861583552079,0 -48.5735883263898,-27.8861456035133,0 -48.5735900715953,-27.8861391914687,0 -48.5735923995102,-27.8861295239645,0 -48.573593518772,-27.8861234985109,0 -48.5735940382348,-27.8861194384489,0 -48.5735945536122,-27.8861112545847,0 -48.5735945864915,-27.8861071407956,0 -48.5735941999563,-27.8860988782676,0 -48.5735933099491,-27.8860906244962,0 -48.5735924655578,-27.8860851327973,0 -48.5735902504391,-27.8860742662437,0 -48.5735889017656,-27.8860688196341,0 -48.5735857159046,-27.8860581259812,0 -48.5735819515047,-27.8860476110343,0 -48.5735791414584,-27.8860406589271,0 -48.5735728402847,-27.8860267790655,0 -48.5735686571883,-27.8860185576191,0 -48.5735664289832,-27.8860145576606,0 -48.5735628757086,-27.8860086933377,0 -48.5735589989429,-27.8860030215742,0 -48.5735569178985,-27.8860002600044,0 -48.5735524496359,-27.8859949032951,0 -48.5735500403226,-27.8859922984043,0 -48.5735461846963,-27.8859885132008,0 -48.5735430728615,-27.885985976893,0 -48.5735408411915,-27.8859844941769,0 -48.5735360846529,-27.8859819470786,0 -48.5735310016615,-27.8859798364528,0 -48.5735203458483,-27.8859763461805,0 -48.5735123397684,-27.8859737963759,0 -48.5735072244596,-27.8859718564516,0 -48.5735047611059,-27.8859707573559,0 -48.573501250468,-27.885968900211,0 -48.5734979761138,-27.8859667311185,0 -48.5734964519286,-27.8859655130869,0 -48.5734913093067,-27.8859610465658,0 -48.5734813006548,-27.8859518562553,0 -48.5734761770105,-27.8859469280208,0 -48.5734715169509,-27.8859424176797,0 -48.5734413406338,-27.8858959144771,0 -48.5734416749743,-27.8858809261346,0 -48.5734288199908,-27.8858624937631,0 -48.5734252520407,-27.8858602886586,0 -48.5733749918676,-27.8858968882613,0 -48.5732992746109,-27.8859394651997,0 -48.5732686850974,-27.8859592747012,0 -48.5732466287732,-27.885974952702,0 -48.5731655543833,-27.8859874467519,0 -48.5731433171291,-27.8859774512222,0 -48.573133315304,-27.8859729569269,0 -48.5731424155331,-27.8859649677791,0 -48.5731763680471,-27.8859351587892,0 -48.5732261984338,-27.8859178282573,0 -48.5732398371324,-27.8859009341742,0 -48.5732110767364,-27.8858929291381,0 -48.573184532803,-27.8858935338615,0 -48.5731496216062,-27.8858907767019,0 -48.5731443123456,-27.8858585530137,0 -48.5731391665423,-27.885818835916,0 -48.5731296330226,-27.88575976277,0 -48.5731292132765,-27.885734348841,0 -48.5731286044927,-27.8856976276729,0 -48.5731430357032,-27.885645403427,0 -48.5731591145804,-27.8856274784414,0 -48.5731801323109,-27.885604288073,0 -48.573189260161,-27.8855733886954,0 -48.5731887728476,-27.8855412510367,0 -48.5731931785467,-27.8855059861536,0 -48.5732269776466,-27.885504439723,0 -48.5732270297436,-27.8855044659733,0 -48.5732400952505,-27.8855110964601,0 -48.5732538319359,-27.8854899184589,0 -48.5732639767839,-27.8854676066124,0 -48.5732843974522,-27.8854711785641,0 -48.5732998767238,-27.8854800191581,0 -48.5733017277896,-27.8854511355338,0 -48.5732720220553,-27.8854313341406,0 -48.5732774296803,-27.8853860226406,0 -48.5732825331179,-27.8853432610854,0 -48.5732878082077,-27.885323005739,0 -48.5733047914075,-27.8853217182433,0 -48.5733107601625,-27.8853212676953,0 -48.5733446326929,-27.8853165102242,0 -48.5733759023089,-27.8853202726759,0 -48.5733912388959,-27.8853355370027,0 -48.5734065013818,-27.8853540123251,0 -48.5734159058848,-27.8853648881918,0 -48.5734314115279,-27.88537265755,0 -48.5734821831819,-27.8854001416938,0 -48.5734840768701,-27.8854007433773,0 -48.5734959717011,-27.8854038677684,0 -48.5735001442312,-27.8854047260127,0 -48.5735086506437,-27.8854058775585,0 -48.5735172828273,-27.8854063087846,0 -48.5735230527958,-27.8854062121388,0 -48.5735268963224,-27.885405981889,0 -48.5735345009459,-27.8854051322362,0 -48.5735427990391,-27.8854035915359,0 -48.5735468556271,-27.8854025620996,0 -48.5735528064661,-27.8854006364193,0 -48.5735585597635,-27.885398202808,0 -48.5735613532826,-27.8853967810503,0 -48.5735667764794,-27.885393474805,0 -48.5735693900487,-27.8853915900338,0 -48.5735731872315,-27.8853884357879,0 -48.5735765801983,-27.8853851752955,0 -48.5735786399247,-27.8853829734738,0 -48.5735823553636,-27.8853784823118,0 -48.5735840207925,-27.885376201954,0 -48.5735870089788,-27.8853715267137,0 -48.5735896123462,-27.8853667092216,0 -48.5735911683417,-27.8853634163803,0 -48.5735939603289,-27.8853566168934,0 -48.5735995092511,-27.8853413938033,0 -48.5736021082653,-27.8853337703572,0 -48.5736057154777,-27.8853222937111,0 -48.5736088662295,-27.8853106911745,0 -48.573610245785,-27.8853048327634,0 -48.5736154716265,-27.8852800579431,0 -48.5736177064058,-27.8852676457005,0 -48.5736195483534,-27.8852551725705,0 -48.573620297396,-27.8852489054422,0 -48.5736215455652,-27.8852335708205,0 -48.5736219971306,-27.8852233289224,0 -48.5736224539882,-27.885202846079,0 -48.5736224306296,-27.8851961682859,0 -48.5736217331633,-27.8851828111532,0 -48.5736209142077,-27.8851739005318,0 -48.5736189254473,-27.8851560813714,0 -48.5736175070391,-27.8851427297167,0 -48.5736165351304,-27.885129394736,0 -48.5736163304457,-27.885122732474,0 -48.5736164926329,-27.8851127377061,0 -48.5736168947486,-27.8851079084352,0 -48.5736173316945,-27.8851047131891,0 -48.5736185903448,-27.8850983564571,0 -48.5736193895488,-27.8850952033865,0 -48.5736213392595,-27.8850889304162,0 -48.5736236590611,-27.885082709672,0 -48.5736254080711,-27.8850785991173,0 -48.5736292865422,-27.8850704381265,0 -48.5736365481324,-27.8850567343174,0 -48.5736403296055,-27.885050087728,0 -48.573646297244,-27.8850403218529,0 -48.5736526846382,-27.8850307434518,0 -48.5736560601901,-27.8850260122492,0 -48.5736635904431,-27.8850161020673,0 -48.5736792347801,-27.8849966989586,0 -48.5736868989109,-27.8849868996229,0 -48.5736905847117,-27.8849819023815,0 -48.5737052821233,-27.8849617154534,0 -48.5737121533331,-27.8849513971509,0 -48.5737163221766,-27.8849443333318,0 -48.573718230089,-27.8849407399386,0 -48.5737208408794,-27.8849352275753,0 -48.5737768414367,-27.8848078454503,0 -48.5738602410491,-27.884611175472,0 -48.5738881601504,-27.8845453365456,0 -48.5738927316511,-27.884534778933,0 -48.5739023900175,-27.8845138715884,0 -48.5739126699349,-27.8844932186012,0 -48.5739198267788,-27.8844795668983,0 -48.5739247320757,-27.8844705219095,0 -48.573934818216,-27.8844525546352,0 -48.5739465779263,-27.8844324965847,0 -48.5739546347608,-27.8844192032683,0 -48.5739711638299,-27.8843928045811,0 -48.5739967789958,-27.8843535101343,0 -48.5740491127242,-27.8842753278,0 -48.5740590705857,-27.8842608321476,0 -48.5740642254431,-27.8842537135315,0 -48.5740722506634,-27.8842431985432,0 -48.5740806751854,-27.8842328987534,0 -48.5740850531272,-27.8842278233678,0 -48.5740895411807,-27.8842228407881,0 -48.5740988419361,-27.8842132145247,0 -48.5741085354647,-27.8842039294577,0 -48.5741151792899,-27.8841978839569,0 -48.5741288357118,-27.8841860153258,0 -48.5741452649488,-27.8841724007384,0 -48.5741536291126,-27.8841658078254,0 -48.5741665044406,-27.8841562808345,0 -48.574179913924,-27.8841472864225,0 -48.5741868535003,-27.8841430144611,0 -48.5741952602025,-27.8841381548346,0 -48.5742123021125,-27.8841289446055,0 -48.574229623759,-27.8841202806489,0 -48.5742413162741,-27.8841147117225,0 -48.5742649649601,-27.8841038406471,0 -48.5742970215015,-27.8840896976575,0 -48.5743131275003,-27.8840829342748,0 -48.5743375229695,-27.884073177206,0 -48.5743623833763,-27.8840638881619,0 -48.5743750360081,-27.8840594276365,0 -48.5743820527123,-27.8840570608343,0 -48.574396144937,-27.8840526080258,0 -48.5744103226602,-27.884048517988,0 -48.5744198006924,-27.8840459775304,0 -48.5744388633314,-27.8840413148275,0 -48.5744532237653,-27.8840381476908,0 -48.5744628227301,-27.8840361876066,0 -48.5744820755746,-27.8840325564254,0 -48.5745110825483,-27.8840277614614,0 -48.5745304705051,-27.8840249086051,0 -48.5745693053849,-27.8840197270985,0 -48.5746052169621,-27.8840153967429,0 -48.5746232953322,-27.8840134322508,0 -48.5746505284015,-27.8840107807958,0 -48.5746778734629,-27.8840085548042,0 -48.5746915805761,-27.8840076142372,0 -48.5747190536928,-27.8840061218371,0 -48.5747327926509,-27.8840055877014,0 -48.5747534200527,-27.8840050756777,0 -48.5747809090774,-27.8840049548187,0 -48.5747946334008,-27.8840051605765,0 -48.5748152043186,-27.8840058200157,0 -48.5748357224255,-27.8840069301064,0 -48.5748459601038,-27.8840076516402,0 -48.5748641238479,-27.8840092528287,0 -48.5748731684363,-27.8840101967771,0 -48.574886719532,-27.8840118065468,0 -48.5749069648664,-27.884014671352,0 -48.5749270957242,-27.8840181118367,0 -48.5749371179316,-27.8840200471965,0 -48.5749570444724,-27.8840243679743,0 -48.574966962859,-27.884026762451,0 -48.5749817624768,-27.8840306680754,0 -48.5749866070997,-27.8840320976248,0 -48.5749960159479,-27.8840353851988,0 -48.5750051750013,-27.8840391463944,0 -48.5750111971094,-27.8840418599993,0 -48.5750231527303,-27.8840476193808,0 -48.5750527147141,-27.8840621073477,0 -48.5750623096805,-27.88406716653,0 -48.5750670212217,-27.8840698119102,0 -48.5750762507784,-27.8840754153733,0 -48.5750807335105,-27.8840783992694,0 -48.5750872970907,-27.8840831528765,0 -48.5750942925463,-27.8840886625015,0 -48.5751076759239,-27.8841000774848,0 -48.575120481126,-27.88411190579,0 -48.5751288029051,-27.8841199747844,0 -48.575145254162,-27.8841363428897,0 -48.5751698547182,-27.8841606772712,0 -48.5751817741233,-27.8841730676804,0 -48.5751893831016,-27.8841815839726,0 -48.575193043289,-27.8841859345771,0 -48.5751983473015,-27.8841926144342,0 -48.5752060354498,-27.8842029456145,0 -48.5752110308925,-27.884209899803,0 -48.5752207484308,-27.8842239482066,0 -48.57523482721,-27.8842452640067,0 -48.5752621688715,-27.8842882970335,0 -48.5752760075399,-27.8843097082836,0 -48.5752830922461,-27.8843203355882,0 -48.5752940327895,-27.8843361017025,0 -48.5753044949263,-27.8843506412219,0 -48.5753215801413,-27.8843738289209,0 -48.5753257852438,-27.8843795372548,0 -48.5753369340367,-27.884394052508,0 -48.5753426953537,-27.8844011826292,0 -48.5753516225248,-27.8844117068765,0 -48.575360946717,-27.8844220762001,0 -48.5753657779165,-27.8844271958243,0 -48.5753702307096,-27.8844315240246,0 -48.575373338733,-27.884434231496,0 -48.5753798670265,-27.8844392906656,0 -48.5753832668575,-27.8844416695398,0 -48.5753903150264,-27.884446178333,0 -48.5753976430659,-27.8844504491864,0 -48.5754128914956,-27.8844587204519,0 -48.5754237384469,-27.8844641987048,0 -48.5754292387595,-27.8844666327115,0 -48.5754376282106,-27.8844697486714,0 -48.5754433496356,-27.8844713830789,0 -48.5754462571211,-27.8844720482829,0 -48.5754506792585,-27.8844728299045,0 -48.5754573742819,-27.8844736063608,0 -48.5754618737836,-27.8844739201363,0 -48.5754709293319,-27.8844741240828,0 -48.5754754707118,-27.8844740327198,0 -48.575484590252,-27.8844735345316,0 -48.5754936978063,-27.8844726842267,0 -48.5755117960108,-27.8844702777476,0 -48.5755345837768,-27.8844666094911,0 -48.575545872364,-27.8844644802543,0 -48.5755626908088,-27.8844607339469,0 -48.5755738355741,-27.8844577717029,0 -48.5755793941087,-27.8844561193408,0 -48.5755877124682,-27.8844534146629,0 -48.5756034875981,-27.8844476195167,0 -48.5756137266808,-27.8844434688675,0 -48.5756204322591,-27.8844405733511,0 -48.5756335966691,-27.8844344794898,0 -48.5756432701026,-27.8844296514225,0 -48.5756496402464,-27.8844263165922,0 -48.5756621918038,-27.8844193550367,0 -48.5756683880865,-27.8844157285732,0 -48.5756806576122,-27.8844082118921,0 -48.575692797632,-27.8844003322146,0 -48.5757008293273,-27.8843948881987,0 -48.575701002512,-27.8843947651326,0 -48.5757168215897,-27.8843835484313,0 -48.5757254793237,-27.8843769060638,0 -48.5757295765225,-27.8843734954435,0 -48.5757354112095,-27.884368211579,0 -48.57574089633,-27.8843626775984,0 -48.5757435071625,-27.8843598003508,0 -48.575748476935,-27.8843537792847,0 -48.5757508422666,-27.8843506267672,0 -48.5757542196581,-27.8843456967328,0 -48.5757583520096,-27.8843389841074,0 -48.5757602329283,-27.884335597275,0 -48.5757627868245,-27.8843304633071,0 -48.5757649617296,-27.8843252593395,0 -48.5757658935655,-27.8843226317632,0 -48.5757674139406,-27.8843172901669,0 -48.575767984329,-27.8843145840881,0 -48.5757685916359,-27.8843104715886,0 -48.5757722269101,-27.8842754727849,0 -48.5757738864605,-27.8842579612395,0 -48.5757761578947,-27.8842316815518,0 -48.5757852427254,-27.884118369834,0 -48.5757896230118,-27.8840617020349,0 -48.57579597257,-27.8839767099414,0 -48.5757982682933,-27.8839489778997,0 -48.5757985763,-27.8839397170303,0 -48.5757985146037,-27.8839350872064,0 -48.5757978594643,-27.8839258539999,0 -48.5757972087962,-27.8839212319877,0 -48.5757957399804,-27.8839143305014,0 -48.5757923259349,-27.8839015754135,0 -48.5757850804824,-27.8838763822647,0 -48.5757773788409,-27.8838515241835,0 -48.5757613138161,-27.8838023283663,0 -48.575749361188,-27.8837654494398,0 -48.5757436290101,-27.8837468876076,0 -48.5757390002038,-27.8837313228896,0 -48.5757298978667,-27.8837001510268,0 -48.575722862768,-27.8836768114193,0 -48.5757203877102,-27.8836693965878,0 -48.5757185777399,-27.8836645102134,0 -48.5757146069916,-27.8836548491453,0 -48.5757079101493,-27.8836405835201,0 -48.5757030501266,-27.8836311953795,0 -48.5756927311027,-27.8836125980046,0 -48.5756769256771,-27.8835855762284,0 -48.5756660896211,-27.8835677638827,0 -48.5756587588732,-27.8835559680624,0 -48.5756438257038,-27.8835325528254,0 -48.5756324040198,-27.8835151272375,0 -48.5756090879153,-27.8834805475038,0 -48.575585218127,-27.8834462284248,0 -48.5755690421696,-27.8834234317932,0 -48.5755362512344,-27.8833778489742,0 -48.5755326752164,-27.883373003668,0 -48.5755252195205,-27.8833635340555,0 -48.5755174026091,-27.8833543372982,0 -48.5755119914508,-27.8833483500169,0 -48.5755007259375,-27.8833366837647,0 -48.5754967039821,-27.883333076323,0 -48.5754938484507,-27.8833308876634,0 -48.5754877733499,-27.8833269098139,0 -48.5754845847391,-27.8833250941837,0 -48.5754779681113,-27.88332172085,0 -48.5754573108033,-27.8833122893491,0 -48.5754505504376,-27.8833088859493,0 -48.5754472604196,-27.8833070597227,0 -48.5754424747819,-27.8833040969436,0 -48.5754379051557,-27.8833008135956,0 -48.575435733231,-27.8832990428383,0 -48.5754268104392,-27.8832911620957,0 -48.5754226667086,-27.8832869841741,0 -48.5754190197273,-27.8832825980122,0 -48.5754174356308,-27.883280314421,0 -48.5754156477981,-27.8832771609743,0 -48.5754149017128,-27.883275541969,0 -48.575414002902,-27.8832730446436,0 -48.5754131654019,-27.8832691589496,0 -48.5754100505706,-27.8832407000467,0 -48.5754083435143,-27.8832217133864,0 -48.5754052883373,-27.8831837364684,0 -48.5754028378638,-27.883155279893,0 -48.5754014259404,-27.8831410714503,0 -48.5753999474561,-27.8831277639034,0 -48.5753968343765,-27.8831011455119,0 -48.575394697817,-27.8830811853443,0 -48.5753943901545,-27.8830754954768,0 -48.5753944332232,-27.8830726451963,0 -48.5753947414249,-27.8830683825978,0 -48.5753958363627,-27.8830619959768,0 -48.5753977468408,-27.8830556413284,0 -48.5753990260988,-27.8830524697055,0 -48.5754048359523,-27.8830400933397,0 -48.5754088481886,-27.8830322055915,0 -48.575417136669,-27.8830165977509,0 -48.5754446844337,-27.8829656338036,0 -48.5754476039637,-27.8829600277041,0 -48.5754531162558,-27.8829487106273,0 -48.5754582455799,-27.8829372518873,0 -48.5754614744048,-27.8829295309865,0 -48.5754675606184,-27.8829138750307,0 -48.5754686784856,-27.8829105474692,0 -48.5754703051278,-27.8829037186183,0 -48.575470944349,-27.8828990917649,0 -48.5754712265806,-27.8828929072732,0 -48.5754711222704,-27.8828898286073,0 -48.5754702893698,-27.8828830110011,0 -48.5754694558934,-27.8828789447444,0 -48.5754673695258,-27.8828708599225,0 -48.5754657550571,-27.8828654896049,0 -48.5754622467023,-27.8828547721394,0 -48.5754596234415,-27.8828467224785,0 -48.5754572446532,-27.8828386325114,0 -48.5754561980565,-27.8828345625047,0 -48.5754549112505,-27.882828422549,0 -48.5754502837216,-27.8828023188611,0 -48.5754413577722,-27.8827500280601,0 -48.5754328272597,-27.8826976533488,0 -48.5754273410237,-27.8826626923114,0 -48.575416735681,-27.8825927051032,0 -48.575413749509,-27.8825703206186,0 -48.5754125087617,-27.8825591105124,0 -48.5754109624605,-27.882542282719,0 -48.5754093736631,-27.8825170717829,0 -48.5754093754543,-27.8825142659343,0 -48.5754095283754,-27.8825124099704,0 -48.5754101485494,-27.882508721196,0 -48.5754118619345,-27.8825032838699,0 -48.5754135077104,-27.8824997122695,0 -48.5754148089383,-27.8824973621448,0 -48.5754178771132,-27.8824927334218,0 -48.5754194245115,-27.8824907395338,0 -48.5754226911524,-27.8824871336715,0 -48.5754262050125,-27.8824839204113,0 -48.5754286982455,-27.8824819519767,0 -48.5754340105013,-27.8824782471824,0 -48.5754388458064,-27.882475336384,0 -48.5754487955078,-27.8824700346135,0 -48.5754561095683,-27.8824658049655,0 -48.5754636127458,-27.8824608483997,0 -48.5754671932994,-27.8824582856018,0 -48.5754723840438,-27.8824541094609,0 -48.5754773953796,-27.8824493067566,0 -48.5754798526221,-27.8824465892694,0 -48.5754841433018,-27.8824412237232,0 -48.5754860340921,-27.8824385050807,0 -48.5754884696186,-27.882434370228,0 -48.5754903419686,-27.8824301984814,0 -48.5754910465261,-27.8824280906346,0 -48.5754919147865,-27.882423865425,0 -48.5754920613509,-27.8824217383985,0 -48.5754918892216,-27.882418532426,0 -48.5754914388966,-27.8824156007699,0 -48.5754901388117,-27.8824096951843,0 -48.575488410217,-27.882403772697,0 -48.5754870584671,-27.8823998239853,0 -48.5754840037341,-27.8823920018875,0 -48.575480220047,-27.8823835165724,0 -48.5754722316363,-27.8823669724953,0 -48.5754685289629,-27.8823586064578,0 -48.5754668594108,-27.8823543454074,0 -48.5754651480369,-27.8823495692557,0 -48.5754620905636,-27.8823399512357,0 -48.5754594146814,-27.8823302584243,0 -48.5754546932428,-27.8823106498391,0 -48.5754524215495,-27.8823000350872,0 -48.5754515150076,-27.8822946865874,0 -48.5754506456486,-27.8822866683369,0 -48.57545049186,-27.8822813600666,0 -48.5754505794521,-27.8822787088256,0 -48.5754509231568,-27.8822747717715,0 -48.5754524078264,-27.8822651075567,0 -48.5754536759978,-27.8822586782729,0 -48.5754568580977,-27.8822458497914,0 -48.575458746852,-27.8822394677737,0 -48.5754630282931,-27.8822267847479,0 -48.5754679384256,-27.8822142300853,0 -48.5754715043242,-27.8822059555895,0 -48.5754792107838,-27.8821896788476,0 -48.575505123421,-27.8821381535638,0 -48.5755182179382,-27.8821124883489,0 -48.5755252619399,-27.8820989606701,0 -48.5755394881366,-27.882071989248,0 -48.5755497948857,-27.8820515805455,0 -48.575554636124,-27.8820411988798,0 -48.5755576958221,-27.8820342239679,0 -48.5755634620216,-27.8820201594393,0 -48.5755714493186,-27.8819988436554,0 -48.5755862674604,-27.8819558756301,0 -48.5756773003086,-27.8816899041355,0 -48.5756930895643,-27.8816439033317,0 -48.5757011767688,-27.8816209382581,0 -48.5757036564859,-27.8816148188583,0 -48.575705564849,-27.8816108377368,0 -48.5757098992333,-27.8816030635822,0 -48.5757147489633,-27.8815954978517,0 -48.5757252257125,-27.8815806680874,0 -48.5757329984473,-27.8815695350468,0 -48.5757364575027,-27.881564579459,0 -48.575743955255,-27.8815549395184,0 -48.5757492132006,-27.8815486349406,0 -48.5757598198054,-27.8815360989729,0 -48.575767384911,-27.8815265235476,0 -48.575772017182,-27.8815199551847,0 -48.575774165688,-27.8815166005919,0 -48.5757771337702,-27.8815114551812,0 -48.5757797498477,-27.8815061416683,0 -48.5757809073034,-27.8815034282929,0 -48.5757900845183,-27.8814802747694,0 -48.5758077811227,-27.8814338113098,0 -48.5758211304437,-27.8813989833765,0 -48.575861270964,-27.881296323502,0 -48.5758805638946,-27.881247668739,0 -48.5758903729275,-27.8812234160838,0 -48.5759053392636,-27.8811871098344,0 -48.5759284290434,-27.8811328280345,0 -48.5759443123717,-27.8810967273553,0 -48.5759524109871,-27.8810786979491,0 -48.5759647841278,-27.88105168451,0 -48.5759675301316,-27.8810464635948,0 -48.5759696433391,-27.8810431348113,0 -48.5759744782975,-27.8810367864352,0 -48.5759771653549,-27.8810337662322,0 -48.5759829805317,-27.8810279858111,0 -48.5759892737708,-27.8810225293573,0 -48.5759936789039,-27.8810190608064,0 -48.5760027724732,-27.8810124266231,0 -48.5760083566204,-27.8810087260338,0 -48.5760121875437,-27.8810064115883,0 -48.5760200092239,-27.8810020917049,0 -48.5760280212784,-27.8809980731054,0 -48.576044331924,-27.8809905553106,0 -48.5760565229001,-27.8809849316443,0 -48.5760684257551,-27.880978915207,0 -48.5760741850622,-27.8809756422954,0 -48.5760825089463,-27.880970284337,0 -48.5761071311804,-27.8809525907239,0 -48.5761192111969,-27.8809435457244,0 -48.5761370584644,-27.8809297024747,0 -48.5761545540107,-27.8809154835076,0 -48.5761631744711,-27.8809082186857,0 -48.5761801508721,-27.880893349554,0 -48.5761885125724,-27.8808857370849,0 -48.5762008988567,-27.8808740716659,0 -48.5762210298723,-27.8808542503834,0 -48.5762340501192,-27.8808409180897,0 -48.5762425557385,-27.8808319638584,0 -48.5762591947647,-27.8808139040097,0 -48.5762713707739,-27.8808001867843,0 -48.5762793421928,-27.8807909522039,0 -48.5762950102431,-27.8807722705899,0 -48.5763027047887,-27.8807628058967,0 -48.5763178479889,-27.8807436188563,0 -48.576332702867,-27.8807240478525,0 -48.5763424625922,-27.8807107661412,0 -48.5763617410766,-27.8806836125197,0 -48.576370721913,-27.880670100677,0 -48.5763763388099,-27.8806610053136,0 -48.576379927403,-27.8806549059514,0 -48.5763867280808,-27.880642609737,0 -48.5763915049754,-27.8806333013428,0 -48.5763945402489,-27.8806270567732,0 -48.5764002526651,-27.8806144798298,0 -48.5764029322737,-27.88060814805,0 -48.5764079484373,-27.8805953875893,0 -48.5764125203373,-27.8805825108245,0 -48.5764153310748,-27.8805738534874,0 -48.5764203930479,-27.8805563929468,0 -48.5764248048848,-27.8805388488285,0 -48.5764268374085,-27.8805300147934,0 -48.5764296423574,-27.8805166922655,0 -48.5764333118305,-27.8804965550009,0 -48.5764363325903,-27.8804762703012,0 -48.576437585115,-27.8804660876201,0 -48.5764395736632,-27.8804456492913,0 -48.5764402995536,-27.8804354033783,0 -48.5764410563327,-27.8804200143503,0 -48.5764414245575,-27.8803994759321,0 -48.5764413285465,-27.8803892062022,0 -48.5764408285245,-27.8803738132445,0 -48.5764398888738,-27.8803584577134,0 -48.5764392495076,-27.8803507954151,0 -48.5764370024463,-27.8803304180699,0 -48.5764355728961,-27.880320278536,0 -48.5764330469972,-27.8803051297113,0 -48.5764300393803,-27.8802900715429,0 -48.5764283580943,-27.8802825803655,0 -48.5764246180928,-27.8802676811391,0 -48.5764225715716,-27.8802602821158,0 -48.5764192612318,-27.8802492432329,0 -48.5764121065556,-27.8802271825097,0 -48.5764083520631,-27.8802162173208,0 -48.5764024820798,-27.8801998366645,0 -48.5763930818771,-27.8801754719168,0 -48.5763828857535,-27.8801513641213,0 -48.5763774654198,-27.8801394213065,0 -48.5763698789123,-27.8801236151429,0 -48.5763659211091,-27.8801157678178,0 -48.5763597641014,-27.8801040653742,0 -48.5763500380516,-27.8800866784832,0 -48.5763234001869,-27.8800415917831,0 -48.5763098024341,-27.8800193097973,0 -48.5762887812807,-27.8799861148418,0 -48.5762670599492,-27.8799533586025,0 -48.576252241558,-27.8799317319693,0 -48.5762220107121,-27.879888855952,0 -48.5762139433295,-27.8798777785552,0 -48.576197245673,-27.8798559921997,0 -48.576179882318,-27.8798346545296,0 -48.5761679785548,-27.8798206580628,0 -48.576159909015,-27.879811402934,0 -48.5761434807478,-27.8797931045696,0 -48.5761309362594,-27.8797795208792,0 -48.576105369221,-27.8797526700072,0 -48.576079323897,-27.879726118016,0 -48.5760265413348,-27.8796733890009,0 -48.5759870816384,-27.8796336620418,0 -48.5759676187662,-27.8796135689262,0 -48.5759421249444,-27.8795864395527,0 -48.5759296289239,-27.8795726854267,0 -48.5759112466197,-27.8795517720252,0 -48.5758933927453,-27.8795304796644,0 -48.5758846897597,-27.879519670832,0 -48.5758677630904,-27.8794976816052,0 -48.5758595660214,-27.8794865027805,0 -48.575847628446,-27.8794694652089,0 -48.5758437197348,-27.8794634228696,0 -48.575841315148,-27.8794593295276,0 -48.5758368802924,-27.8794510045904,0 -48.575834831849,-27.8794467820378,0 -48.5758310522904,-27.8794382252127,0 -48.5758276082347,-27.8794295476255,0 -48.5758213587122,-27.8794119872541,0 -48.5758197380208,-27.8794068971432,0 -48.575816938324,-27.879396642635,0 -48.5758153068143,-27.8793897570101,0 -48.5758123351651,-27.8793759264524,0 -48.5758100883981,-27.8793655561082,0 -48.5758075746685,-27.8793552344869,0 -48.5758061474581,-27.8793501114325,0 -48.5758037078541,-27.8793424714342,0 -48.5758004688079,-27.879333716498,0 -48.5757986988927,-27.8793293991655,0 -48.5757958255792,-27.8793230055107,0 -48.5757909452677,-27.8793136170199,0 -48.5757853018719,-27.879304486056,0 -48.5757821420899,-27.8793000181607,0 -48.5757747092739,-27.8792904498429,0 -48.5757708421189,-27.879285825217,0 -48.5757648384196,-27.8792790967319,0 -48.5757553252594,-27.8792694642815,0 -48.5757451687562,-27.8792603618637,0 -48.5757398229943,-27.8792560091617,0 -48.5757227244341,-27.8792428508794,0 -48.5756881427436,-27.8792170777057,0 -48.5756710312602,-27.8792040271298,0 -48.5756625997448,-27.8791973644209,0 -48.575574100125,-27.879126087817,0 -48.575530066229,-27.8790902321829,0 -48.5754862630915,-27.879054145992,0 -48.5754644805265,-27.8790360055818,0 -48.5754532382344,-27.8790265145134,0 -48.5754310461159,-27.8790072572067,0 -48.5754091423249,-27.8789877158453,0 -48.5753657797435,-27.878948271965,0 -48.5753331717755,-27.8789187891394,0 -48.575316719636,-27.8789042163889,0 -48.5753031947534,-27.8788928083194,0 -48.5752939659799,-27.8788854635478,0 -48.5752750725993,-27.8788712812509,0 -48.5752557394788,-27.8788575868558,0 -48.5752163694413,-27.878830827255,0 -48.5751868258476,-27.8788104569888,0 -48.5751674129729,-27.8787963376808,0 -48.5751578585853,-27.8787890323299,0 -48.5751437533039,-27.8787776949882,0 -48.5751299847102,-27.878765822219,0 -48.5751232559769,-27.8787596492865,0 -48.5751200604344,-27.8787564264604,0 -48.5751181100919,-27.8787541722197,0 -48.5751146191639,-27.8787494368954,0 -48.5751130819029,-27.8787469734931,0 -48.5751103930135,-27.878741873391,0 -48.5751082058145,-27.8787365926714,0 -48.5751070346071,-27.8787329990391,0 -48.5751053318442,-27.8787256699317,0 -48.5751030301217,-27.8787100376537,0 -48.5751019220563,-27.8786996058318,0 -48.5751013866858,-27.8786926486205,0 -48.5751007611301,-27.8786786974234,0 -48.5751005621682,-27.8786602874529,0 -48.5751007230393,-27.8786234498087,0 -48.5751005161884,-27.878595826827,0 -48.5750999602449,-27.8785812270138,0 -48.5750995217148,-27.878573928963,0 -48.575098650206,-27.8785630051113,0 -48.5750968723429,-27.8785466424438,0 -48.5750945261902,-27.878530278588,0 -48.5750931345178,-27.8785220886834,0 -48.5750913281705,-27.878513845773,0 -48.575089762679,-27.8785084498795,0 -48.5750885807645,-27.878504891855,0 -48.5750858659294,-27.8784978693088,0 -48.5750835445711,-27.8784926853565,0 -48.5750782469563,-27.8784825317204,0 -48.5750721517778,-27.8784726256387,0 -48.5750676958492,-27.8784661683269,0 -48.5750645713582,-27.8784619268303,0 -48.575057992888,-27.8784535729637,0 -48.5750519809719,-27.8784467721629,0 -48.575047752314,-27.8784425200482,0 -48.57504484826,-27.8784397891799,0 -48.5750388317261,-27.8784345583792,0 -48.5750341833521,-27.8784308132443,0 -48.5750245724998,-27.8784236517295,0 -48.5749946724992,-27.8784030675375,0 -48.5749848218763,-27.8783958472805,0 -48.5749799915471,-27.8783920631457,0 -48.5749729228668,-27.8783861006552,0 -48.5749661221668,-27.8783797100197,0 -48.574962836516,-27.8783763319561,0 -48.5749530257469,-27.8783653769143,0 -48.5749483884281,-27.8783597733161,0 -48.5749418864858,-27.8783512676931,0 -48.5749359961381,-27.8783426555302,0 -48.5749333122822,-27.8783383314679,0 -48.5749285504354,-27.8783296670197,0 -48.5749264838226,-27.8783253444568,0 -48.5749238335529,-27.8783188737567,0 -48.5749234190523,-27.8783174224941,0 -48.5749231852613,-27.8783143420992,0 -48.5749234544699,-27.8783121902458,0 -48.5749243235203,-27.8783092911672,0 -48.5749249650607,-27.878307840865,0 -48.5749268933173,-27.8783046894747,0 -48.5749294544265,-27.8783017568393,0 -48.5749309585971,-27.8783004208451,0 -48.5749334848647,-27.8782986066447,0 -48.5749354310781,-27.8782974860477,0 -48.5749393679741,-27.87829569667,0 -48.5749433473458,-27.878294476375,0 -48.5749460168967,-27.8782939638268,0 -48.5749513896109,-27.8782935440043,0 -48.574955448076,-27.878293696926,0 -48.5749581422899,-27.878293996562,0 -48.5749635426967,-27.8782949760364,0 -48.5749715566945,-27.8782971475344,0 -48.5749870282643,-27.8783022919374,0 -48.5750260060677,-27.8783147707706,0 -48.5750454375332,-27.8783212933403,0 -48.5750647186928,-27.8783281921528,0 -48.5750742926698,-27.8783318075275,0 -48.5750819724799,-27.8783348476706,0 -48.5750971356487,-27.8783411778267,0 -48.5751420079116,-27.8783611685332,0 -48.575164747911,-27.8783709610585,0 -48.5751763392437,-27.8783756312916,0 -48.5751873798671,-27.8783796783401,0 -48.57519300219,-27.878381546155,0 -48.5752015354005,-27.8783841139267,0 -48.5752144995499,-27.8783874188634,0 -48.575227573721,-27.8783899861276,0 -48.5752341192035,-27.8783909763771,0 -48.5752428296494,-27.87839195956,0 -48.5752471783642,-27.8783922982139,0 -48.5752536495168,-27.8783926191401,0 -48.5752632873902,-27.8783926444287,0 -48.5752698755374,-27.8783921650242,0 -48.5752742455718,-27.8783915469137,0 -48.5752771412277,-27.8783910113524,0 -48.5752829007536,-27.8783896422855,0 -48.5752872037014,-27.8783883913267,0 -48.5752957390571,-27.8783853837147,0 -48.5753042141774,-27.8783817973447,0 -48.5753098498464,-27.8783791445889,0 -48.5753210558762,-27.8783734045167,0 -48.5753347078647,-27.8783658939809,0 -48.5753411803741,-27.8783620653063,0 -48.5753504620781,-27.8783561019296,0 -48.5753592122017,-27.8783497414979,0 -48.5753633899326,-27.8783463499159,0 -48.575368768446,-27.8783415812005,0 -48.5753713727586,-27.8783390733653,0 -48.5753751646107,-27.8783351430053,0 -48.5753806082412,-27.8783288147151,0 -48.5753848354025,-27.8783232046297,0 -48.5753873949462,-27.87831942386,0 -48.5753919828408,-27.8783117538467,0 -48.5753940619919,-27.8783078654967,0 -48.5753978419246,-27.8782999918229,0 -48.5754012775427,-27.8782919947894,0 -48.5754077367822,-27.8782756327568,0 -48.5754113473496,-27.8782667097485,0 -48.5754125218502,-27.8782622007995,0 -48.5754127013521,-27.8782592626007,0 -48.5754125505486,-27.8782578253408,0 -48.5754119580433,-27.8782557122952,0 -48.5754095391561,-27.8782497870247,0 -48.5754043076555,-27.878238028134,0 -48.5753985989851,-27.8782263787007,0 -48.5753945466072,-27.8782186651636,0 -48.575385942196,-27.8782033554118,0 -48.5753814180407,-27.8781957596873,0 -48.5753720191439,-27.8781806430248,0 -48.5753622504507,-27.8781656288966,0 -48.5753421091965,-27.8781358058935,0 -48.5753196114227,-27.8781023772141,0 -48.5753051743278,-27.8780808739537,0 -48.5752952946264,-27.8780666426341,0 -48.5752750573191,-27.8780384061881,0 -48.575254350176,-27.8780103955258,0 -48.5752122819763,-27.8779547960986,0 -48.5751809804552,-27.8779131731941,0 -48.5751606024044,-27.8778853313208,0 -48.5751506481462,-27.8778713602688,0 -48.5751360691109,-27.8778503055293,0 -48.5751219882707,-27.8778291158184,0 -48.5751151604116,-27.8778184660517,0 -48.5751145166425,-27.8778172910683,0 -48.5751136504379,-27.8778146951871,0 -48.575113364346,-27.8778128491206,0 -48.5751133824142,-27.8778103139571,0 -48.5751135429029,-27.8778090358231,0 -48.5751143037992,-27.877806233968,0 -48.5751155928302,-27.8778036220394,0 -48.5751164317367,-27.8778024367973,0 -48.5751179497782,-27.8778008394561,0 -48.5751193875352,-27.8777996465776,0 -48.5751224401923,-27.8777975436993,0 -48.5751256468436,-27.8777957056699,0 -48.5751322321855,-27.8777923746304,0 -48.5751370106529,-27.8777897244204,0 -48.5751392599661,-27.8777882120893,0 -48.5751551617942,-27.8777767986021,0 -48.575162862799,-27.8777706813099,0 -48.5751678790126,-27.8777661226566,0 -48.5751703505496,-27.8777636488355,0 -48.5751740039848,-27.8777596439014,0 -48.5751766718798,-27.8777561178187,0 -48.5751780857737,-27.8777537151544,0 -48.5751795189693,-27.8777504740942,0 -48.575180032362,-27.877748850264,0 -48.57518068205,-27.877745198354,0 -48.5751807428881,-27.8777433859274,0 -48.5751804892702,-27.8777392759015,0 -48.5751801117585,-27.8777365261589,0 -48.575178833238,-27.8777310180137,0 -48.5751768943521,-27.8777255246835,0 -48.5751746188163,-27.8777206488368,0 -48.5751732821095,-27.8777182247606,0 -48.5751710374959,-27.8777146034308,0 -48.575167146214,-27.8777092293969,0 -48.5751649614613,-27.8777065651577,0 -48.575160859824,-27.8777019815502,0 -48.5751581209055,-27.8776991274771,0 -48.5751525727155,-27.8776938509533,0 -48.5751497640573,-27.8776914009776,0 -48.5751440273481,-27.8776868249473,0 -48.5751381008555,-27.8776825611359,0 -48.5751340288666,-27.8776798455163,0 -48.5751255254518,-27.8776745803253,0 -48.5751051108616,-27.8776625091142,0 -48.5750641635165,-27.8776386361057,0 -48.5750275712091,-27.8776180156774,0 -48.5750250678812,-27.8776164373431,0 -48.5750205177172,-27.8776128475859,0 -48.5750165561597,-27.8776087086617,0 -48.5750142402487,-27.8776056450485,0 -48.5750128262556,-27.8776034911123,0 -48.5750103297491,-27.8775988812243,0 -48.5750088058273,-27.8775952637622,0 -48.5750079866111,-27.8775928399789,0 -48.5750068051486,-27.8775879828306,0 -48.5750064125464,-27.8775855489314,0 -48.5750059527923,-27.8775806774974,0 -48.5750058657856,-27.8775758214338,0 -48.575006418056,-27.8775661677956,0 -48.5750071514924,-27.8775569502053,0 -48.5750077320266,-27.8775523135066,0 -48.5750086669436,-27.8775477375641,0 -48.575009314182,-27.8775454750602,0 -48.5750111082393,-27.877541058522,0 -48.5750122854265,-27.8775389044714,0 -48.5750144550647,-27.8775357666883,0 -48.5750182772299,-27.8775311148861,0 -48.5750260541403,-27.8775225086136,0 -48.5750313320918,-27.8775171340084,0 -48.5750326665781,-27.8775158473444,0 -48.5750420617314,-27.8775067926282,0 -48.5750502273271,-27.8774989603363,0 -48.5750568993514,-27.8774925451814,0 -48.575070341979,-27.8774798520805,0 -48.5750802953569,-27.8774701650526,0 -48.5750868347598,-27.8774633323251,0 -48.5750899691384,-27.8774598144519,0 -48.5750944664985,-27.8774543985734,0 -48.5750986506818,-27.8774487971012,0 -48.5751006154308,-27.8774459261113,0 -48.575104217117,-27.8774400434389,0 -48.5751058480677,-27.877437022289,0 -48.5751080756389,-27.8774323969469,0 -48.5751127825132,-27.8774211108519,0 -48.575121293925,-27.8773983151658,0 -48.5751277361811,-27.8773812402229,0 -48.5751299657729,-27.8773755228525,0 -48.5751343421749,-27.8773641318135,0 -48.5751378594529,-27.8773556400299,0 -48.5751418762672,-27.877347175209,0 -48.5751441557144,-27.8773429472921,0 -48.5751451322019,-27.8773415116932,0 -48.5751459031367,-27.8773406231903,0 -48.5751477265813,-27.8773390036864,0 -48.575150927581,-27.8773370570657,0 -48.5751540282829,-27.8773358846346,0 -48.5751555918923,-27.8773355238938,0 -48.5751578919478,-27.8773352939632,0 -48.57516094387,-27.8773353928201,0 -48.5751630127154,-27.8773356098551,0 -48.5751671869698,-27.8773363777496,0 -48.5751734838761,-27.8773382298967,0 -48.5751776293159,-27.8773398459323,0 -48.575185649221,-27.8773436685558,0 -48.5751976367891,-27.8773501322667,0 -48.5752032662459,-27.877353596721,0 -48.5752085636914,-27.8773574705708,0 -48.5752110622149,-27.8773596259641,0 -48.5752189075949,-27.8773670813209,0 -48.5752226837046,-27.8773708650711,0 -48.5752281677559,-27.8773766553797,0 -48.5752360301688,-27.8773856271476,0 -48.5752564720439,-27.8774102402004,0 -48.5752665227771,-27.877422634048,0 -48.5752811087505,-27.8774415405648,0 -48.5753077462112,-27.8774778391502,0 -48.5753209056858,-27.8774960712751,0 -48.5753404392938,-27.8775235381014,0 -48.5753527270319,-27.8775412586943,0 -48.5753768498135,-27.8775769353279,0 -48.5753951714063,-27.8776035591603,0 -48.575399615172,-27.8776097552096,0 -48.575408786347,-27.8776219617514,0 -48.5754182454844,-27.8776340114493,0 -48.5754374926192,-27.877657926633,0 -48.5754516789554,-27.8776759967296,0 -48.5754585443305,-27.8776851585641,0 -48.575475085889,-27.8777083674917,0 -48.5754857850182,-27.8777240120252,0 -48.5754927805017,-27.8777345110751,0 -48.5755065144628,-27.8777556676636,0 -48.5755265639203,-27.8777876907777,0 -48.5755396713633,-27.8778091794354,0 -48.5755655481476,-27.8778523672298,0 -48.5755947228017,-27.877900945038,0 -48.5756145898679,-27.8779331455663,0 -48.5756247329463,-27.8779491316633,0 -48.5756402965397,-27.8779729555878,0 -48.5756563630334,-27.8779965168562,0 -48.575664612108,-27.8780081933468,0 -48.5756766645031,-27.8780245203261,0 -48.5756828746162,-27.8780325515754,0 -48.5756924489474,-27.878044440823,0 -48.5757023510742,-27.878056110044,0 -48.5757074318764,-27.8780618657064,0 -48.5757178741992,-27.8780731837123,0 -48.5757232330457,-27.8780787548201,0 -48.5757314570862,-27.8780869933172,0 -48.5757521412382,-27.8781069454786,0 -48.5757625958709,-27.8781167932947,0 -48.5757784565574,-27.8781313732092,0 -48.5758027047975,-27.8781527780581,0 -48.5758192300173,-27.878166711556,0 -48.5758276169812,-27.8781735629145,0 -48.5758403656376,-27.8781837033046,0 -48.5759106234051,-27.8782383186452,0 -48.5759459154576,-27.8782654667129,0 -48.5760346817585,-27.8783328498087,0 -48.5760543136021,-27.8783473517382,0 -48.5760675568618,-27.878356824533,0 -48.5760943867908,-27.8783753779936,0 -48.5761215691728,-27.8783935229616,0 -48.5761764896987,-27.8784292091631,0 -48.5762177270889,-27.8784560283219,0 -48.5762450146401,-27.8784742114639,0 -48.5762585450468,-27.8784834541373,0 -48.5762786834546,-27.8784975590709,0 -48.5762985560879,-27.8785119936103,0 -48.5763083835824,-27.878519366469,0 -48.5763143825398,-27.878524109527,0 -48.5763182391601,-27.8785273984737,0 -48.5763256516762,-27.8785342332173,0 -48.576329197476,-27.8785377870973,0 -48.5763359691153,-27.8785451249352,0 -48.5763423184528,-27.8785527521802,0 -48.5763463218731,-27.8785579926811,0 -48.5763537603971,-27.8785687797969,0 -48.5763640508718,-27.878585445815,0 -48.5763836088507,-27.8786191288363,0 -48.5763935115808,-27.8786358965238,0 -48.5763986471167,-27.8786442062311,0 -48.5764190298552,-27.8786768667601,0 -48.5764295040447,-27.8786930486239,0 -48.5764405298538,-27.8787089785992,0 -48.5764463387049,-27.8787168039537,0 -48.5764530621971,-27.8787253861018,0 -48.5764576587424,-27.8787310159212,0 -48.576467129062,-27.8787420998011,0 -48.5764818879904,-27.8787582942317,0 -48.5764920196377,-27.8787688753742,0 -48.5765127764295,-27.8787896685465,0 -48.5768786405354,-27.8791490320209,0 -48.5771489153242,-27.8794134623578,0 -48.5771545607481,-27.8794193903594,0 -48.5771580842249,-27.879423503903,0 -48.577164615157,-27.879432082084,0 -48.5771676417863,-27.8794365206243,0 -48.5771732791135,-27.8794456514302,0 -48.577178451562,-27.8794550631872,0 -48.577181680155,-27.879461453701,0 -48.577187758304,-27.8794744180604,0 -48.5771917368205,-27.879483619381,0 -48.5771942301024,-27.8794897717253,0 -48.5771988489249,-27.8795021420918,0 -48.5772050231795,-27.8795208107744,0 -48.5772087349322,-27.8795333364653,0 -48.5772155456272,-27.8795585488956,0 -48.5772179869166,-27.8795683724803,0 -48.5772223386122,-27.879588091822,0 -48.5772260832424,-27.8796079089812,0 -48.5772282553523,-27.8796211653846,0 -48.577231986299,-27.8796477764506,0 -48.577233588091,-27.8796611225063,0 -48.5772363655021,-27.87968788808,0 -48.5772387332402,-27.8797147097832,0 -48.5772430607377,-27.8797684445944,0 -48.5772466701972,-27.8798087233244,0 -48.5772488346323,-27.8798288100869,0 -48.5772522381508,-27.8798555415091,0 -48.5772542384883,-27.8798688582242,0 -48.5772576532155,-27.8798887956959,0 -48.5772616487836,-27.8799086442509,0 -48.5772638858931,-27.8799185363888,0 -48.5772688996481,-27.8799382497458,0 -48.5772716967501,-27.8799480707738,0 -48.5772762846342,-27.8799627502852,0 -48.5772799474127,-27.879972911453,0 -48.5772819988999,-27.8799779188065,0 -48.5772853347156,-27.8799853399355,0 -48.5772909407614,-27.8799962390782,0 -48.5772972344721,-27.8800068165781,0 -48.5773006456803,-27.8800119651379,0 -48.5773079668328,-27.8800219918137,0 -48.5773118798557,-27.8800268429989,0 -48.5773180480888,-27.8800339262204,0 -48.5773888194462,-27.8801107100555,0 -48.5774362559017,-27.8801615305534,0 -48.5775317082865,-27.8802626766877,0 -48.5775688672448,-27.8803016953284,0 -48.5776435589958,-27.8803793690746,0 -48.5778688442051,-27.8806114365995,0 -48.5779436772577,-27.8806891572907,0 -48.5779809253137,-27.8807281955708,0 -48.5780365320829,-27.8807870638697,0 -48.5780416215899,-27.8807928014348,0 -48.5780448261918,-27.8807967375317,0 -48.5780507967221,-27.8808048547927,0 -48.5780535876275,-27.8808090275845,0 -48.5780588627105,-27.8808175654831,0 -48.5780637751067,-27.880826331611,0 -48.5780668919795,-27.8808322878337,0 -48.5780728877772,-27.8808443932524,0 -48.5780793250648,-27.8808581040491,0 -48.578082339913,-27.8808649963431,0 -48.5780864952616,-27.8808753913918,0 -48.5780900369187,-27.8808858753338,0 -48.5780915256887,-27.8808911619118,0 -48.5780931733805,-27.8808982466079,0 -48.5780938476295,-27.8809018133117,0 -48.5780946314409,-27.8809071959904,0 -48.578095283407,-27.8809153277151,0 -48.5780989402093,-27.8810174501558,0 -48.5781076792837,-27.8812679706331,0 -48.5781118974511,-27.8813932372958,0 -48.578117658443,-27.8815811135671,0 -48.5781174272243,-27.8815874080099,0 -48.5781168576311,-27.8815915575358,0 -48.5781163067721,-27.8815943085794,0 -48.5781148570415,-27.8815997693046,0 -48.5781134974996,-27.8816038234414,0 -48.5781101788539,-27.8816118589467,0 -48.5781063182803,-27.8816197940596,0 -48.5780979158973,-27.8816354182591,0 -48.578090805737,-27.8816482862706,0 -48.5780859278164,-27.8816567635778,0 -48.5780758783947,-27.8816734866886,0 -48.578065527117,-27.8816899880628,0 -48.578044403027,-27.881722604509,0 -48.5780285673471,-27.881747013001,0 -48.5780131425626,-27.8817716445922,0 -48.5780056860172,-27.8817841188082,0 -48.5779949641748,-27.8818031221612,0 -48.5779843278754,-27.8818234889302,0 -48.5779793451327,-27.8818337509036,0 -48.5779723566778,-27.881849363598,0 -48.5779660288925,-27.8818653943305,0 -48.5779631367829,-27.881873617962,0 -48.5779613836209,-27.8818792892312,0 -48.5779603875571,-27.8818830793544,0 -48.5779587564091,-27.8818906753076,0 -48.5779581132832,-27.8818944804456,0 -48.5779571388597,-27.8819021149267,0 -48.577956534506,-27.8819097465501,0 -48.5779563196554,-27.8819148319137,0 -48.5779562556996,-27.8819249991565,0 -48.5779567196184,-27.8819388213983,0 -48.5779571651054,-27.8819457318666,0 -48.577958153012,-27.88195608942,0 -48.5779595572457,-27.881966454291,0 -48.5779604268329,-27.8819716308586,0 -48.5779625602396,-27.8819819815609,0 -48.5779638283959,-27.8819871557719,0 -48.5779659909269,-27.881994917533,0 -48.5779794203192,-27.8820380122715,0 -48.57798642025,-27.8820593030651,0 -48.5779973105696,-27.8820909209209,0 -48.5780087281111,-27.8821222143105,0 -48.578014639598,-27.8821377475415,0 -48.578026909753,-27.8821686048816,0 -48.5780332682129,-27.8821839383491,0 -48.5780431384344,-27.8822068403097,0 -48.5780568899806,-27.8822371916957,0 -48.5780640373935,-27.8822523038742,0 -48.578075123148,-27.8822748934649,0 -48.5780866423165,-27.8822974190797,0 -48.5780925884836,-27.8823086667172,0 -48.5781121330518,-27.8823448126366,0 -48.5781253392918,-27.8823687573492,0 -48.5781521644158,-27.8824163191899,0 -48.5781657733943,-27.8824399636795,0 -48.5781933509634,-27.8824870243717,0 -48.5782213780029,-27.8825338853398,0 -48.5782402945673,-27.8825650582812,0 -48.578278621492,-27.8826273853,0 -48.5783152616549,-27.8826861096392,0 -48.5783337016459,-27.8827153340318,0 -48.5783615276944,-27.8827590061183,0 -48.5784037422378,-27.8828241357188,0 -48.5784466041873,-27.8828888339118,0 -48.578468321201,-27.8829210302513,0 -48.5784975993557,-27.8829637899678,0 -48.5785090180909,-27.8829802531893,0 -48.5785123869912,-27.8829851091026,0 -48.5785347683952,-27.8830170015496,0 -48.5785688122996,-27.8830646538278,0 -48.5785995859245,-27.8831068351216,0 -48.5786151719878,-27.8831278708919,0 -48.578638791838,-27.8831593428638,0 -48.5786748067869,-27.8832063804636,0 -48.5787115919426,-27.8832532327815,0 -48.5787302823761,-27.8832765876218,0 -48.5787350040552,-27.8832820664766,0 -48.5787383309139,-27.8832855261391,0 -48.5787453750788,-27.8832920563617,0 -48.5787490631019,-27.883295161653,0 -48.5787567805325,-27.8833010990222,0 -48.5787648585729,-27.8833067905007,0 -48.5787818748226,-27.8833178713597,0 -48.5787903581865,-27.8833231459096,0 -48.5787946814115,-27.8833255585494,0 -48.5787990920012,-27.8833276659769,0 -48.5788013445914,-27.883328571829,0 -48.578805955273,-27.8833300153077,0 -48.5788083199518,-27.8833305354272,0 -48.5788119527883,-27.8833309963237,0 -48.5788603098159,-27.8833342460008,0 -48.5788925805417,-27.883336093971,0 -48.5789141140236,-27.8833371943049,0 -48.5789572293154,-27.8833390615287,0 -48.5789895848632,-27.8833401895322,0 -48.579011171742,-27.8833408122193,0 -48.5790543868106,-27.8833417609239,0 -48.5790760104674,-27.8833420956732,0 -48.5791192811247,-27.8833424681866,0 -48.5791625796445,-27.883342479908,0 -48.5791914616449,-27.8833422835032,0 -48.5792492720357,-27.8833414492675,0 -48.579281802558,-27.8833407304302,0 -48.5793468964997,-27.8833387613214,0 -48.5794120131567,-27.8833361333768,0 -48.5794554422662,-27.8833340364155,0 -48.5794843944359,-27.8833324968903,0 -48.5795423006329,-27.8833290835711,0 -48.5796074265092,-27.8833247594981,0 -48.5796508361484,-27.8833216152265,0 -48.5797376094126,-27.8833147481352,0 -48.579780959838,-27.8833110614309,0 -48.5798675798603,-27.8833032256139,0 -48.5799540688242,-27.8832949006094,0 -48.5800116316705,-27.8832891173984,0 -48.5801264993714,-27.8832771674818,0 -48.5802720112202,-27.8832618664522,0 -48.5805630248283,-27.8832314350201,0 -48.5807812478414,-27.8832081619653,0 -48.5809266799897,-27.8831921462116,0 -48.5809993761949,-27.8831839303084,0 -48.5811084045902,-27.8831712899916,0 -48.5812052723788,-27.8831597000151,0 -48.5812536975092,-27.8831537553283,0 -48.5813263141934,-27.8831446539584,0 -48.5814351986172,-27.8831305134609,0 -48.5815440402857,-27.8831157580794,0 -48.5815984251905,-27.8831081142812,0 -48.5816527768553,-27.8831001532173,0 -48.5816798880314,-27.8830960002704,0 -48.5817204872191,-27.8830895485423,0 -48.5817812569953,-27.8830793727454,0 -48.5818418960518,-27.8830685805811,0 -48.5818721697843,-27.8830629581677,0 -48.5819326345067,-27.8830512250374,0 -48.5819628500821,-27.8830451235633,0 -48.5820081340133,-27.8830356677548,0 -48.5820590918382,-27.8830246879873,0 -48.5820845428679,-27.8830190442331,0 -48.5821226332396,-27.8830103284334,0 -48.5821605781486,-27.8830012135565,0 -48.5821794895619,-27.8829964744087,0 -48.5822171411137,-27.8829865872237,0 -48.5822358793734,-27.8829814121685,0 -48.5822638419943,-27.882973330931,0 -48.5822885406389,-27.882965788292,0 -48.5823008434122,-27.8829618804031,0 -48.5823192070948,-27.8829558506644,0 -48.5823465810267,-27.8829463696291,0 -48.5823737026509,-27.8829363609831,0 -48.582387172138,-27.8829311292629,0 -48.5831259886784,-27.8826397109897,0 -48.5835304220555,-27.8824980796027,0 -48.5835643296634,-27.8824860243031,0 -48.5835868617913,-27.8824778205713,0 -48.5836317234147,-27.8824610482742,0 -48.5836540710601,-27.8824524717666,0 -48.5836986003239,-27.8824350079792,0 -48.5837429256588,-27.8824171259129,0 -48.5837723669625,-27.8824049922443,0 -48.5838310400637,-27.8823802784394,0 -48.5838748721382,-27.88236138593,0 -48.583904024294,-27.8823486518396,0 -48.5839621625685,-27.8823228728788,0 -48.5840490931017,-27.8822836226612,0 -48.5842224477988,-27.8822041653951,0 -48.5843091728421,-27.8821645594948,0 -48.5843526110365,-27.8821449203104,0 -48.5844179114369,-27.8821157839805,0 -48.5844488117263,-27.882102051127,0 -48.5845104363145,-27.8820742761157,0 -48.5845718873949,-27.882046191286,0 -48.5846945498418,-27.8819896202726,0 -48.584786581649,-27.8819473369746,0 -48.5848327029857,-27.8819264003628,0 -48.5848361374621,-27.8819249356284,0 -48.5848431384051,-27.8819223422058,0 -48.5848647245582,-27.8819156735888,0 -48.5848718876818,-27.88191320086,0 -48.5848754320732,-27.8819118101947,0 -48.5848806601036,-27.8819094836342,0 -48.5848855958909,-27.8819068088563,0 -48.5848886863606,-27.8819048149125,0 -48.5848943903516,-27.8819003676301,0 -48.5848970214485,-27.8818979322226,0 -48.5849018819241,-27.8818927030107,0 -48.5849062214848,-27.8818870406188,0 -48.5849088562556,-27.8818830715349,0 -48.5849135512402,-27.8818747713905,0 -48.5849152512711,-27.8818712821182,0 -48.5849181709631,-27.8818642775316,0 -48.5849204700658,-27.8818572257214,0 -48.5849216700749,-27.8818524737082,0 -48.5849223321821,-27.8818492823554,0 -48.5849233079711,-27.881842820849,0 -48.5849250077717,-27.8818257162524,0 -48.5849253708199,-27.8818171507405,0 -48.5849251643271,-27.881808611594,0 -48.5849247813869,-27.8818043638286,0 -48.5849234062428,-27.8817940264934,0 -48.5849200135255,-27.8817733950845,0 -48.58491767904,-27.8817578889996,0 -48.5849151523757,-27.8817354047446,0 -48.5849142242958,-27.8817241368266,0 -48.5849134106375,-27.8817072673916,0 -48.5849135080249,-27.8817024332724,0 -48.5849137800313,-27.8816992257205,0 -48.5849148277349,-27.8816928469802,0 -48.5849155557403,-27.8816896744052,0 -48.5849173737637,-27.8816833543239,0 -48.5849195951254,-27.8816770682965,0 -48.5849248488532,-27.8816645368894,0 -48.5849286057416,-27.881656671889,0 -48.5849306316351,-27.8816528815791,0 -48.584933889795,-27.881647353332,0 -48.584939379028,-27.8816394013895,0 -48.5849435134975,-27.8816342943768,0 -48.584945739976,-27.8816317984574,0 -48.5849493147693,-27.8816281162476,0 -48.5849539123355,-27.8816237575112,0 -48.5849570301207,-27.8816209792756,0 -48.5849634125329,-27.8816157040391,0 -48.5849666874513,-27.8816131901466,0 -48.5849733919345,-27.8816083991252,0 -48.5849803363609,-27.8816038832602,0 -48.584985111734,-27.8816010074093,0 -48.5849950250826,-27.8815955054776,0 -48.5850072918192,-27.8815894406546,0 -48.5850134787501,-27.881586661684,0 -48.5850229046376,-27.8815827934388,0 -48.5850277197776,-27.8815809740034,0 -48.5850375924376,-27.8815775563614,0 -48.5850422370602,-27.8815761034668,0 -48.5850515750581,-27.8815735421775,0 -48.5850609635552,-27.8815714421701,0 -48.585067241672,-27.8815703070265,0 -48.5850798908328,-27.8815686248782,0 -48.585085547067,-27.8815682547926,0 -48.58508838902,-27.8815682142794,0 -48.5850926836793,-27.8815683435115,0 -48.5850991183019,-27.88156895302,0 -48.5851054911261,-27.8815700570884,0 -48.5851086322503,-27.8815708065863,0 -48.5851181395031,-27.8815734365424,0 -48.585122808861,-27.8815748902004,0 -48.5851296996751,-27.8815772573228,0 -48.5851397768558,-27.8815812955299,0 -48.5851462985052,-27.88158437872,0 -48.5851494906554,-27.881586040544,0 -48.5851542143543,-27.8815887039723,0 -48.585159822923,-27.8815922128341,0 -48.5851706171237,-27.8815995210821,0 -48.5851788141564,-27.881604916343,0 -48.5851884047423,-27.8816106334098,0 -48.5851933004995,-27.8816133356483,0 -48.585200831478,-27.8816171579597,0 -48.5852044920814,-27.8816186567193,0 -48.5852070438427,-27.8816194322343,0 -48.5852123539185,-27.8816204730667,0 -48.5852150893433,-27.8816207644174,0 -48.5852206274338,-27.8816209424202,0 -48.5852262091604,-27.8816206343554,0 -48.5852298946338,-27.8816202027441,0 -48.5852370414237,-27.8816189115428,0 -48.5852442512331,-27.8816170707305,0 -48.5852477811422,-27.8816159689264,0 -48.5852529321844,-27.8816140105312,0 -48.5852579074018,-27.8816116525401,0 -48.5852603261124,-27.8816102966591,0 -48.5852649617335,-27.8816072107298,0 -48.5852671940993,-27.8816054545179,0 -48.5852704063778,-27.8816025512662,0 -48.585273410142,-27.881599436741,0 -48.5852752538328,-27.8815973487964,0 -48.5852785771055,-27.8815931026438,0 -48.5852800771076,-27.8815909458951,0 -48.5852827557634,-27.881586562333,0 -48.5852850368014,-27.881582054501,0 -48.5852863664142,-27.8815789739713,0 -48.5852885771578,-27.8815726067957,0 -48.5852973630756,-27.8815423084252,0 -48.5853013557876,-27.8815271114732,0 -48.5853049360418,-27.8815118445121,0 -48.5853065282019,-27.8815041668095,0 -48.5853185292912,-27.8814419023607,0 -48.5853288833205,-27.8813909058623,0 -48.5853344013119,-27.8813654587459,0 -48.5853401450727,-27.8813407298624,0 -48.58539821965,-27.8813276684458,0 -48.5854069911738,-27.8813290436278,0 -48.585408219343,-27.8813305339045,0 -48.5854099783101,-27.8813330732316,0 -48.5854130553859,-27.8813381887689,0 -48.5854211100946,-27.8813541023781,0 -48.5854245639911,-27.8813608937346,0 -48.5854310229109,-27.8813745952466,0 -48.5854361372685,-27.881384818014,0 -48.5854396740711,-27.881391448362,0 -48.5854415452168,-27.8813946301357,0 -48.5854448418784,-27.881399262688,0 -48.5854475697062,-27.8814022700265,0 -48.5854491309209,-27.8814037501678,0 -48.5854517939465,-27.8814059352548,0 -48.5854553742755,-27.8814083980043,0 -48.5854578007131,-27.8814097936264,0 -48.5854627163749,-27.8814120457193,0 -48.5854651926341,-27.8814129278465,0 -48.5854702113368,-27.881414279123,0 -48.5854752586311,-27.8814151798647,0 -48.5854786413204,-27.8814155728684,0 -48.5854853816911,-27.8814160335155,0 -48.5854933088511,-27.8814161905857,0 -48.5854973148222,-27.8814160625192,0 -48.5855033463519,-27.8814155095458,0 -48.5855093719238,-27.8814144151151,0 -48.5855123766977,-27.8814136284736,0 -48.5855183216273,-27.881411503894,0 -48.5855212660988,-27.8814101390466,0 -48.5855256266517,-27.8814076617844,0 -48.5855290498173,-27.881405420876,0 -48.5855355284851,-27.8814008334884,0 -48.5855415638642,-27.8813960852346,0 -48.5855453625805,-27.8813928403441,0 -48.5855524764667,-27.8813861884409,0 -48.5855574431284,-27.8813810871773,0 -48.5855605944914,-27.8813776326866,0 -48.5855665884428,-27.8813706456004,0 -48.5855749907994,-27.8813600015596,0 -48.5855780841553,-27.8813558653684,0 -48.5855908976284,-27.8813387335409,0 -48.5855990680686,-27.8813283740096,0 -48.5856033634087,-27.8813233331257,0 -48.5856101655771,-27.8813159813061,0 -48.5856175538342,-27.8813089465029,0 -48.5856215054652,-27.881305569364,0 -48.5856344238431,-27.8812950490502,0 -48.5856410367515,-27.8812899138447,0 -48.5856513348726,-27.8812825147826,0 -48.5856636862591,-27.8812744754154,0 -48.58566997733,-27.8812706606913,0 -48.5856796323426,-27.8812652626718,0 -48.585689612692,-27.8812602855906,0 -48.5856947615911,-27.881257975784,0 -48.5857018004402,-27.8812550398833,0 -48.5857160123362,-27.8812497398712,0 -48.5857304069733,-27.8812450025855,0 -48.5857401169789,-27.8812420418879,0 -48.5857597930241,-27.8812363408564,0 -48.5857815055954,-27.881230278986,0 -48.5857923816746,-27.8812275011744,0 -48.5858032912192,-27.8812250306964,0 -48.5858087583832,-27.8812239352805,0 -48.5858197148599,-27.8812221149163,0 -48.5858252037695,-27.8812214081347,0 -48.5858334664541,-27.8812206326444,0 -48.5858431419239,-27.881220233811,0 -48.5858496277695,-27.8812202659303,0 -48.5858539602183,-27.8812204233358,0 -48.5858626416294,-27.8812209994746,0 -48.5858691646577,-27.8812216462916,0 -48.585882205917,-27.881223435484,0 -48.5858952130624,-27.881225756619,0 -48.5859038457516,-27.8812275230982,0 -48.5859209306839,-27.8812313954387,0 -48.5859346280802,-27.8812350096252,0 -48.5859616024306,-27.8812431426128,0 -48.5859752084064,-27.8812468548733,0 -48.585982116224,-27.8812484556555,0 -48.5860044486166,-27.8812530064221,0 -48.5860156442703,-27.8812550435851,0 -48.5860325206103,-27.8812577028878,0 -48.5860494842485,-27.8812597237869,0 -48.5860580203961,-27.8812604504677,0 -48.5860642946228,-27.8812608583126,0 -48.5860768872588,-27.8812613586651,0 -48.5860894844485,-27.8812615699708,0 -48.5861146951073,-27.8812616778549,0 -48.5861335851073,-27.8812620181119,0 -48.586143019144,-27.8812624449559,0 -48.5861839883033,-27.881264894597,0 -48.5862044493357,-27.8812662729254,0 -48.5862351334292,-27.8812685787413,0 -48.5862657832973,-27.8812712540315,0 -48.5862810932719,-27.8812727491919,0 -48.5863116827129,-27.8812761090538,0 -48.5863269562006,-27.8812779918242,0 -48.5863498542524,-27.8812810996569,0 -48.5863618092794,-27.881282879141,0 -48.5863856053956,-27.8812867968288,0 -48.5864092595517,-27.8812911630619,0 -48.586424970084,-27.8812942986432,0 -48.5864562459178,-27.881301054089,0 -48.5864796046958,-27.8813064708577,0 -48.5864951265178,-27.8813102347962,0 -48.5865260989233,-27.8813180406332,0 -48.5865569916225,-27.8813261430042,0 -48.5866186864749,-27.881342770191,0 -48.5866650200707,-27.8813551846582,0 -48.5866922190653,-27.8813621632865,0 -48.5867115242999,-27.881367115817,0 -48.5867348775157,-27.8813727846737,0 -48.5867700860094,-27.8813807913062,0 -48.5867936972484,-27.8813857250612,0 -48.5868055465375,-27.881388053371,0 -48.5868233879809,-27.8813913523383,0 -48.586831276359,-27.8813926992984,0 -48.5868470780361,-27.8813950241238,0 -48.58686291433,-27.8813969618502,0 -48.58687348302,-27.8813980671698,0 -48.5868946317124,-27.8813999354597,0 -48.5869069846074,-27.8814007113022,0 -48.5869131717813,-27.8814009369499,0 -48.5869224736241,-27.8814010095192,0 -48.5869317911272,-27.8814007392666,0 -48.5869364483106,-27.8814004512891,0 -48.5869457571114,-27.8813995673864,0 -48.5869504136517,-27.881398945113,0 -48.5869573827011,-27.8813977861842,0 -48.5869638330537,-27.8813964011903,0 -48.5869680390617,-27.8813953018178,0 -48.5869762899628,-27.8813927665176,0 -48.5869883336404,-27.8813882583327,0 -48.5869962157725,-27.8813849406161,0 -48.5870118427007,-27.8813780142019,0 -48.587020117557,-27.8813740353431,0 -48.5870254597243,-27.8813711423581,0 -48.5870272632538,-27.8813700532332,0 -48.5870358159986,-27.8813648902451,0 -48.587045834504,-27.8813581905433,0 -48.5870655283355,-27.8813442520357,0 -48.5870755093753,-27.8813374250109,0 -48.5870805988981,-27.8813341305341,0 -48.5870910714644,-27.8813279162494,0 -48.587096496862,-27.8813250428925,0 -48.5871049210284,-27.8813210941784,0 -48.5871137625219,-27.8813176665884,0 -48.5871183449072,-27.8813161679242,0 -48.5871221627434,-27.8813151608786,0 -48.5871247127486,-27.8813146465525,0 -48.5871298481331,-27.8813139511514,0 -48.5871375812291,-27.8813136085341,0 -48.5871427285609,-27.8813137438203,0 -48.5871529538363,-27.8813145721532,0 -48.5871731429712,-27.8813168658228,0 -48.5871831988361,-27.8813184583336,0 -48.587193186116,-27.8813206003581,0 -48.5871981399974,-27.8813219410752,0 -48.5872077403522,-27.8813250417278,0 -48.5872263091319,-27.881332070706,0 -48.5872356367009,-27.8813354826911,0 -48.5872403945665,-27.8813370545793,0 -48.5872620566516,-27.8813438039796,0 -48.5872729423806,-27.8813469904653,0 -48.5872893788414,-27.8813512659736,0 -48.5873004250709,-27.8813536429622,0 -48.5873059874973,-27.8813546517852,0 -48.587314387748,-27.8813559179133,0 -48.5873209833177,-27.8813565923665,0 -48.5873254023906,-27.881356868545,0 -48.587334306152,-27.8813570332454,0 -48.5873477088385,-27.8813565282907,0 -48.5873566522463,-27.8813558274086,0 -48.5873744119436,-27.8813540092791,0 -48.58738856364,-27.8813523438596,0 -48.5873979840886,-27.8813510923506,0 -48.5874167987751,-27.8813483179199,0 -48.5874355911632,-27.8813452633328,0 -48.5874731171656,-27.8813387020859,0 -48.5875012397424,-27.8813337985206,0 -48.5875293962644,-27.8813292926094,0 -48.5875434964853,-27.8813272930898,0 -48.5875646843296,-27.8813247402684,0 -48.5875686321116,-27.8813243853293,0 -48.5875766098823,-27.8813239930006,0 -48.5875846208193,-27.8813240335636,0 -48.5875899565657,-27.8813242806225,0 -48.5876005885748,-27.8813252696923,0 -48.5876061137363,-27.8813261423749,0 -48.5876088322238,-27.881326722507,0 -48.5876128580751,-27.8813277941847,0 -48.5876187440667,-27.881329891366,0 -48.5876243792103,-27.8813326521733,0 -48.5876270943539,-27.8813343055908,0 -48.5876300259484,-27.8813362877195,0 -48.5876355503472,-27.8813403815218,0 -48.5876406953047,-27.8813446493161,0 -48.587643960497,-27.8813476026885,0 -48.5876502511047,-27.8813537855498,0 -48.5876831069153,-27.881389135088,0 -48.5876955177927,-27.8814014967237,0 -48.5877019650108,-27.8814074928783,0 -48.5877121380266,-27.881416269832,0 -48.5877193493296,-27.8814216834874,0 -48.5877231432596,-27.8814241587308,0 -48.5877290487784,-27.8814275559377,0 -48.5877352073927,-27.8814305236113,0 -48.5877383770125,-27.881431833626,0 -48.5877448644815,-27.8814340856187,0 -48.5877481742767,-27.8814350274556,0 -48.587753238506,-27.8814361718273,0 -48.5877694934698,-27.8814390188509,0 -48.5877803613619,-27.8814406348957,0 -48.5878021665568,-27.8814433081201,0 -48.5878249193754,-27.8814456465724,0 -48.5878704471504,-27.8814500798866,0 -48.5879045422639,-27.8814537987,0 -48.5879309199439,-27.8814572651178,0 -48.5879484604368,-27.8814598278739,0 -48.5879835052928,-27.881465241322,0 -48.5879916805195,-27.8814665662522,0 -48.5880079543421,-27.881469485722,0 -48.588024148523,-27.8814727826881,0 -48.588034887505,-27.8814751817769,0 -48.5880562471029,-27.8814804548,0 -48.5880688499716,-27.8814841581119,0 -48.5880770715036,-27.8814869729822,0 -48.5880824919826,-27.8814889898529,0 -48.5880931598915,-27.8814933091396,0 -48.5881010645083,-27.8814967765667,0 -48.5881166402673,-27.8815041506592,0 -48.5881269137521,-27.8815093199532,0 -48.5881473626267,-27.8815199459479,0 -48.5881627612312,-27.8815279028961,0 -48.5881783422024,-27.8815356014446,0 -48.5881862521252,-27.8815392771304,0 -48.5881982787313,-27.8815445128991,0 -48.5882105831772,-27.8815493212179,0 -48.5882168397633,-27.8815515328009,0 -48.5882282227671,-27.8815552152996,0 -48.5882339529936,-27.8815569033013,0 -48.5882425834805,-27.8815592197628,0 -48.588255628735,-27.881562119046,0 -48.5882643870749,-27.881563616627,0 -48.5882687909075,-27.8815642174311,0 -48.5882754162464,-27.8815649198961,0 -48.5882809947795,-27.8815653149147,0 -48.5882922392262,-27.881565602025,0 -48.5883035290487,-27.8815652400841,0 -48.5883110559051,-27.8815646679987,0 -48.5883160511923,-27.8815641419249,0 -48.5883259719482,-27.8815627724441,0 -48.5883355064109,-27.8815609633397,0 -48.588354341997,-27.8815565199283,0 -48.5883638095522,-27.8815544298874,0 -48.5883685916566,-27.8815535393621,0 -48.5883820317014,-27.8815515458265,0 -48.5883887910286,-27.8815507890319,0 -48.5883989432662,-27.8815499649502,0 -48.5884090767936,-27.8815495376062,0 -48.588414125072,-27.8815494728543,0 -48.5884185700733,-27.8815495864401,0 -48.5884215206194,-27.8815497917254,0 -48.588427383548,-27.8815505259994,0 -48.58843029655,-27.8815510549989,0 -48.5884360942788,-27.8815524379758,0 -48.5884418326374,-27.8815542346023,0 -48.5884456390456,-27.8815556724969,0 -48.5884531485888,-27.8815590971941,0 -48.588457030008,-27.881561177434,0 -48.588464174134,-27.8815655974874,0 -48.5884706785581,-27.8815703852379,0 -48.5884747641622,-27.8815737951736,0 -48.5884826641939,-27.881581133479,0 -48.5884915252746,-27.8815901038509,0 -48.5884957399489,-27.8815946532724,0 -48.588501738606,-27.8816016515544,0 -48.5885072936819,-27.8816089493729,0 -48.5885098803098,-27.8816127389533,0 -48.5885160785174,-27.8816226463022,0 -48.5885199815031,-27.88162934632,0 -48.5885273043642,-27.8816429278979,0 -48.5885307771077,-27.8816498010211,0 -48.5885374180654,-27.8816636410668,0 -48.5885565126886,-27.8817055074273,0 -48.5885665753909,-27.8817262290642,0 -48.5885719746417,-27.8817364473519,0 -48.5885777219774,-27.8817465362546,0 -48.5885807390267,-27.8817515152015,0 -48.5885898019595,-27.8817659483436,0 -48.5885948586519,-27.8817728310096,0 -48.5885986217401,-27.8817771467326,0 -48.5886006474584,-27.8817792033071,0 -48.5886039008978,-27.8817821294676,0 -48.5886108362397,-27.8817876373789,0 -48.588625094347,-27.8817981191773,0 -48.588635746149,-27.8818060199963,0 -48.5886417453147,-27.8818105912784,0 -48.5886536917486,-27.8818196426162,0 -48.5886625338357,-27.8818266190556,0 -48.5886712126793,-27.8818339979645,0 -48.5886754841124,-27.8818379167036,0 -48.5886790645341,-27.8818417776414,0 -48.588681095498,-27.8818445204982,0 -48.5886823101471,-27.881846427403,0 -48.5886844384459,-27.8818503714216,0 -48.5886857823829,-27.88185343599,0 -48.5886878957282,-27.8818597885768,0 -48.5886894039121,-27.881866320571,0 -48.5886901491363,-27.881870727771,0 -48.5886912163965,-27.8818794807956,0 -48.5886928882227,-27.8818993512311,0 -48.5886936298168,-27.8819126193812,0 -48.5886943696045,-27.8819391685566,0 -48.5886943818675,-27.8819657413486,0 -48.5886933562944,-27.882018895542,0 -48.5886928066502,-27.8820587131235,0 -48.5886930745323,-27.8820852176935,0 -48.5886935102589,-27.8820984441439,0 -48.5886946471841,-27.8821182600603,0 -48.5886964630697,-27.8821380344382,0 -48.5886976536219,-27.8821479081234,0 -48.5887008033838,-27.8821722079418,0 -48.5887027464409,-27.8821843147292,0 -48.5887053159863,-27.882196314626,0 -48.5887069185231,-27.8822022529476,0 -48.5887386991008,-27.8823100554078,0 -48.5888027989979,-27.8825298838132,0 -48.5888148230049,-27.8825710674468,0 -48.5888158692357,-27.8825756242006,0 -48.5888162758593,-27.8825787263371,0 -48.5888164531306,-27.8825850180601,0 -48.5888162410915,-27.882588181515,0 -48.5888152278282,-27.8825944981154,0 -48.5888135061574,-27.8826007026406,0 -48.5888120030276,-27.8826047367648,0 -48.5888108404408,-27.8826073598566,0 -48.5888081997678,-27.8826124116241,0 -48.5887832506273,-27.8826545453743,0 -48.5887575812388,-27.8826984706599,0 -48.5887548305258,-27.8827030061323,0 -48.5887490156872,-27.8827119003201,0 -48.5887427915924,-27.8827205797264,0 -48.5887384532385,-27.8827262786147,0 -48.588729339438,-27.8827375150928,0 -48.5887261807889,-27.8827411050069,0 -48.5887194499749,-27.8827478987066,0 -48.5887122213438,-27.8827542508323,0 -48.5887071787986,-27.8827582769897,0 -48.5886966618011,-27.8827659340423,0 -48.5886937348848,-27.8827678769654,0 -48.5886877142022,-27.8827714889399,0 -48.5886815144955,-27.8827748450028,0 -48.5886688951117,-27.8827812470808,0 -48.5886595423653,-27.8827862898805,0 -48.5886549831493,-27.8827890341673,0 -48.5886443347358,-27.8827957411344,0 -48.5886392003136,-27.8827992425016,0 -48.5886343217382,-27.8828030011242,0 -48.5886320148314,-27.8828050176772,0 -48.5886277015123,-27.8828093908767,0 -48.5886257314918,-27.8828117834058,0 -48.5886230337749,-27.8828156611468,0 -48.5886198491252,-27.8828209831541,0 -48.5886141303893,-27.8828316925232,0 -48.5886092181345,-27.8828424793373,0 -48.5886063584972,-27.8828497196667,0 -48.58860461453,-27.8828545525166,0 -48.5886015276787,-27.8828642703938,0 -48.5885985805377,-27.8828752628685,0 -48.5885969170961,-27.882882614448,0 -48.5885941705612,-27.882897391095,0 -48.5885930436876,-27.8829048060342,0 -48.588591190392,-27.8829196886298,0 -48.5885897218762,-27.8829346319289,0 -48.588587199371,-27.882964607287,0 -48.588585657058,-27.882984250202,0 -48.5885852466776,-27.8829940688861,0 -48.5885853110636,-27.8830038870671,0 -48.5885855682444,-27.8830087819212,0 -48.5885862407627,-27.8830165532712,0 -48.5885881497374,-27.8830320430586,0 -48.5885906732702,-27.8830474890797,0 -48.5885925980486,-27.8830577638679,0 -48.5885967732054,-27.8830782200134,0 -48.5885983154916,-27.8830847795901,0 -48.5885995090071,-27.8830891224913,0 -48.5886022216807,-27.8830977688338,0 -48.588605278574,-27.8831063485056,0 -48.5886119500494,-27.8831234014072,0 -48.5886169662626,-27.8831361396744,0 -48.5886215700886,-27.8831488883476,0 -48.5886235789845,-27.8831552842663,0 -48.588626109407,-27.8831649109969,0 -48.588626575425,-27.8831681854455,0 -48.5886266196027,-27.8831698554373,0 -48.5886264194752,-27.8831723692556,0 -48.5886255559202,-27.8831761529792,0 -48.5886239705629,-27.8831798695507,0 -48.5886229128813,-27.8831816739099,0 -48.5886203685658,-27.8831852294126,0 -48.5886189900488,-27.8831868563341,0 -48.5886167970927,-27.8831891282097,0 -48.5886131685988,-27.8831921321976,0 -48.5886091217625,-27.8831946602056,0 -48.5886069141129,-27.8831957494378,0 -48.5885938905971,-27.8832013954608,0 -48.5885851617855,-27.8832048790825,0 -48.5885674909128,-27.8832113728318,0 -48.5885544911252,-27.8832155846524,0 -48.5885483171153,-27.8832179757533,0 -48.588545342256,-27.8832193406838,0 -48.5885410154504,-27.8832216649819,0 -48.5885368702646,-27.8832244076978,0 -48.5885348760812,-27.8832259605118,0 -48.5885318951432,-27.8832286062997,0 -48.5885300653314,-27.8832304329422,0 -48.5885267533908,-27.8832342547727,0 -48.5885252553489,-27.8832362408708,0 -48.5885225466259,-27.8832403348475,0 -48.588520155228,-27.8832445968385,0 -48.5885187196079,-27.8832475136366,0 -48.5885161215126,-27.8832534951989,0 -48.5885120503563,-27.8832639987901,0 -48.5885101951681,-27.8832692631047,0 -48.5885077870545,-27.8832772151472,0 -48.5885059229672,-27.8832852576654,0 -48.5885052436257,-27.8832893425488,0 -48.5885026104279,-27.8833091828013,0 -48.5885015047842,-27.8833191066193,0 -48.5885002194032,-27.8833340354981,0 -48.5884980092496,-27.8833678685724,0 -48.5884973905103,-27.883384793896,0 -48.5884969911973,-27.8834335103547,0 -48.5884966885502,-27.8834681351461,0 -48.5884967232857,-27.8834854419865,0 -48.5884970808176,-27.8835027539252,0 -48.5884974454357,-27.8835114136978,0 -48.5884976602951,-27.8835146385926,0 -48.5884984301024,-27.8835210403637,0 -48.5884996017484,-27.8835273764727,0 -48.588500572945,-27.8835315711965,0 -48.5885029493813,-27.8835398960964,0 -48.5885073468263,-27.8835522529068,0 -48.5885106667176,-27.8835604318565,0 -48.588517761197,-27.8835767162072,0 -48.5885255188661,-27.8835950690858,0 -48.5885567518253,-27.8836739797261,0 -48.5885728106274,-27.8837130955586,0 -48.5885894857211,-27.8837519782079,0 -48.5885981249229,-27.8837713300878,0 -48.5886100577046,-27.883797028775,0 -48.5886162015659,-27.8838098407463,0 -48.5886256881592,-27.8838289910229,0 -48.5886405704594,-27.8838576011891,0 -48.5886464034334,-27.8838683050874,0 -48.588658467551,-27.8838894494498,0 -48.5886710547498,-27.8839102874051,0 -48.5886797350874,-27.8839240094859,0 -48.5886856387459,-27.8839330905598,0 -48.5886977406248,-27.8839510777778,0 -48.5887117887151,-27.8839710474833,0 -48.5887214078823,-27.8839842176522,0 -48.5887412093423,-27.8840102346598,0 -48.5887513941256,-27.8840230809911,0 -48.5887722570598,-27.8840484937102,0 -48.5887937785023,-27.8840735302459,0 -48.5888084741962,-27.8840900373618,0 -48.5888183965496,-27.8841009664618,0 -48.5888385909739,-27.8841226501446,0 -48.5888744199862,-27.8841600632317,0 -48.588892500657,-27.8841785157709,0 -48.5889199648557,-27.8842058393114,0 -48.5889479045175,-27.884232684334,0 -48.5889620898129,-27.8842459073995,0 -48.5889812721168,-27.884263314671,0 -48.5889909922862,-27.8842719299706,0 -48.5890057197795,-27.884284711483,0 -48.589028218356,-27.8843035844029,0 -48.5890591896278,-27.8843289123593,0 -48.5891214115292,-27.8843791303655,0 -48.5891840277639,-27.8844288689633,0 -48.5892260004146,-27.8844618058511,0 -48.5893104768382,-27.8845272653831,0 -48.5893468420046,-27.8845548167131,0 -48.589365267965,-27.8845683221009,0 -48.5893839632763,-27.8845815876809,0 -48.5893934450944,-27.8845881236883,0 -48.5894073237286,-27.8845973172683,0 -48.5894167299227,-27.8846032384541,0 -48.5894358628962,-27.8846146265847,0 -48.5894455919709,-27.8846201018305,0 -48.5894653017591,-27.8846306607577,0 -48.5894853449392,-27.8846407469427,0 -48.5894988711345,-27.884647245755,0 -48.5895262329628,-27.8846597608549,0 -48.5895854905716,-27.8846857641641,0 -48.5896250800486,-27.8847027969879,0 -48.5896515304123,-27.8847140151554,0 -48.5897045145804,-27.8847361549983,0 -48.5897443654522,-27.8847524973586,0 -48.5897709838174,-27.8847632674068,0 -48.5898243529545,-27.8847845388522,0 -48.589851101248,-27.8847950402061,0 -48.5899047459474,-27.884815792711,0 -48.5899585810356,-27.8848362054299,0 -48.5899945964614,-27.884849648306,0 -48.590066902763,-27.8848761318697,0 -48.5901164312739,-27.8848938439464,0 -48.5901494816592,-27.8849054390427,0 -48.5902156954714,-27.8849281438059,0 -48.5902488783215,-27.8849392719861,0 -48.5903154163887,-27.8849611067357,0 -48.5903822601289,-27.8849824059968,0 -48.5904270081707,-27.8849963440209,0 -48.5904569320229,-27.8850055201488,0 -48.5905170428691,-27.8850236335708,0 -48.590551620216,-27.8850337033581,0 -48.5905689726234,-27.8850384912656,0 -48.590595093728,-27.8850452190229,0 -48.5906125988608,-27.8850493239545,0 -48.5906213830243,-27.8850512370901,0 -48.590634603954,-27.885053922258,0 -48.590652316582,-27.885057110016,0 -48.5906612009485,-27.8850585287063,0 -48.5906746023707,-27.8850603964599,0 -48.590694824473,-27.8850626087167,0 -48.5907116105358,-27.8850639761208,0 -48.5907228142299,-27.8850647491691,0 -48.5907452170282,-27.885065970811,0 -48.5907788330241,-27.8850671726285,0 -48.5908012563393,-27.8850676638201,0 -48.590846106543,-27.8850681770451,0 -48.5908676499545,-27.8850684909311,0 -48.5909107659025,-27.8850693708793,0 -48.590943096825,-27.8850695478859,0 -48.5909646248078,-27.8850691031511,0 -48.5909753684869,-27.8850686505035,0 -48.5909914642139,-27.8850676057844,0 -48.5913761946691,-27.8850370216375,0 -48.5917261352432,-27.8849789941674,0 -48.5925638847546,-27.8847727611404,0 -48.5927993323087,-27.8846993496942,0 -48.5929567297979,-27.8846433962542,0 -48.593102887299,-27.8845823372049,0 -48.5932513641799,-27.8845142902605,0 -48.5933931163718,-27.8844401796114,0 -48.5935065039391,-27.884382887961,0 -48.5942529182816,-27.8839694974061,0 -48.5945413145936,-27.8837792127932,0 -48.5952414305939,-27.8832391743807,0 -48.5955713021712,-27.882952965881,0 -48.5962403305124,-27.8823525571981,0 -48.5965592388352,-27.8820301896686,0 -48.5965805053303,-27.8820070741411,0 -48.5972829411357,-27.8812437459744,0 -48.5975189435641,-27.8809778851146,0 -48.5980985467657,-27.8802745613185,0 -48.5981633426646,-27.8801833402369,0 -48.5982286146558,-27.8800881220452,0 -48.5987365276785,-27.8792906361751,0 -48.5988187500939,-27.8791510574712,0 -48.5989774044822,-27.8788692287947,0 -48.5990962536296,-27.8786577975319,0 -48.5993418963099,-27.8782336752854,0 -48.5994295622226,-27.8780696850887,0 -48.5994847137518,-27.8779590046952,0 -48.599590244677,-27.8777358011581,0 -48.5998441900341,-27.8771851307233,0 -48.6000320747243,-27.8767847420267,0 -48.6000912874528,-27.8766500860144,0 -48.6001192260866,-27.8765821782361,0 -48.6002021297689,-27.876368324473,0 -48.6003592035497,-27.8759381555101,0 -48.6004766213461,-27.8756154267352,0 -48.6007044967016,-27.8750033698388,0 -48.6007294047739,-27.8749364632054,0 -48.6008010028506,-27.8747364163476,0 -48.6008464805728,-27.8746024316794,0 -48.6009336528863,-27.8743333318858,0 -48.6010053230556,-27.8740982042314,0 -48.6010384491034,-27.8739800656415,0 -48.6010832557228,-27.8738018745299,0 -48.6012707633795,-27.8729860139615,0 -48.6014478300816,-27.8722097893345,0 -48.6014971397583,-27.871979686257,0 -48.6015858770588,-27.871517728586,0 -48.6016351470397,-27.871241832968,0 -48.6016578000256,-27.8711036612106,0 -48.6016891374789,-27.8708961094893,0 -48.6017298424041,-27.8705840361571,0 -48.6017456478453,-27.8704087054923,0 -48.6017639426641,-27.8700571455367,0 -48.6017766423716,-27.8698816528748,0 -48.60178611224,-27.8697941414607,0 -48.6018994845861,-27.8689073854836,0 -48.6019696164431,-27.8683841989039,0 -48.6020133259981,-27.8680421848483,0 -48.602033522316,-27.8678710090724,0 -48.6020611066153,-27.8676138826838,0 -48.6020662652608,-27.8675548444133,0 -48.602072770267,-27.8674366211486,0 -48.6020756211738,-27.8673182439992,0 -48.6020772208707,-27.8670814183373,0 -48.6020766644395,-27.8669131660167,0 -48.6020740073698,-27.8668010092508,0 -48.6020639212133,-27.8665767118351,0 -48.6020604228602,-27.8665377800869,0 -48.6020471687561,-27.8664604388664,0 -48.601988499736,-27.8662302704623,0 -48.6019741225616,-27.8661533067685,0 -48.6019698344721,-27.8661146410457,0 -48.6019682478949,-27.8660563247271,0 -48.6019744020429,-27.8658796083636,0 -48.6019904520989,-27.8655262225368,0 -48.6019976887118,-27.8653842539234,0 -48.6020043286307,-27.8652542668488,0 -48.6020202495889,-27.8649421226903,0 -48.6020296744226,-27.8647189675695,0 -48.6020287215993,-27.8646073366209,0 -48.6020238402103,-27.8645329205134,0 -48.6020197784587,-27.8644957109719,0 -48.6020113192757,-27.8644399102907,0 -48.6019647337264,-27.8642101596798,0 -48.6018981776059,-27.8638959579427,0 -48.6018712522227,-27.8637585839345,0 -48.601859315438,-27.8636896750978,0 -48.6018437120129,-27.8635859911597,0 -48.6018350612918,-27.8634941849317,0 -48.6018299033182,-27.8633098006796,0 -48.6018262676301,-27.8632176576336,0 -48.6018226216416,-27.8631717032787,0 -48.6017998494862,-27.8629688586858,0 -48.6017839997112,-27.8628678678795,0 -48.6017675666815,-27.8627823873115,0 -48.6017311646147,-27.8626121395216,0 -48.6017044570279,-27.8624842521171,0 -48.6016847306914,-27.8623776635355,0 -48.601651174159,-27.8621639567095,0 -48.6016497777049,-27.8621498202204,0 -48.6016501592348,-27.862121440554,0 -48.6016624220837,-27.8620358721048,0 -48.6016650773121,-27.8619932215357,0 -48.6016632190394,-27.8619720305521,0 -48.6016493234483,-27.861909999156,0 -48.6016085651473,-27.861788102556,0 -48.6015900022241,-27.8617269735459,0 -48.6015829995337,-27.8616960741933,0 -48.6015670374915,-27.861592907169,0 -48.6015436474562,-27.8613844933671,0 -48.6015267057753,-27.8612811016741,0 -48.6015148461019,-27.8612300060836,0 -48.6014916834131,-27.8611523117927,0 -48.6014380130131,-27.8609985378957,0 -48.6014133694558,-27.8609211515673,0 -48.6014028903889,-27.8608820443773,0 -48.6012562188099,-27.8602873673979,0 -48.601225671088,-27.8601665597957,0 -48.6011639563173,-27.8599250500013,0 -48.6011218506874,-27.8597431536958,0 -48.6010236876651,-27.8592808489429,0 -48.6009574683597,-27.8589017778804,0 -48.6009279377806,-27.858752348285,0 -48.6009046668683,-27.8586533309108,0 -48.6008875959606,-27.8585875450149,0 -48.6008498668182,-27.8584564339806,0 -48.6008281432833,-27.8583895113905,0 -48.6007786196791,-27.8582577352573,0 -48.6007220895219,-27.8581283363533,0 -48.6006812022955,-27.8580431603946,0 -48.6005935318514,-27.8578748448399,0 -48.6005554854507,-27.8578068170374,0 -48.6004754432738,-27.8576728944528,0 -48.6003107612202,-27.8574076037895,0 -48.6002325516726,-27.8572728191608,0 -48.600177086413,-27.8571693257406,0 -48.6001514847928,-27.8571167903094,0 -48.6001178495925,-27.8570362161318,0 -48.6000962013736,-27.8569727956847,0 -48.6000600562146,-27.856844410023,0 -48.5999981388298,-27.8565854461761,0 -48.599961949153,-27.8564571500369,0 -48.5999039629143,-27.8562837923864,0 -48.5998729400628,-27.8561976418847,0 -48.5998235849669,-27.8560689089277,0 -48.5997613266647,-27.8559212830449,0 -48.5997271203609,-27.855848684286,0 -48.5996705691623,-27.855741995243,0 -48.5996286228533,-27.8556726993185,0 -48.5996061849028,-27.8556386982813,0 -48.5995705310427,-27.8555885772519,0 -48.5995472920421,-27.8555586766887,0 -48.5994979529941,-27.8555011079264,0 -48.5993952318393,-27.8553892935011,0 -48.5993461234719,-27.8553318641835,0 -48.5992330777137,-27.8551901387396,0 -48.599181521108,-27.8551161908612,0 -48.5991029254708,-27.8549853338611,0 -48.599054170613,-27.8548966732333,0 -48.5989623047656,-27.8547169868397,0 -48.5987621590649,-27.8543015836665,0 -48.5986663986841,-27.8541026102721,0 -48.5986157239233,-27.8540042707746,0 -48.5985597682083,-27.853908067504,0 -48.598528995975,-27.8538610723305,0 -48.5985038726261,-27.8538269880235,0 -48.5984477728278,-27.8537629040305,0 -48.5983255975442,-27.853641789883,0 -48.5982672192474,-27.853579408066,0 -48.5982311719084,-27.8535364821935,0 -48.5981436468431,-27.8534322561976,0 -48.5979798799815,-27.853235093198,0 -48.5978952569254,-27.8531382911972,0 -48.5978137991638,-27.8530508112489,0 -48.5977577773259,-27.8529938205296,0 -48.5976416775813,-27.8528830528578,0 -48.597509250955,-27.8527669026334,0 -48.597330385188,-27.852614257087,0 -48.5972433685226,-27.8525358202682,0 -48.5967895529034,-27.8521069356049,0 -48.5963845913548,-27.8517333188061,0 -48.5963554246494,-27.8517053983676,0 -48.5962993797777,-27.8516477755854,0 -48.5962464189382,-27.8515878417521,0 -48.5962128344143,-27.8515466710731,0 -48.5961498000954,-27.8514615771297,0 -48.5961311509202,-27.8514327214767,0 -48.5960987467017,-27.8513729118774,0 -48.5960408362097,-27.851250326677,0 -48.5960080640988,-27.8511906549349,0 -48.5959549485949,-27.8511084048147,0 -48.5959264647982,-27.85106830603,0 -48.5958802298191,-27.8510096265622,0 -48.5958511475706,-27.8509763209164,0 -48.595790025545,-27.8509128076097,0 -48.5957252261942,-27.8508527217258,0 -48.5956801312178,-27.8508141561662,0 -48.5955857953582,-27.8507395064052,0 -48.5954761867323,-27.8506618669779,0 -48.5954028907211,-27.8506150483235,0 -48.5953309973794,-27.8505773326968,0 -48.595295857785,-27.8505618141859,0 -48.5952272263887,-27.8505346399795,0 -48.5950879551725,-27.8504854183336,0 -48.5948072969444,-27.8503934698119,0 -48.5946692301342,-27.8503426986643,0 -48.5944281859607,-27.8502445018359,0 -48.5943097720742,-27.8501910051074,0 -48.5942490623714,-27.8501613791437,0 -48.5941294889783,-27.8500996243864,0 -48.5940118771448,-27.8500352145933,0 -48.5937799570967,-27.8499017607917,0 -48.5937027045579,-27.8498545126293,0 -48.5935531159526,-27.8497536872023,0 -48.5933564637449,-27.8496157231609,0 -48.5932559534,-27.8495495900662,0 -48.5931519942926,-27.8494879263743,0 -48.5930982536327,-27.8494593781595,0 -48.5930249630041,-27.8494229455141,0 -48.5928327002738,-27.8493343836075,0 -48.5927262148836,-27.8492878362501,0 -48.5924218671307,-27.8491627882677,0 -48.5920944579484,-27.8490298483159,0 -48.5919301338586,-27.8489648740091,0 -48.5917644251137,-27.848902762201,0 -48.5916808191898,-27.8488732227211,0 -48.5914197388702,-27.8487844611007,0 -48.5912452203139,-27.8487265174165,0 -48.5908950960392,-27.8486132808495,0 -48.59019204631,-27.8483905550441,0 -48.5899867253355,-27.8483217307489,0 -48.5898045170477,-27.8482597711141,0 -48.589712758648,-27.8482305302322,0 -48.5895734814845,-27.8481910205531,0 -48.5893718086476,-27.8481414153096,0 -48.5889668931222,-27.8480478516628,0 -48.5882956563844,-27.8478906650643,0 -48.5881014753786,-27.8478605489502,0 -48.5880569271204,-27.8478497506442,0 -48.587943535951,-27.8478360537305,0 -48.587899006873,-27.8478291481823,0 -48.5876489920699,-27.8477938088532,0 -48.5875235432963,-27.8477786571662,0 -48.5873348382787,-27.8477590784847,0 -48.5872467119432,-27.8477518797827,0 -48.5869201424118,-27.8477124308036,0 -48.5862717929851,-27.8476942511055,0 -48.5862194977799,-27.8476917855591,0 -48.586048523661,-27.847685219957,0 -48.5857920080397,-27.8476780411825,0 -48.5855478334895,-27.8476764193945,0 -48.5853849995492,-27.8476782419197,0 -48.58505927209,-27.8476848553647,0 -48.5847654738448,-27.8476917650716,0 -48.584618800029,-27.8476990310163,0 -48.5844723991054,-27.8477117338547,0 -48.5843993450049,-27.8477208033632,0 -48.5843221157533,-27.8477321821011,0 -48.5841688383305,-27.8477584516781,0 -48.5840167666725,-27.8477884600928,0 -48.5837144464481,-27.8478551037308,0 -48.5832427814314,-27.8479625220555,0 -48.5827160125302,-27.8480823811682,0 -48.5824820582032,-27.8481381111675,0 -48.5820165167087,-27.8482576783343,0 -48.5819399074327,-27.8482781434809,0 -48.5817877840245,-27.8483217908038,0 -48.5816368036157,-27.8483684538922,0 -48.5813366430418,-27.8484680000738,0 -48.581281450288,-27.848487676781,0 -48.5812054446354,-27.8485179746627,0 -48.581173326042,-27.8485307777582,0 -48.5810673866068,-27.8485778870799,0 -48.5808580079307,-27.848679286051,0 -48.5807657709238,-27.8487288554256,0 -48.5807219083383,-27.8487557594417,0 -48.5806582884367,-27.8487996225355,0 -48.5805965981659,-27.8488486625858,0 -48.5805662174096,-27.8488754417977,0 -48.5805499386052,-27.8488913615693,0 -48.5805219143621,-27.8489250214532,0 -48.5804994366938,-27.8489608003196,0 -48.5804872008207,-27.8489856421186,0 -48.5804684740763,-27.8490371865941,0 -48.5804554899683,-27.8490970876003,0 -48.5804525707426,-27.8491278764703,0 -48.5804539883699,-27.8491738552748,0 -48.5804594562528,-27.8492037361229,0 -48.580463729303,-27.8492182839047,0 -48.5804722146878,-27.8492394558046,0 -48.5805292205115,-27.8493525750798,0 -48.5805598340358,-27.8494188891199,0 -48.5805618966901,-27.8494253047997,0 -48.5805623014713,-27.8494385213715,0 -48.5805582196405,-27.8494519120082,0 -48.5805532932098,-27.849460731204,0 -48.5805388870404,-27.8494776128806,0 -48.5805314694678,-27.8494825988944,0 -48.5805261523431,-27.849484319116,0 -48.5805148224221,-27.8494848241538,0 -48.5804791368113,-27.8494780261917,0 -48.5804680521741,-27.8494785625141,0 -48.5804628971109,-27.8494802949388,0 -48.5804317795241,-27.8494955479171,0 -48.5804178322275,-27.8495051020963,0 -48.5804065831757,-27.8495170590269,0 -48.5804023333596,-27.8495242026947,0 -48.5803976628815,-27.8495351108342,0 -48.5803918667976,-27.849557141857,0 -48.5803899103127,-27.8495793129414,0 -48.5803934976815,-27.8496234799577,0 -48.5804196854397,-27.8497736300414,0 -48.5804267095549,-27.8498641720025,0 -48.5804345259962,-27.8499852975466,0 -48.5804438729361,-27.8500452924046,0 -48.5804550996433,-27.8500923183941,0 -48.5804813951247,-27.8501855087225,0 -48.5805479822531,-27.850400655394,0 -48.5805512036427,-27.8504151307525,0 -48.5805542333669,-27.850444625724,0 -48.5805534462999,-27.850474486594,0 -48.5805440273934,-27.850533484738,0 -48.5805271857312,-27.8505860640263,0 -48.5805003544803,-27.8506554846099,0 -48.5804910702664,-27.8506910345322,0 -48.5804751978139,-27.8508027215131,0 -48.580467049175,-27.8508963896629,0 -48.5804666869186,-27.8509432216795,0 -48.580468674885,-27.8509785001627,0 -48.5804763325169,-27.8510488325999,0 -48.5804877368761,-27.8511189421992,0 -48.5805163387265,-27.8512586952491,0 -48.580543486694,-27.8513627815661,0 -48.5805830505406,-27.8515005879534,0 -48.5805980106488,-27.8515703182561,0 -48.580602372159,-27.8516006395339,0 -48.5806075147191,-27.8516616345106,0 -48.5806128336008,-27.8517841596404,0 -48.5806184221174,-27.851845189976,0 -48.580643836073,-27.852013191106,0 -48.5806595089016,-27.8520968113919,0 -48.5806873961641,-27.8522216632759,0 -48.5806963130865,-27.8522534902753,0 -48.5807187030512,-27.8523157714183,0 -48.5807694164592,-27.8524390208002,0 -48.5807906585043,-27.8525023556904,0 -48.5808074159342,-27.8525701503496,0 -48.5808140708572,-27.8526041752171,0 -48.5808217753052,-27.8526553077555,0 -48.5808279889616,-27.8527321656055,0 -48.5808285161474,-27.8527622753217,0 -48.5808262510624,-27.8528226711234,0 -48.5808201597889,-27.8528831264638,0 -48.5808143324037,-27.8529233564432,0 -48.5807994392743,-27.8530033812451,0 -48.5807859827415,-27.8530432972929,0 -48.5807648442284,-27.8530956293749,0 -48.5807595212596,-27.8531226587335,0 -48.5807580443726,-27.8531961065507,0 -48.5807577898523,-27.8532412976659,0 -48.5807533430674,-27.8532638044986,0 -48.5807433283047,-27.8532794816964,0 -48.5807363568367,-27.8532854051422,0 -48.5807297187032,-27.8532875350488,0 -48.5807269075786,-27.8532865836568,0 -48.5807088800908,-27.8532692227234,0 -48.5806851710901,-27.8532387062916,0 -48.5806729998451,-27.8532245976432,0 -48.5806337867373,-27.8531828736249,0 -48.5806123407855,-27.8531624479982,0 -48.5805874075891,-27.853142918327,0 -48.5805731069724,-27.8531336263171,0 -48.580542695853,-27.8531197571551,0 -48.580522105487,-27.8531148480701,0 -48.5805082847172,-27.8531132161156,0 -48.5804805362311,-27.8531132887641,0 -48.5804563925921,-27.8531157073751,0 -48.5804081810937,-27.8531236045884,0 -48.5803114510455,-27.8531420915307,0 -48.5802626391453,-27.8531472262308,0 -48.5800790480206,-27.8531525758188,0 -48.5799542355009,-27.8531523343888,0 -48.5798918481627,-27.8531498142209,0 -48.5797984356088,-27.8531410738254,0 -48.5797840962615,-27.853138548248,0 -48.5797562951447,-27.8531300297672,0 -48.5797301716597,-27.8531174803015,0 -48.5797140247608,-27.85310720857,0 -48.5796856302911,-27.8530830074021,0 -48.5795966006425,-27.852987470652,0 -48.5794341026054,-27.8528187128479,0 -48.5792565567565,-27.8526343267837,0 -48.5792179915568,-27.8525995610412,0 -48.5791901323729,-27.8525783287219,0 -48.5791322682298,-27.852538099199,0 -48.5791171219787,-27.8525303441164,0 -48.5791086776782,-27.8525288785579,0 -48.5791005273969,-27.8525305489772,0 -48.5790967793676,-27.8525329195413,0 -48.5790776948589,-27.8525521822462,0 -48.5790689946703,-27.8525654372184,0 -48.5790648261552,-27.8525744051279,0 -48.5790600255835,-27.8525925203359,0 -48.5790606833519,-27.8526067788885,0 -48.5790637216876,-27.8526163243592,0 -48.5790743486604,-27.8526355039983,0 -48.5790886123575,-27.8526547568458,0 -48.5791082031388,-27.8526804369911,0 -48.5791162829845,-27.852693256307,0 -48.5791238065343,-27.8527123996328,0 -48.579124698982,-27.8527219256031,0 -48.5791220485089,-27.8527417114309,0 -48.5791180572254,-27.8527517376236,0 -48.579106814224,-27.852765769623,0 -48.5790917822678,-27.8527755931721,0 -48.5790810796071,-27.8527794745092,0 -48.5790585204649,-27.8527817494224,0 -48.5790468954909,-27.8527805435779,0 -48.579023448199,-27.852774465614,0 -48.5790005062174,-27.8527648322886,0 -48.5789595782811,-27.8527413669745,0 -48.5788691806728,-27.8526817449003,0 -48.5788256204967,-27.8526498415338,0 -48.5787838898568,-27.8526153543809,0 -48.57876389619,-27.8525968489965,0 -48.5786955183807,-27.852526442742,0 -48.5786641384824,-27.852489944356,0 -48.5786194871177,-27.8524312333299,0 -48.5786010742,-27.852400069406,0 -48.5785915293571,-27.8523787069771,0 -48.5785764942298,-27.8523357107698,0 -48.5785735041727,-27.85231357018,0 -48.5785752699318,-27.8523022861918,0 -48.5785833960081,-27.8522874598933,0 -48.578592822972,-27.8522807860952,0 -48.5786001473728,-27.8522787223113,0 -48.5786166289448,-27.8522793906112,0 -48.5786436999607,-27.8522894930125,0 -48.5786615973031,-27.8523000032164,0 -48.5786917148544,-27.8523230441873,0 -48.5787173439627,-27.8523505183507,0 -48.5787500186876,-27.8523891415395,0 -48.578769951833,-27.8524067162546,0 -48.5788143206292,-27.852435574609,0 -48.5788373214597,-27.8524472119465,0 -48.57887211924,-27.852460093955,0 -48.578890712325,-27.852462134781,0 -48.57890086339,-27.8524611581581,0 -48.5789154647039,-27.8524569933768,0 -48.5789275311755,-27.8524494004944,0 -48.5789319803358,-27.8524442539734,0 -48.5789385259031,-27.8524305641153,0 -48.5789402893832,-27.8524211932658,0 -48.5789386954144,-27.8524020273737,0 -48.5789270932798,-27.8523727249793,0 -48.5789046764557,-27.8523340021685,0 -48.5788948571613,-27.852315395675,0 -48.5788434310997,-27.8522015619832,0 -48.5788116718267,-27.8521465061268,0 -48.5787572572588,-27.8520711292513,0 -48.5787280290059,-27.8520351202486,0 -48.5786813886545,-27.8519833309577,0 -48.5786310976666,-27.8519343555885,0 -48.5786044845245,-27.8519109609047,0 -48.5783235397673,-27.8516820245632,0 -48.5782872538027,-27.8516530695555,0 -48.5782079752806,-27.8515898110393,0 -48.5781731220045,-27.8515560574509,0 -48.5781574279167,-27.8515377811496,0 -48.5781214153478,-27.8514891466918,0 -48.5780545939261,-27.8513894160298,0 -48.5778990093874,-27.8511593603083,0 -48.5778833571273,-27.8511341908625,0 -48.5778569763943,-27.8510815477955,0 -48.5778417177417,-27.8510404872153,0 -48.5778305612702,-27.8509984881246,0 -48.5778265768747,-27.850977241492,0 -48.577823117616,-27.8509259939643,0 -48.577824906887,-27.8508916387402,0 -48.5778330675617,-27.8508235600401,0 -48.577836308101,-27.8508048309641,0 -48.5778461021293,-27.850767486073,0 -48.5778677254582,-27.8506929394249,0 -48.577873174543,-27.8506556079816,0 -48.5778718584287,-27.8506194662123,0 -48.5778687180034,-27.8506013652194,0 -48.5778609119922,-27.8505744027784,0 -48.5778422275882,-27.8505349330723,0 -48.5778066240192,-27.850478428853,0 -48.577732693125,-27.8503723925135,0 -48.5777009332532,-27.850330563504,0 -48.5776581683927,-27.8502748179098,0 -48.577639080922,-27.8502448150526,0 -48.5776334171372,-27.850233364775,0 -48.5776259723711,-27.8502096931338,0 -48.5776169053605,-27.8501362590153,0 -48.5776159465819,-27.850124232729,0 -48.5776174173179,-27.850099634989,0 -48.577619964051,-27.8500668273642,0 -48.5776185718667,-27.8500509136767,0 -48.5776136735776,-27.8500356328535,0 -48.5776095020231,-27.850028296195,0 -48.5775914257486,-27.8500061251922,0 -48.5775645336809,-27.8499797840646,0 -48.5775515670806,-27.8499662295362,0 -48.5775327840539,-27.8499447190855,0 -48.5773369003126,-27.8497203823185,0 -48.5772962649063,-27.8496686711266,0 -48.5772779879717,-27.8496415698651,0 -48.5772532455472,-27.8495983666546,0 -48.5772454637478,-27.849581636897,0 -48.5772338755759,-27.8495476425374,0 -48.5772262498424,-27.8495131400904,0 -48.5772207350475,-27.8494740966345,0 -48.5772164157854,-27.8494435359191,0 -48.5772173906377,-27.8494144092039,0 -48.5772220152005,-27.8493753489264,0 -48.5772192540074,-27.849356081562,0 -48.5772111021976,-27.84933701743,0 -48.5772036807555,-27.84932517554,0 -48.5771852827038,-27.8493034405115,0 -48.5770566342421,-27.8491796506872,0 -48.5769626,-27.8490972,0 -48.5769327,-27.8490608,0 -48.5769171,-27.8490342,0 -48.5768916,-27.8489775,0 -48.576882,-27.8489523,0 -48.5768661,-27.8489016,0 -48.5768510040843,-27.8488376156354,0 -48.5768337986514,-27.8487484736248,0 -48.5768248809246,-27.8486999448773,0 -48.576825050225,-27.8486754503953,0 -48.5768326240655,-27.8486512126819,0 -48.5768402085681,-27.848639282535,0 -48.5768491621501,-27.8486310667848,0 -48.5768542705465,-27.848628675021,0 -48.5768612867888,-27.8486289513999,0 -48.5768888713758,-27.8486476173827,0 -48.5769253040258,-27.8486786646972,0 -48.5769440394145,-27.848692997463,0 -48.5769739843432,-27.848713599912,0 -48.5769890918313,-27.8487189721284,0 -48.5769948644754,-27.8487186676753,0 -48.5770061977602,-27.8487129928704,0 -48.5770164705119,-27.8487025170216,0 -48.5770222731226,-27.8486940112941,0 -48.5770301240045,-27.8486764822902,0 -48.5770376091726,-27.8486346933679,0 -48.5770387601059,-27.8486067603927,0 -48.5770376072962,-27.8485508882663,0 -48.5770327691633,-27.848474929593,0 -48.5770336519078,-27.8484685568071,0 -48.5770399180208,-27.8484560081611,0 -48.5770508880435,-27.8484397251524,0 -48.5770544576768,-27.8484317755138,0 -48.5770549464103,-27.8484239518303,0 -48.5770536108792,-27.8484200937369,0 -48.5770479043495,-27.8484109342144,0 -48.577032425168,-27.848394890327,0 -48.5769947928643,-27.8483663034876,0 -48.5769780572333,-27.8483505079204,0 -48.5769521944899,-27.8483188885512,0 -48.5769429665842,-27.8483020248815,0 -48.5769408136863,-27.8482939383543,0 -48.5769414582221,-27.8482768246424,0 -48.5769468842915,-27.848259144547,0 -48.5769633517061,-27.8482253726984,0 -48.5769697628495,-27.8482155240057,0 -48.5769877921871,-27.8481972442267,0 -48.577014334747,-27.8481739984243,0 -48.5770248845345,-27.8481620118713,0 -48.5770313926787,-27.8481492774801,0 -48.577032598871,-27.8481425133109,0 -48.5770304848288,-27.8481202531618,0 -48.5770258731046,-27.848104769737,0 -48.5770114178086,-27.8480752001008,0 -48.5768553174234,-27.8478257260604,0 -48.5766936662683,-27.8475587577947,0 -48.5766140126854,-27.8474213557565,0 -48.5765870930741,-27.8473674308709,0 -48.576576061255,-27.847339834538,0 -48.57656303243,-27.847298064054,0 -48.5765546752082,-27.8472562947047,0 -48.5765524262278,-27.8472355653707,0 -48.5765521947475,-27.8472230468539,0 -48.5765557100927,-27.8471978985428,0 -48.5765637411623,-27.8471727392656,0 -48.5765711265901,-27.8471560502052,0 -48.5765894819752,-27.8471231051507,0 -48.5766159704318,-27.8470867663136,0 -48.5766535405621,-27.8470425465063,0 -48.5766713584348,-27.8470186964157,0 -48.5767027875441,-27.8469698120694,0 -48.5767114860842,-27.8469451155444,0 -48.5767121711574,-27.8469354008514,0 -48.5767082047022,-27.8469155621359,0 -48.5766987544094,-27.8468955549198,0 -48.5766713348079,-27.846856815496,0 -48.5766333635086,-27.8468113498149,0 -48.576556279324,-27.8467273181002,0 -48.5765351646155,-27.8467062396312,0 -48.5765072393092,-27.8466780127042,0 -48.5764953929338,-27.8466625012635,0 -48.5764703203146,-27.8466209525456,0 -48.5764397421182,-27.8465643920586,0 -48.5764242680651,-27.8465362660672,0 -48.5763723919994,-27.8464465329125,0 -48.5763711994078,-27.8464427406579,0 -48.57637215221,-27.8464335808364,0 -48.5763782250533,-27.846421696286,0 -48.5763823278562,-27.8464175185171,0 -48.5763886155876,-27.8464154993973,0 -48.5763977405321,-27.8464187365962,0 -48.5764158549134,-27.8464321112739,0 -48.5764520520297,-27.8464724572223,0 -48.5764703984142,-27.8464914747422,0 -48.5765223452452,-27.8465373038968,0 -48.5765292623171,-27.8465408630087,0 -48.5765342910905,-27.846541601219,0 -48.5765450715272,-27.8465397695295,0 -48.5765622419174,-27.8465308770589,0 -48.5765947196897,-27.846504676389,0 -48.5766197945334,-27.8464808546884,0 -48.5766340703861,-27.8464646297911,0 -48.5766594139101,-27.8464291998733,0 -48.5766806133275,-27.8463944279327,0 -48.5766887601992,-27.8463767328668,0 -48.5766937341759,-27.8463585668104,0 -48.5766946600062,-27.8463492534127,0 -48.5766932276918,-27.8463018309455,0 -48.5766894686013,-27.8462700222238,0 -48.5766780367399,-27.8462067600636,0 -48.5766573333162,-27.846116627509,0 -48.5766280835592,-27.8459966860172,0 -48.5766155232406,-27.8459361383251,0 -48.5766096173834,-27.8458918760065,0 -48.5766057133515,-27.8458030403829,0 -48.5766043439249,-27.8457624583507,0 -48.5766075089026,-27.8457424739889,0 -48.5766168688288,-27.8457232753088,0 -48.5766247162785,-27.8457141105169,0 -48.5766355790953,-27.8457044755283,0 -48.5766581715522,-27.8456899393068,0 -48.5767288323933,-27.8456612065354,0 -48.576767097441,-27.8456446089825,0 -48.5768182867952,-27.8456231586979,0 -48.5768412637624,-27.8456120585039,0 -48.5768449477534,-27.8456083513811,0 -48.5768455181286,-27.8456051584425,0 -48.576842885807,-27.8455975420622,0 -48.5768319711416,-27.8455848804513,0 -48.5768113410862,-27.8455707671795,0 -48.5768013864155,-27.8455670643965,0 -48.5767849752281,-27.8455650886628,0 -48.5767740007474,-27.8455655093383,0 -48.5767519764658,-27.8455695704968,0 -48.5766852618961,-27.8455914699577,0 -48.5766627652434,-27.8455961274869,0 -48.5766514710504,-27.8455969665856,0 -48.576579259748,-27.8455971868828,0 -48.5765430768167,-27.8455955763264,0 -48.576489,-27.8455896,0 -48.5764442877253,-27.8455796743541,0 -48.5764229,-27.8455726,0 -48.5763919,-27.8455587,0 -48.576361662148,-27.8455402538957,0 -48.5763467436115,-27.8455291371365,0 -48.5763396250508,-27.8455219656411,0 -48.5763334058354,-27.8455107671501,0 -48.5763320006076,-27.8455050309892,0 -48.5763338,-27.8454933,0 -48.5763445307014,-27.8454798516496,0 -48.5763541,-27.8454716,0 -48.5763764,-27.8454571,0 -48.576392,-27.8454501,0 -48.5764253,-27.8454429,0 -48.5764940009158,-27.8454375618918,0 -48.5765157,-27.8454327,0 -48.5765259495642,-27.845428730291,0 -48.5765305,-27.8454259,0 -48.5765389559385,-27.845416732958,0 -48.5765427,-27.8454092,0 -48.5765421,-27.8454034,0 -48.5765397,-27.8454018,0 -48.5765261767333,-27.84539798455,0 -48.5764969417945,-27.8453928597004,0 -48.5764556801912,-27.8453913950373,0 -48.5764350709188,-27.8453929818657,0 -48.5764054114792,-27.8453982800823,0 -48.5762924157081,-27.8454301033581,0 -48.5762162963226,-27.8454458372753,0 -48.5761776821853,-27.8454499405242,0 -48.5761523950814,-27.8454500826308,0 -48.5761018159663,-27.8454475514883,0 -48.5760686726116,-27.8454467525645,0 -48.5760521977599,-27.8454429891062,0 -48.5760430663576,-27.8454369546929,0 -48.5760359516678,-27.8454254882242,0 -48.5760359644153,-27.8454202638144,0 -48.576043387161,-27.8454087460968,0 -48.5760514305967,-27.8454012721738,0 -48.5760710529075,-27.8453872070274,0 -48.5760801452684,-27.8453823233769,0 -48.5760993682872,-27.8453768776095,0 -48.5761383417422,-27.8453704071142,0 -48.5761560065142,-27.8453620102068,0 -48.5761867695319,-27.8453358433653,0 -48.5761982561299,-27.8453209771161,0 -48.5762052840134,-27.8453047598057,0 -48.576206694596,-27.8452961047744,0 -48.5762081311002,-27.8452447532558,0 -48.5762034567963,-27.8451419274941,0 -48.5762009436569,-27.8451148052164,0 -48.5761923068691,-27.8450604349788,0 -48.5761803965067,-27.8449880059854,0 -48.5761774829091,-27.8449519804174,0 -48.5761785023112,-27.8449161776175,0 -48.576180936709,-27.8448983728237,0 -48.5761837220212,-27.8448872422556,0 -48.5761930696404,-27.8448659501179,0 -48.5762186772795,-27.8448250122469,0 -48.5762303093613,-27.8448040758122,0 -48.5762579273751,-27.8447498823022,0 -48.5762636571022,-27.8447314139791,0 -48.5762649297183,-27.8447220251718,0 -48.576265038385,-27.8447049108541,0 -48.5762601402664,-27.84467047447,0 -48.5762411499316,-27.8446010072673,0 -48.5762335089895,-27.8445660986308,0 -48.5762179085431,-27.8444502139418,0 -48.5762165714793,-27.8444144776673,0 -48.5762189785644,-27.8443966184209,0 -48.576228288677,-27.8443700739983,0 -48.5762365448229,-27.8443584084493,0 -48.576243600292,-27.8443520896208,0 -48.5762604713008,-27.8443420458714,0 -48.5763181143314,-27.8443189408114,0 -48.5763340814685,-27.844308447756,0 -48.576340520897,-27.8443018030875,0 -48.5764215028049,-27.8441928936357,0 -48.576485306465,-27.8441186196571,0 -48.5765203038349,-27.8440831429332,0 -48.5765356945288,-27.8440694549364,0 -48.5765680862426,-27.8440448046354,0 -48.5766025908218,-27.8440227093207,0 -48.5766328,-27.844006,0 -48.5754344,-27.8431351,0 -48.5749264,-27.8425144,0 -48.5745889,-27.8426294,0 -48.5743331,-27.8426303,0 -48.5741064,-27.8426011,0 -48.5736969,-27.8423917,0 -48.5734058,-27.8421998,0 -48.5731355,-27.8420742,0 -48.5726055,-27.8418979,0 -48.572263,-27.8416898,0 -48.5720874,-27.8414142,0 -48.5719846,-27.8411543,0 -48.5708388,-27.8360425,0 -48.5707877,-27.8360697,0 -48.5707188,-27.8360941,0 -48.5706004,-27.8361389,0 -48.5704898,-27.8361743,0 -48.5704502,-27.8361948,0 -48.5703833,-27.8362403,0 -48.5703609,-27.8362595,0 -48.5703537,-27.8362822,0 -48.5703532,-27.8363077,0 -48.5703948,-27.8363695,0 -48.5704134,-27.8363915,0 -48.5704206,-27.8364111,0 -48.5704196967723,-27.8364233134951,0 -48.5704191763431,-27.8364306255258,0 -48.5704102820747,-27.8364440461886,0 -48.5703920313824,-27.8364488172047,0 -48.5703510030767,-27.8364472464867,0 -48.5703322892265,-27.8364420281907,0 -48.5703264038519,-27.8364403874881,0 -48.5702665367708,-27.8364236944021,0 -48.5701468826921,-27.8363935830109,0 -48.5700609538623,-27.8363775322053,0 -48.570012308308,-27.8363749769078,0 -48.5699756556839,-27.83639130317,0 -48.5699280293136,-27.836428651275,0 -48.5699010645057,-27.8364816385001,0 -48.5698905539551,-27.8364988063502,0 -48.5698758404426,-27.8365228457666,0 -48.5698733124537,-27.8365269750959,0 -48.5698478069164,-27.8365378170735,0 -48.5697847277551,-27.836540100427,0 -48.5697597583375,-27.8365255325174,0 -48.5697517328193,-27.836520850492,0 -48.5697329230994,-27.8365077899083,0 -48.5696929095613,-27.8365036903687,0 -48.5696781143323,-27.8365031609627,0 -48.5696461505564,-27.8365020168266,0 -48.5696013239687,-27.8364995308669,0 -48.5695748597617,-27.8364871829527,0 -48.5695304474357,-27.8364660339579,0 -48.5695187476724,-27.836450039398,0 -48.5695128397691,-27.8364419631694,0 -48.5694993537848,-27.8364043865909,0 -48.5694839226376,-27.8363684724896,0 -48.5694747889269,-27.8363496434538,0 -48.5694580447537,-27.8363298300244,0 -48.5694584259351,-27.836302342337,0 -48.5694579261819,-27.8362819670213,0 -48.5694479737334,-27.8362571808021,0 -48.5694274269636,-27.8362364522708,0 -48.5693898083008,-27.8362103321348,0 -48.5693763223699,-27.8361727560981,0 -48.5693650965616,-27.8361623750465,0 -48.5693479887232,-27.8361586790059,0 -48.5693287844058,-27.8361634314264,0 -48.569314144692,-27.8361776010806,0 -48.5692697124559,-27.8362430084955,0 -48.5692494376736,-27.836278374412,0 -48.5692324105594,-27.8362830875309,0 -48.5691898348913,-27.836273984073,0 -48.5691228364614,-27.836242724565,0 -48.5691143494234,-27.8362385162465,0 -48.5690658144984,-27.836214447271,0 -48.5690444788808,-27.8362015381417,0 -48.5690410166671,-27.8361881090969,0 -48.5690371454368,-27.8361666021298,0 -48.5690364162505,-27.8361625470388,0 -48.5690260253544,-27.8361435642019,0 -48.569005337278,-27.8361227317905,0 -48.5689750583177,-27.836108770688,0 -48.5689667174899,-27.8361049240032,0 -48.5689101659601,-27.836090142477,0 -48.5688255911814,-27.8360882328859,0 -48.5687969807883,-27.8360763745903,0 -48.5687063191139,-27.836027447834,0 -48.5686793367374,-27.8360077606212,0 -48.5686680322172,-27.8359944406207,0 -48.5686708688118,-27.8359855866715,0 -48.5686725979051,-27.8359790575922,0 -48.5686692179959,-27.8359649404969,0 -48.568667362593,-27.8359536616655,0 -48.5686778469033,-27.8359327596108,0 -48.5686931294977,-27.8359095999365,0 -48.5686954106544,-27.8358803179252,0 -48.5686956813609,-27.835875374531,0 -48.5686966735519,-27.8358571925726,0 -48.5686998107284,-27.8358499718307,0 -48.5687156713891,-27.8358396693972,0 -48.5687322161866,-27.8358320246494,0 -48.5687452474754,-27.8358150582713,0 -48.5687455718598,-27.8358005135734,0 -48.5687369657885,-27.8357858114833,0 -48.5687209248328,-27.8357709767055,0 -48.5687039280939,-27.8357653864384,0 -48.5686778448943,-27.8357669115062,0 -48.5686411711818,-27.8357761851501,0 -48.5686165164754,-27.8357803810132,0 -48.5685950302984,-27.8357760338701,0 -48.5685892241127,-27.8357693180102,0 -48.5685894748107,-27.8357580779508,0 -48.5685904550969,-27.8357475132596,0 -48.5686060432551,-27.8357160415465,0 -48.5686151469284,-27.8357082656607,0 -48.5686280455293,-27.8356972485211,0 -48.5686289944611,-27.8356880060917,0 -48.5686255276959,-27.8356767005117,0 -48.568604959122,-27.8356644332045,0 -48.5686030093182,-27.8356518320964,0 -48.5686040411421,-27.8356401509145,0 -48.5686045425199,-27.8356176713456,0 -48.5686011181147,-27.8356043833906,0 -48.5685924106999,-27.8355943099097,0 -48.5685790620794,-27.8355920898634,0 -48.5685595724672,-27.8355983598756,0 -48.5685331943787,-27.8356131078699,0 -48.5685069637496,-27.8356212443831,0 -48.5684808492703,-27.8356240900265,0 -48.5684564305337,-27.8356177080529,0 -48.568447022457,-27.8356056352374,0 -48.5684451316232,-27.8355903911896,0 -48.5684549450179,-27.8355508797152,0 -48.5685100822873,-27.8354480144448,0 -48.5685411423497,-27.8353576995974,0 -48.5685531377457,-27.8353222919419,0 -48.5685476018946,-27.8353052621177,0 -48.5685391670242,-27.8353004411917,0 -48.568522723052,-27.8353013188714,0 -48.5684969001195,-27.8353102060362,0 -48.5684587012664,-27.835314205003,0 -48.5684284606962,-27.8353148394907,0 -48.5684134591004,-27.8353099050129,0 -48.5684065478545,-27.8352957686234,0 -48.5684140839996,-27.8352818890925,0 -48.5684156814247,-27.8352690701938,0 -48.568411254473,-27.8352614022228,0 -48.5684046859368,-27.835261286443,0 -48.5683947689949,-27.8352640298755,0 -48.5683834480525,-27.83527083706,0 -48.5683669346461,-27.8352746333827,0 -48.5683524847321,-27.8352743786773,0 -48.5683455232409,-27.8352625786294,0 -48.5683477801776,-27.8352497719077,0 -48.5683493143262,-27.8352398734323,0 -48.5683468424102,-27.8352328225759,0 -48.5683409966269,-27.8352298001983,0 -48.5683318024132,-27.8352296381326,0 -48.5683166818187,-27.8352299559091,0 -48.5682856552607,-27.8352364162825,0 -48.5682568094053,-27.8352335711257,0 -48.5682418822256,-27.8352251348505,0 -48.5682204969275,-27.8352119108226,0 -48.5682001726981,-27.8352098023816,0 -48.5681719714823,-27.8352075528785,0 -48.56811127028,-27.8352187450133,0 -48.5680844360934,-27.8352251977406,0 -48.5680674101028,-27.8352225625657,0 -48.5680390051,-27.8351998730013,0 -48.5680249737214,-27.8351809410197,0 -48.5680146340847,-27.8351731682507,0 -48.5679899871433,-27.8351587213778,0 -48.567978427705,-27.835146838602,0 -48.5679649454858,-27.8351325880022,0 -48.5679494301611,-27.8351212203417,0 -48.5679396434167,-27.8351181279192,0 -48.5679317750592,-27.8351174059957,0 -48.5679079201509,-27.8351263277459,0 -48.5678835688054,-27.8351282334564,0 -48.5678665037935,-27.8351273482888,0 -48.5678463383524,-27.8351182347624,0 -48.5678096849623,-27.8351117493233,0 -48.5677794742096,-27.8351112166833,0 -48.5677505093176,-27.8351136258872,0 -48.5677417534628,-27.8351191956308,0 -48.5677368915809,-27.8351305796266,0 -48.5677302901603,-27.8351370194833,0 -48.5677150853894,-27.8351367514027,0 -48.5677032330686,-27.8351308056434,0 -48.5676900057973,-27.8351244275617,0 -48.567674906328,-27.835119245662,0 -48.5676707022823,-27.8351011455732,0 -48.567665841268,-27.8350916382534,0 -48.5676576303305,-27.8350878064511,0 -48.5676478708758,-27.835091321403,0 -48.5676346109338,-27.8351070654642,0 -48.5676237058207,-27.8351249712926,0 -48.5676091349132,-27.8351374149382,0 -48.567596648235,-27.835139242875,0 -48.5675737163283,-27.8351339228606,0 -48.5675469785527,-27.8351338611373,0 -48.5675318012007,-27.8351323643268,0 -48.5675054380706,-27.8351155124316,0 -48.5674861071941,-27.835093458579,0 -48.567466432506,-27.8350660738102,0 -48.5674619207905,-27.8350545730016,0 -48.5674573189007,-27.8350432820768,0 -48.5674500763591,-27.8350345318419,0 -48.567443325237,-27.8350326879618,0 -48.5674368558013,-27.835032573884,0 -48.5674313629426,-27.8350324770262,0 -48.5674263827903,-27.8350381381099,0 -48.5674249621835,-27.8350438608592,0 -48.5674297156801,-27.8350626276438,0 -48.5674354560905,-27.8350808374366,0 -48.5674347787687,-27.8350832618507,0 -48.5674337000109,-27.8350871297662,0 -48.5674249253775,-27.8350889873472,0 -48.5673923357702,-27.8350855379493,0 -48.5673513218823,-27.8350825154859,0 -48.5673162064453,-27.8350680771957,0 -48.5673063830719,-27.8350589928686,0 -48.5672877593936,-27.8350529166521,0 -48.5672551975443,-27.8350480297984,0 -48.5672393427326,-27.8350483256985,0 -48.5672300299859,-27.835045286744,0 -48.5672272162366,-27.835040926137,0 -48.5672241952675,-27.8350313879203,0 -48.5672213070948,-27.8350158156724,0 -48.5672226704475,-27.8349983066427,0 -48.5672150181108,-27.8349758848611,0 -48.5671883745428,-27.8349524210509,0 -48.5671699817503,-27.8349359998794,0 -48.5671523067571,-27.8349308033444,0 -48.5671232057864,-27.8349302901342,0 -48.567094535199,-27.834934337258,0 -48.5670913154537,-27.8349337066315,0 -48.5670761020763,-27.8349196407494,0 -48.5670615962007,-27.8348973293917,0 -48.5670609922789,-27.8348879147541,0 -48.5670655533118,-27.8348840179384,0 -48.5670754469232,-27.8348784055224,0 -48.5670849591196,-27.8348717014732,0 -48.5670871615953,-27.8348641448726,0 -48.5670846295044,-27.834849995338,0 -48.567078563579,-27.8348299965818,0 -48.567064410815,-27.8348076859449,0 -48.5670538922643,-27.8347994682805,0 -48.5670471043249,-27.8347941674535,0 -48.5670091704784,-27.8347695049497,0 -48.5669825444184,-27.8347527000912,0 -48.5669672348278,-27.834743751936,0 -48.5669633860184,-27.8347360274837,0 -48.5669625220048,-27.8347232500068,0 -48.5669656098591,-27.8347136069493,0 -48.5669762654478,-27.8346995005538,0 -48.5669868754533,-27.8346874365012,0 -48.566997966554,-27.8346794644743,0 -48.5670085177777,-27.8346699508396,0 -48.5670160512687,-27.8346670217344,0 -48.567031510777,-27.8346693353266,0 -48.5670497463276,-27.8346757830697,0 -48.5670703058292,-27.8346812507722,0 -48.5670783228973,-27.834682413734,0 -48.5670818349599,-27.8346794115011,0 -48.5670825114616,-27.8346748310302,0 -48.5670815360628,-27.8346671550528,0 -48.5670015295475,-27.8345713065668,0 -48.5669968223581,-27.8345510795439,0 -48.5669954184655,-27.8345367604599,0 -48.5670014707846,-27.8345230855907,0 -48.5670041776019,-27.8345047554623,0 -48.5670046672946,-27.8344828132016,0 -48.5670076341194,-27.8344527491963,0 -48.5670172668441,-27.8344330091287,0 -48.567022190057,-27.8344247080348,0 -48.5670391445735,-27.834418241528,0 -48.5670541035876,-27.8344159704092,0 -48.5670716658235,-27.8344106424775,0 -48.5670763467269,-27.8344000130963,0 -48.5670768499497,-27.8343915657619,0 -48.5670700519422,-27.8343835524943,0 -48.5670458879608,-27.8343718510294,0 -48.5670110212731,-27.834348915692,0 -48.5670086154442,-27.8343448486466,0 -48.5670088767228,-27.8343401363917,0 -48.5670099752326,-27.834332940865,0 -48.5670085044718,-27.8343288908613,0 -48.5670048173889,-27.8343261895687,0 -48.5669971943164,-27.8343249448875,0 -48.5669848630256,-27.834324727409,0 -48.5669717502309,-27.8343244961464,0 -48.5669593805746,-27.8343260810256,0 -48.5669531916902,-27.8343236131682,0 -48.5669498612732,-27.8343188375682,0 -48.566948868606,-27.834314378555,0 -48.5669462222899,-27.8343080686161,0 -48.5669534433314,-27.8342942392337,0 -48.5669709853397,-27.8342822665966,0 -48.5669977717677,-27.8342643159857,0 -48.567005089958,-27.8342460220251,0 -48.5670053515037,-27.8342343024937,0 -48.5670006282293,-27.8342208203286,0 -48.5669961863526,-27.8341874563033,0 -48.5670001404258,-27.8341700882392,0 -48.5670013516624,-27.8341558428113,0 -48.5669963896672,-27.8341383175017,0 -48.5669834771633,-27.8341174815158,0 -48.5669730093597,-27.8341069930487,0 -48.5669510545347,-27.8340915465777,0 -48.5669395699894,-27.8340865886171,0 -48.5669262684846,-27.8340831835645,0 -48.5669075629315,-27.8340820611824,0 -48.5668958662109,-27.8340866103017,0 -48.5668885391224,-27.8340951988721,0 -48.5668855992841,-27.8341070374815,0 -48.5668828009558,-27.8341125354664,0 -48.5668720483687,-27.8341147243549,0 -48.5668640777188,-27.8341122052432,0 -48.5668598141771,-27.8341034122488,0 -48.5668591510948,-27.8340930961502,0 -48.5668565674123,-27.8340890876456,0 -48.5668485949068,-27.8340865685004,0 -48.5668317081868,-27.8340838926824,0 -48.5668131087161,-27.8340780172966,0 -48.5667946683941,-27.8340650113211,0 -48.5667614084158,-27.8340366824891,0 -48.5667413767069,-27.8340149289889,0 -48.5667233828545,-27.8339821145499,0 -48.5667202727768,-27.8339419044074,0 -48.566701679781,-27.8339232778979,0 -48.5666578762203,-27.8338985745621,0 -48.5665540000555,-27.8338685876142,0 -48.5662162096147,-27.833814769605,0 -48.5654894895905,-27.8338357504351,0 -48.5648177770888,-27.8338696643103,0 -48.5642248983262,-27.833871680065,0 -48.5637671721779,-27.8338794812653,0 -48.5631135839327,-27.8340140599454,0 -48.5625000129683,-27.8342381774198,0 -48.5624734559558,-27.8342450332139,0 -48.562436810859,-27.8342515626116,0 -48.562431821923,-27.8342533402748,0 -48.5624152635811,-27.8342578713903,0 -48.5623851194279,-27.8342631025135,0 -48.5623260195736,-27.8342705056041,0 -48.5623014895126,-27.834274121542,0 -48.562266054839,-27.8342803490136,0 -48.5622251397233,-27.8342891957462,0 -48.5621999787352,-27.8342959819832,0 -48.5621758938078,-27.8343036551539,0 -48.5621492365605,-27.8343129972318,0 -48.5621192715895,-27.8343243708056,0 -48.562076192135,-27.8343428481055,0 -48.5620336481254,-27.8343638092052,0 -48.5619988957237,-27.8343831011011,0 -48.5619517882168,-27.8344118561636,0 -48.5619247931773,-27.8344264944862,0 -48.5619047241142,-27.8344365917744,0 -48.5618654772071,-27.834454359132,0 -48.5617980016635,-27.8344799840772,0 -48.5617722032942,-27.8344909460344,0 -48.5617553066643,-27.8344988001455,0 -48.5617316702129,-27.8345109314687,0 -48.5616803498755,-27.8345404385914,0 -48.5616461119861,-27.8345586028158,0 -48.5616103171806,-27.8345759404282,0 -48.5615449099512,-27.834605667711,0 -48.561482730453,-27.834638379052,0 -48.5614520918639,-27.8346530789842,0 -48.5614230886867,-27.8346650124021,0 -48.5613966649556,-27.8346737956266,0 -48.5613711843532,-27.8346806013883,0 -48.5613042135239,-27.8346961982682,0 -48.5612669488229,-27.8347056307604,0 -48.5612304966247,-27.8347157957348,0 -48.5612000645977,-27.8347259674481,0 -48.5611793390537,-27.8347343893171,0 -48.561158937541,-27.8347441942428,0 -48.561094461106,-27.8347802120212,0 -48.5610499437678,-27.8348018868808,0 -48.5610280983179,-27.8348136234891,0 -48.5610117859911,-27.8348242094542,0 -48.5609720750961,-27.8348548946583,0 -48.5609568793606,-27.8348647491863,0 -48.5609372096282,-27.8348775083693,0 -48.5609226333233,-27.8348878089078,0 -48.5609060173868,-27.8349012482386,0 -48.56085856915,-27.8349420530695,0 -48.5608352323296,-27.8349602765493,0 -48.5608167576173,-27.8349707917635,0 -48.5607919017224,-27.8349836178303,0 -48.5607161759057,-27.8350197812567,0 -48.5606005290254,-27.8350847436758,0 -48.5605842829107,-27.8350950801829,0 -48.5605733671857,-27.8351030834073,0 -48.5605295294139,-27.8351409169841,0 -48.5605185748491,-27.8351492989576,0 -48.5605075307039,-27.835156783888,0 -48.5604905385391,-27.8351666286213,0 -48.5604405889337,-27.8351901936252,0 -48.560419757885,-27.8352016903355,0 -48.5603575574993,-27.8352414785173,0 -48.5603328307817,-27.8352594063739,0 -48.5603209542788,-27.8352697022717,0 -48.5603034524637,-27.8352873426586,0 -48.5602860005959,-27.8353072077017,0 -48.5602484215355,-27.8353524587152,0 -48.5602246615581,-27.8353785365633,0 -48.5602059154695,-27.8353973516273,0 -48.5601505924158,-27.8354504921952,0 -48.5601282412392,-27.8354743794266,0 -48.5601177921005,-27.8354877448859,0 -48.5600889221015,-27.8355285321627,0 -48.5600494294671,-27.8355751007153,0 -48.5600330408191,-27.8355966157358,0 -48.5600198943368,-27.835616041975,0 -48.5600065709581,-27.8356375588908,0 -48.5599937823184,-27.8356600396472,0 -48.5599858836383,-27.8356752603966,0 -48.5599754330429,-27.8356987638742,0 -48.5599696486972,-27.8357151212414,0 -48.5599644125065,-27.8357355520076,0 -48.5599631092982,-27.8357406340566,0 -48.5599592562392,-27.8357655864011,0 -48.5599581788399,-27.8357877869201,0 -48.5599590691424,-27.8358007091535,0 -48.5599613188184,-27.8358129317959,0 -48.5599673926106,-27.8358316912926,0 -48.5599767555559,-27.8358527123657,0 -48.5599934099107,-27.835883264162,0 -48.5600123236509,-27.8359128183784,0 -48.5600133358207,-27.835914400854,0 -48.5600671236813,-27.8359925554349,0 -48.5600925018429,-27.83603205529,0 -48.5601607843384,-27.8361429339828,0 -48.5601723521105,-27.8361632109283,0 -48.5601940341503,-27.8362046846822,0 -48.5602039280922,-27.8362213044815,0 -48.5602200531859,-27.8362441198537,0 -48.5602480604221,-27.8362778176211,0 -48.5602608500083,-27.8362942975323,0 -48.5602715163417,-27.8363105091425,0 -48.5602771972978,-27.8363211645617,0 -48.5602833411946,-27.8363369888905,0 -48.560295863922,-27.8363871775673,0 -48.5603083475573,-27.8364288438342,0 -48.5603235238931,-27.8364736527237,0 -48.5603542976379,-27.8365597098824,0 -48.5603635349142,-27.8365880680503,0 -48.5603746832027,-27.8366257356569,0 -48.5603761969245,-27.8366308454994,0 -48.5603848465027,-27.8366533535223,0 -48.5603921316416,-27.836666988023,0 -48.5604033724615,-27.8366831101058,0 -48.5604053100575,-27.8366858891211,0 -48.5604206525593,-27.8367037606594,0 -48.560458032171,-27.8367434567319,0 -48.5604663385697,-27.8367536458621,0 -48.5604729168166,-27.8367632129653,0 -48.5604781521843,-27.8367723823864,0 -48.5604843492144,-27.8367859177869,0 -48.5605059873031,-27.8368424317695,0 -48.5605114256613,-27.836860939899,0 -48.5605128376505,-27.8368738625449,0 -48.5605125964777,-27.8368804591143,0 -48.5605105537329,-27.8368937281922,0 -48.560503914723,-27.8369194303676,0 -48.5605024637782,-27.8369250517095,0 -48.5605006290539,-27.836935918405,0 -48.5605003443798,-27.8369458151728,0 -48.5605008268379,-27.8369504722651,0 -48.5605031291866,-27.836959348054,0 -48.5605049843084,-27.8369636257491,0 -48.5605100686804,-27.8369719300841,0 -48.560520130547,-27.8369834042275,0 -48.5605314003302,-27.8369930575997,0 -48.5605363170192,-27.8369965914545,0 -48.5605526015843,-27.8370083023033,0 -48.5605624598584,-27.8370183547601,0 -48.560571519677,-27.8370320569834,0 -48.5605787012479,-27.8370486051139,0 -48.5605818923399,-27.8370607595871,0 -48.5605838571395,-27.8370739227567,0 -48.5605912924326,-27.837180011237,0 -48.5605912038929,-27.8371862376736,0 -48.5605908989163,-27.8372078383653,0 -48.5605863177371,-27.8372397504162,0 -48.5605856577574,-27.837250721595,0 -48.5605860120537,-27.8372563996435,0 -48.5605894857899,-27.837274167566,0 -48.560599286651,-27.837303368915,0 -48.5606035706273,-27.8373139709821,0 -48.5606084439572,-27.8373237893445,0 -48.5606143796599,-27.8373327817014,0 -48.5606178856814,-27.8373369542159,0 -48.5606307077736,-27.837348362616,0 -48.5606309913004,-27.8373485658862,0 -48.5606559856227,-27.8373665932137,0 -48.5606659329224,-27.8373746624726,0 -48.5606750344363,-27.8373831534892,0 -48.5606828072461,-27.8373917757593,0 -48.560688769102,-27.837400236588,0 -48.5606925723462,-27.8374083469913,0 -48.5606944463452,-27.8374163219481,0 -48.560694445339,-27.8374287140526,0 -48.5606907984738,-27.8374476116806,0 -48.5606873744177,-27.8374585736332,0 -48.5606826084745,-27.8374707817983,0 -48.5606686308212,-27.8374991336512,0 -48.5606466479072,-27.8375363921382,0 -48.560633712078,-27.8375560044367,0 -48.5606281384702,-27.8375635805966,0 -48.5606169056701,-27.8375788476023,0 -48.5605658080148,-27.8376395989463,0 -48.5605210201802,-27.8376985200451,0 -48.5604924186675,-27.8377399939054,0 -48.5604790778382,-27.8377620876915,0 -48.5604717472424,-27.8377762523292,0 -48.5604671228765,-27.8377885824931,0 -48.5604648189527,-27.8378016448375,0 -48.5604643388664,-27.8378507493902,0 -48.5604633450666,-27.8378640403197,0 -48.5604614226798,-27.8378768296498,0 -48.5604554460194,-27.8379009740013,0 -48.5604453569915,-27.8379294358995,0 -48.5604142725946,-27.8380020113411,0 -48.5603948233955,-27.838049508265,0 -48.5603882541676,-27.8380634787435,0 -48.560380903191,-27.8380760889049,0 -48.5603768143179,-27.8380818199918,0 -48.5603679985533,-27.8380923093382,0 -48.5603457799342,-27.8381156195701,0 -48.5603382360724,-27.8381249727115,0 -48.5603315213279,-27.83813481523,0 -48.5603223069679,-27.8381509615953,0 -48.560310283837,-27.838175875731,0 -48.5603021475653,-27.8381963620476,0 -48.5602977982515,-27.8382102687998,0 -48.5602936046055,-27.8382308386147,0 -48.5602924750568,-27.8382508298548,0 -48.5602945943296,-27.8382700717625,0 -48.5603040888878,-27.8383058993846,0 -48.5603052525466,-27.838312395236,0 -48.5603070448933,-27.838322384358,0 -48.5603075152778,-27.8383327565245,0 -48.5603068433505,-27.8383425434571,0 -48.5603050902622,-27.838351670239,0 -48.5603023135992,-27.8383600828175,0 -48.5602962879816,-27.83837143711,0 -48.5602881208433,-27.8383814274116,0 -48.560277879943,-27.8383904585921,0 -48.5602662037053,-27.8383995960054,0 -48.5602459504008,-27.8384154485417,0 -48.5602172558159,-27.8384411108456,0 -48.5602039145459,-27.8384553294093,0 -48.5601995604517,-27.8384618372586,0 -48.5601964831439,-27.8384685411651,0 -48.5601941158066,-27.8384798120159,0 -48.560193875575,-27.8384958031926,0 -48.5601958585205,-27.8385154056085,0 -48.5601988383435,-27.8385308259279,0 -48.5602026149349,-27.8385441400994,0 -48.5602047106935,-27.8385515341274,0 -48.5602125247921,-27.8385725674468,0 -48.5602217024946,-27.8385937102446,0 -48.5602453107982,-27.838644634143,0 -48.5602531480841,-27.8386653517621,0 -48.560255836374,-27.8386763876636,0 -48.5602572338999,-27.8386881563119,0 -48.5602570621305,-27.8387007293297,0 -48.5602553464599,-27.8387136087718,0 -48.5602501212537,-27.8387321034288,0 -48.5602450159728,-27.8387429706448,0 -48.5602386661325,-27.8387523955619,0 -48.5602310309535,-27.8387606500611,0 -48.560222084002,-27.8387680294069,0 -48.5602117852937,-27.8387748253198,0 -48.5601700653677,-27.8387974298686,0 -48.560158477423,-27.8388044194033,0 -48.5601477401326,-27.8388119603766,0 -48.5601381447221,-27.8388201890091,0 -48.5601299719756,-27.8388292374822,0 -48.5601265016068,-27.8388340989111,0 -48.5601207879388,-27.8388443016655,0 -48.5601150943371,-27.8388599458071,0 -48.5601130643646,-27.8388699273485,0 -48.5601122928952,-27.8388791783274,0 -48.5601129609834,-27.838892590615,0 -48.5601194906736,-27.8389422470456,0 -48.5601200975857,-27.8389542131832,0 -48.5601198117205,-27.8389655445293,0 -48.5601184137133,-27.8389762157258,0 -48.5601157030862,-27.838986298674,0 -48.5601114755593,-27.8389958690632,0 -48.5601087351376,-27.8390004746554,0 -48.560102090967,-27.8390091811868,0 -48.5600982412834,-27.839013191664,0 -48.560089640957,-27.8390203067313,0 -48.5600800372359,-27.839025916577,0 -48.5600749321675,-27.8390280550068,0 -48.560064357859,-27.8390309431376,0 -48.5600589858956,-27.8390316923563,0 -48.560048321142,-27.8390318126606,0 -48.5600380996219,-27.8390300942678,0 -48.5600332781995,-27.8390285562051,0 -48.5600244029425,-27.8390242903517,0 -48.5600204078257,-27.8390216517137,0 -48.5600134628746,-27.8390155932936,0 -48.5600081173429,-27.8390087965745,0 -48.5600045600225,-27.8390015732947,0 -48.5600026803729,-27.8389940459598,0 -48.5600023057099,-27.838986290267,0 -48.560003260339,-27.8389783780053,0 -48.5600053485578,-27.8389703337992,0 -48.5600136895748,-27.8389474318521,0 -48.5600190298839,-27.8389327644869,0 -48.5600260163025,-27.8389063338476,0 -48.5600273562557,-27.8388975367991,0 -48.5600274847797,-27.8388898858309,0 -48.5600261433558,-27.8388823371769,0 -48.5600230637507,-27.8388738105523,0 -48.5600112020539,-27.8388509620726,0 -48.5599993241986,-27.8388323780184,0 -48.5599876459059,-27.8388181910719,0 -48.5599805190087,-27.8388125397125,0 -48.5599733595334,-27.8388092569386,0 -48.5599612552313,-27.8388071263465,0 -48.5599410354052,-27.8388066998332,0 -48.559924669955,-27.8388081968469,0 -48.5599142477305,-27.8388102698502,0 -48.5599045431352,-27.8388133016702,0 -48.5598954471817,-27.8388173454502,0 -48.5598868516745,-27.8388224466374,0 -48.5598786391039,-27.838828651616,0 -48.5598708706586,-27.838835883818,0 -48.5598637774686,-27.8388439474239,0 -48.5598575945154,-27.8388526406243,0 -48.5598525422046,-27.8388617762214,0 -48.559846867534,-27.8388764899821,0 -48.559842445106,-27.8388932987739,0 -48.5598331717658,-27.8389345713798,0 -48.5598293009959,-27.8389486831816,0 -48.5598248282314,-27.8389617627634,0 -48.5598197025033,-27.8389734578696,0 -48.5598139554966,-27.8389837921904,0 -48.5598076210532,-27.8389928037729,0 -48.5598007304637,-27.8390005339232,0 -48.5597893763306,-27.8390102221933,0 -48.5597767668171,-27.8390187025715,0 -48.5597528324055,-27.839032742496,0 -48.559736608078,-27.8390407189025,0 -48.5597189381211,-27.839047545179,0 -48.5597003968226,-27.8390529175791,0 -48.5596819547118,-27.8390567651585,0 -48.5596645135077,-27.8390587145169,0 -48.5596537435785,-27.8390581919014,0 -48.559648676897,-27.8390571765175,0 -48.5596392717891,-27.8390532779528,0 -48.5596308543128,-27.8390466906631,0 -48.5596070213104,-27.8390193986902,0 -48.5595979255048,-27.8390110106863,0 -48.5595880078003,-27.8390037200276,0 -48.5595719222095,-27.8389947914699,0 -48.559560611996,-27.8389901212411,0 -48.5595275335598,-27.8389784468768,0 -48.5595104782493,-27.8389711307114,0 -48.5594305636911,-27.8389302907981,0 -48.5594047259867,-27.8389185479125,0 -48.5593791095248,-27.8389083514801,0 -48.5593548834133,-27.8388998923567,0 -48.5593332110966,-27.8388933376181,0 -48.5593076623818,-27.8388872820709,0 -48.5592738637147,-27.8388812143656,0 -48.5592587095936,-27.8388760360795,0 -48.5592487795546,-27.8388710961675,0 -48.5592393771285,-27.8388649766043,0 -48.5592308401071,-27.8388576707008,0 -48.5592234635251,-27.838848923191,0 -48.5592175157988,-27.8388382288656,0 -48.5592132525736,-27.838825071826,0 -48.5592118369559,-27.8388174084072,0 -48.559210552594,-27.8387998719505,0 -48.5592113281208,-27.8387802897022,0 -48.559212478106,-27.8387701020605,0 -48.5592162870422,-27.8387496802329,0 -48.5592189393609,-27.8387397422125,0 -48.5592256848452,-27.8387208972658,0 -48.5592297267403,-27.8387119283033,0 -48.5592389849498,-27.838694663201,0 -48.5592496122814,-27.8386779801946,0 -48.5592733887994,-27.8386447623345,0 -48.5592844515798,-27.8386272246152,0 -48.5592891977049,-27.8386179861468,0 -48.5592931976922,-27.8386083429201,0 -48.5592962888505,-27.8385982287246,0 -48.5592983554335,-27.8385876112233,0 -48.5592995094811,-27.8385766052946,0 -48.5592997366809,-27.8385540361953,0 -48.5592957768363,-27.8385014062112,0 -48.5592937739952,-27.8384623087964,0 -48.5592924642763,-27.8384497222376,0 -48.5592884991188,-27.8384330481223,0 -48.5592840175777,-27.838423139174,0 -48.5592810990354,-27.8384184896418,0 -48.5592776729032,-27.838414015066,0 -48.5592691602208,-27.8384055129002,0 -48.5592421029559,-27.8383838036602,0 -48.5592316125474,-27.838373236024,0 -48.5592224695273,-27.8383607074637,0 -48.55919281708,-27.8383098389243,0 -48.5591701840615,-27.8382772757803,0 -48.5591524538284,-27.83825514836,0 -48.5591431275274,-27.838244552854,0 -48.5591241031095,-27.8382252755925,0 -48.5591146127096,-27.8382169455622,0 -48.5590957299191,-27.8382028529995,0 -48.5590768746339,-27.8381916268244,0 -48.559057882909,-27.8381825928183,0 -48.5590288212855,-27.8381717692338,0 -48.5589987718095,-27.8381632846574,0 -48.558978048693,-27.8381586697518,0 -48.5589566998084,-27.8381547211447,0 -48.5589242514236,-27.8381501983247,0 -48.5588932560204,-27.8381480455893,0 -48.5588744904254,-27.8381483071662,0 -48.5588576067997,-27.8381499303619,0 -48.5588424591869,-27.8381526273255,0 -48.5588288858627,-27.8381560950578,0 -48.558805577599,-27.8381643105636,0 -48.5587725568512,-27.8381788988341,0 -48.5587535134452,-27.8381866682844,0 -48.55873976673,-27.8381913494607,0 -48.5587252834494,-27.8381951986919,0 -48.5587102244861,-27.8381979203393,0 -48.5586875241122,-27.8381999329046,0 -48.5586661952677,-27.8381997090692,0 -48.5586533625708,-27.8381983777743,0 -48.5586411446629,-27.8381957918241,0 -48.5586287992792,-27.8381915674528,0 -48.5586084357058,-27.838181328381,0 -48.5585934420324,-27.838171703118,0 -48.5585783211419,-27.8381601514158,0 -48.5585640625703,-27.8381469980854,0 -48.5585575686981,-27.8381399194029,0 -48.5585516327914,-27.8381325741384,0 -48.5585413376744,-27.8381174681924,0 -48.5585110694507,-27.8380615540192,0 -48.5585052417536,-27.8380527523842,0 -48.558494895103,-27.8380393945828,0 -48.5584822066072,-27.8380252926231,0 -48.5584683091841,-27.8380122249785,0 -48.5584590019651,-27.8380050408746,0 -48.5584373712525,-27.8379907481435,0 -48.55842976744,-27.8379844615585,0 -48.5584229989977,-27.8379768636459,0 -48.5584172766093,-27.8379681459276,0 -48.5584111405457,-27.8379538063836,0 -48.5584089860174,-27.8379439529177,0 -48.5584082266362,-27.8379340723791,0 -48.5584085492974,-27.8379033494915,0 -48.5584077220016,-27.8378927947814,0 -48.5584043971327,-27.8378781872351,0 -48.5584003891527,-27.8378701524546,0 -48.5583947388392,-27.8378640254567,0 -48.5583913902271,-27.8378616240097,0 -48.5583839257699,-27.8378579117118,0 -48.5583757902208,-27.837855340174,0 -48.5583509004566,-27.8378501376128,0 -48.5583429877246,-27.8378473266027,0 -48.5583391681146,-27.8378453750095,0 -48.5583319070084,-27.8378401904016,0 -48.5583254309109,-27.8378336748511,0 -48.5583200952507,-27.8378263616804,0 -48.5583162455728,-27.8378187829354,0 -48.5583141804965,-27.8378113806163,0 -48.5583139810067,-27.8378042453718,0 -48.5583156898204,-27.8377973785087,0 -48.5583193292314,-27.8377907804217,0 -48.5583282753549,-27.8377811994419,0 -48.5583497722755,-27.8377635722351,0 -48.5583644652222,-27.8377506372595,0 -48.558373722415,-27.8377414676568,0 -48.5583816926062,-27.8377323925746,0 -48.5583876676771,-27.8377238549179,0 -48.558391407431,-27.8377160404309,0 -48.5583931593969,-27.8377088785983,0 -48.5583931850484,-27.837702284833,0 -48.5583917507393,-27.8376961779386,0 -48.5583872730279,-27.8376878176339,0 -48.5583804084318,-27.8376803369716,0 -48.5583715652416,-27.8376736517604,0 -48.5583607769256,-27.8376677890263,0 -48.5583478183631,-27.83766284226,0 -48.5583094176058,-27.8376534337674,0 -48.5582995177459,-27.8376501404041,0 -48.5582946357938,-27.8376470493078,0 -48.5582925803666,-27.837645024306,0 -48.5582874408528,-27.8376362012512,0 -48.5582847503043,-27.8376275438031,0 -48.5582829032141,-27.8376164671403,0 -48.5582822994438,-27.8375950216614,0 -48.5582846384042,-27.8375681822857,0 -48.5582920861045,-27.8375135667875,0 -48.5582942331499,-27.8374920312206,0 -48.5582949284742,-27.8374666045132,0 -48.5582932715191,-27.837441148835,0 -48.5582914547874,-27.8374288275508,0 -48.5582889036907,-27.8374172912488,0 -48.5582855508571,-27.8374068372219,0 -48.5582813266241,-27.8373973948473,0 -48.5582761577537,-27.8373888042238,0 -48.5582699704623,-27.8373809021359,0 -48.558262720734,-27.8373735793144,0 -48.5582544942215,-27.8373669116211,0 -48.5582405674934,-27.837358420402,0 -48.5582250618044,-27.8373521057301,0 -48.5582082270009,-27.837348180747,0 -48.5581963509333,-27.837346932984,0 -48.5581777699432,-27.8373471184375,0 -48.5581594595848,-27.837349188808,0 -48.5581432602448,-27.8373521573068,0 -48.5581190717633,-27.8373577186627,0 -48.558107126563,-27.8373595569565,0 -48.558092796991,-27.8373601717647,0 -48.5580752858009,-27.8373588132229,0 -48.5580615223013,-27.837356448787,0 -48.5580464083939,-27.8373530273095,0 -48.5579709584976,-27.8373337880089,0 -48.5579494809337,-27.8373277112302,0 -48.5579235785317,-27.8373193505146,0 -48.5578850166906,-27.8373050828857,0 -48.5578013922113,-27.8372698944597,0 -48.5577419649829,-27.8372479725749,0 -48.5576978521538,-27.8372334915185,0 -48.5576290214706,-27.8372125865771,0 -48.5575940501673,-27.8372013441676,0 -48.5575463981385,-27.8371851741497,0 -48.5574736189007,-27.8371593953651,0 -48.5574124137305,-27.8371429781629,0 -48.5573944821365,-27.8371372978202,0 -48.5573769828112,-27.8371304355931,0 -48.5573523310353,-27.837118244143,0 -48.5573306864674,-27.8371045011666,0 -48.5573183128575,-27.8370948263466,0 -48.5572831312845,-27.837062808961,0 -48.5572617263624,-27.8370449800856,0 -48.5572382308806,-27.8370282161602,0 -48.5572224350412,-27.8370189857329,0 -48.5572147016947,-27.8370152234557,0 -48.5571993678392,-27.8370091248411,0 -48.5571291752927,-27.8369879345064,0 -48.5571100080796,-27.8369811363315,0 -48.5570926807565,-27.8369741201634,0 -48.557072910883,-27.836963861105,0 -48.5570529021028,-27.8369503855144,0 -48.5570412352568,-27.8369432603143,0 -48.5570264158848,-27.8369357400449,0 -48.5570005272121,-27.8369248670613,0 -48.5569748087088,-27.8369164356361,0 -48.5569599153917,-27.8369130443842,0 -48.5569466299561,-27.8369111073982,0 -48.5569024019745,-27.8369071933072,0 -48.5568821628573,-27.8369034711145,0 -48.556868572303,-27.8368995582726,0 -48.556855149606,-27.8368943200869,0 -48.5568421102213,-27.8368881772618,0 -48.5567491271169,-27.8368381878755,0 -48.5567311669588,-27.8368290594923,0 -48.5567120378373,-27.8368206472538,0 -48.5567022047494,-27.8368170063635,0 -48.5566823283993,-27.8368112242996,0 -48.5566527794122,-27.8368056988103,0 -48.5566248350913,-27.8368027658486,0 -48.5565912654077,-27.8368009189214,0 -48.5565249320198,-27.8367992984279,0 -48.5565002383088,-27.8367976913079,0 -48.5564781667465,-27.8367945754232,0 -48.5564584911872,-27.8367896201975,0 -48.556445969009,-27.8367852239916,0 -48.5564270321141,-27.8367769434356,0 -48.5563755548783,-27.8367505798944,0 -48.5563493225042,-27.8367384627062,0 -48.5562846354666,-27.8367145019308,0 -48.5562782807401,-27.8367115344704,0 -48.5562669702048,-27.8367050719676,0 -48.5562529660608,-27.8366944352682,0 -48.5562414772425,-27.836683351893,0 -48.5562285212895,-27.8366685990218,0 -48.5562204103634,-27.8366567835633,0 -48.5562137025037,-27.8366435093448,0 -48.556208555981,-27.8366287631998,0 -48.5562061141002,-27.8366183346317,0 -48.5562045300747,-27.8366075820229,0 -48.5562012648578,-27.8365734990464,0 -48.5561971292917,-27.836555219826,0 -48.5561907158945,-27.8365366039697,0 -48.5561830913379,-27.8365185691345,0 -48.5561727040553,-27.8364970946274,0 -48.5561632639422,-27.8364809011463,0 -48.556157292804,-27.8364732594328,0 -48.5561517591801,-27.8364679880203,0 -48.5561333976026,-27.8364525908678,0 -48.5561188016533,-27.8364421848835,0 -48.5560752055398,-27.8364133857374,0 -48.5560661357086,-27.8364088347839,0 -48.5560392166319,-27.8363975644847,0 -48.5560271863031,-27.8363917913684,0 -48.5560166096431,-27.8363848445569,0 -48.5560110165248,-27.8363793259173,0 -48.5560051006748,-27.836369743921,0 -48.5560016211595,-27.8363590656678,0 -48.5559999367651,-27.8363477341341,0 -48.5559974259611,-27.8363133016023,0 -48.5559955378024,-27.8363001992268,0 -48.5559924187552,-27.8362867341535,0 -48.5559876664191,-27.8362739714874,0 -48.5559845523592,-27.8362681867182,0 -48.5559767807864,-27.8362581758818,0 -48.5559675481994,-27.8362497494391,0 -48.5559432042351,-27.8362309188771,0 -48.555930996045,-27.8362186838634,0 -48.5559220128708,-27.8362058478881,0 -48.5559198889082,-27.836201522421,0 -48.555917111737,-27.8361929250804,0 -48.5559164431992,-27.8361887013978,0 -48.5559165151037,-27.8361805207583,0 -48.5559184121648,-27.8361728614874,0 -48.5559220781554,-27.8361659103811,0 -48.5559245486802,-27.836162736348,0 -48.5559306940817,-27.8361569950253,0 -48.5559383627089,-27.836152061598,0 -48.5559474357248,-27.8361479312068,0 -48.5559577295561,-27.8361446127147,0 -48.5559687145002,-27.8361421347356,0 -48.5559797937397,-27.8361405351582,0 -48.5559903568088,-27.836139852731,0 -48.5560045629668,-27.8361404800044,0 -48.5560382651875,-27.8361458280804,0 -48.5560494670799,-27.8361470750929,0 -48.5560665901107,-27.8361471675295,0 -48.5560775933917,-27.8361454190079,0 -48.5560927229417,-27.8361403671778,0 -48.5561242641818,-27.8361251067891,0 -48.5561325109907,-27.8361184516072,0 -48.5561417464917,-27.8361071835616,0 -48.5561478455781,-27.8360962674776,0 -48.556153250446,-27.8360821069714,0 -48.5561555161229,-27.8360736727675,0 -48.5561589218966,-27.8360542313227,0 -48.5561612748167,-27.8360221748113,0 -48.5561610952482,-27.836001832218,0 -48.556159601621,-27.835984615862,0 -48.5561569824556,-27.8359710423456,0 -48.5561535781854,-27.8359601853461,0 -48.5561417825355,-27.8359346056695,0 -48.5561340205302,-27.835919636409,0 -48.5561263671042,-27.8359067876573,0 -48.5561203517279,-27.8358989375413,0 -48.5561136942877,-27.8358929225847,0 -48.5561061997435,-27.83588893153,0 -48.5561007664599,-27.8358874204973,0 -48.5560950222951,-27.8358868440205,0 -48.5560858706094,-27.8358876869362,0 -48.5560794574768,-27.8358892337141,0 -48.5560694419717,-27.835892739433,0 -48.5560389203249,-27.835906626229,0 -48.5560289644187,-27.8359101814633,0 -48.5560213048189,-27.8359118394273,0 -48.5560120891087,-27.8359128023601,0 -48.5559948044676,-27.8359127632277,0 -48.555975424545,-27.8359108497992,0 -48.5559567229963,-27.8359070016233,0 -48.5559401450046,-27.8359015284717,0 -48.5559106013405,-27.8358893404279,0 -48.5558923392299,-27.8358828307329,0 -48.5558758738164,-27.8358791339594,0 -48.5558642643112,-27.8358785780137,0 -48.5558562999459,-27.8358792398397,0 -48.5558478021861,-27.8358807028613,0 -48.5558256549287,-27.8358869404677,0 -48.5558109264748,-27.8358929482514,0 -48.555785132931,-27.8359066395522,0 -48.5557687707489,-27.8359142534452,0 -48.5557521174321,-27.8359200145423,0 -48.5557394335501,-27.8359224767205,0 -48.5557251992347,-27.8359234658096,0 -48.5557086428901,-27.8359231889722,0 -48.5556555603053,-27.8359191010854,0 -48.5556427014045,-27.8359174331255,0 -48.5556304781629,-27.8359151001549,0 -48.555618943977,-27.8359116548412,0 -48.5556117329632,-27.8359085025608,0 -48.5556018608955,-27.8359023507657,0 -48.5555937170654,-27.835895074753,0 -48.5555880210387,-27.835887461573,0 -48.5555843253537,-27.8358779166988,0 -48.5555834667915,-27.8358684094314,0 -48.5555853171549,-27.8358450964807,0 -48.5555862135419,-27.8358230514344,0 -48.5555854754611,-27.8357948546213,0 -48.5555838012107,-27.8357792602104,0 -48.5555813108157,-27.8357640362845,0 -48.5555776212518,-27.8357486930831,0 -48.5555739420239,-27.8357382211031,0 -48.5555688778718,-27.8357274321549,0 -48.5555622421351,-27.8357162794247,0 -48.5555386814569,-27.8356826111054,0 -48.5555221179187,-27.835657571402,0 -48.5555124077539,-27.8356451124245,0 -48.555505168673,-27.835638156983,0 -48.5554921431669,-27.8356294991886,0 -48.555475302189,-27.8356224407833,0 -48.555454094086,-27.8356164146706,0 -48.5554103230002,-27.8356057449417,0 -48.5553932441763,-27.8356002320125,0 -48.5553837689229,-27.8355961391843,0 -48.5553755699498,-27.8355915171602,0 -48.5553684218771,-27.8355862776878,0 -48.5553443185216,-27.835563690489,0 -48.555319657887,-27.8355444340228,0 -48.5553103659118,-27.8355382186937,0 -48.55530421707,-27.8355348594305,0 -48.5552981192467,-27.8355324020342,0 -48.5552921092803,-27.8355309165472,0 -48.5552862318995,-27.8355303145471,0 -48.5552805251075,-27.8355305036372,0 -48.5552515390052,-27.8355364723658,0 -48.5552414933253,-27.8355373461935,0 -48.5552246443122,-27.8355378020665,0 -48.5551996200745,-27.8355368315489,0 -48.5551626473939,-27.8355326858937,0 -48.5551310237361,-27.8355302436554,0 -48.5551095140556,-27.8355294345376,0 -48.5550949351705,-27.835529851326,0 -48.5550825905096,-27.8355314983474,0 -48.5550685697515,-27.8355354528785,0 -48.5550556105861,-27.8355409649094,0 -48.5550315326681,-27.8355530998778,0 -48.555021998937,-27.8355565870745,0 -48.555013807438,-27.835558317061,0 -48.555005556108,-27.8355590134037,0 -48.5549985007565,-27.8355583414999,0 -48.5549947557042,-27.8355569666341,0 -48.5549915257529,-27.835554722514,0 -48.5549885487629,-27.835551502612,0 -48.5549736746871,-27.8355273502497,0 -48.5549632714399,-27.8355143910227,0 -48.554958531449,-27.8355099508878,0 -48.5549507522845,-27.8355040690947,0 -48.5549314429427,-27.8354924119463,0 -48.5549247715069,-27.8354875498764,0 -48.5549170061498,-27.8354792573142,0 -48.5549128480683,-27.8354723228592,0 -48.5549107677691,-27.8354667711688,0 -48.5549090510093,-27.8354570537369,0 -48.5549085805032,-27.8354187577783,0 -48.5549078615143,-27.8354072010344,0 -48.5549018277655,-27.8353729968287,0 -48.5548940854283,-27.8353117246403,0 -48.5548914063659,-27.8353024863422,0 -48.5548866707111,-27.8352937656069,0 -48.5548807320815,-27.8352867527813,0 -48.5548748264828,-27.8352829627499,0 -48.5548711664857,-27.8352826021459,0 -48.5548673961513,-27.835283708332,0 -48.5548582154671,-27.8352891881898,0 -48.5548408794246,-27.8353015819547,0 -48.5548226962797,-27.8353179081975,0 -48.5548148884449,-27.8353240770939,0 -48.5547976901351,-27.8353354946811,0 -48.5547755521335,-27.8353488348025,0 -48.5547569720341,-27.835359049921,0 -48.554722911907,-27.8353754719572,0 -48.5546894282842,-27.8353931477085,0 -48.5546702706313,-27.8354010500552,0 -48.5546563358738,-27.8354047059315,0 -48.5546471458979,-27.8354059869907,0 -48.5546379787845,-27.8354063316955,0 -48.5546240799666,-27.8354053198305,0 -48.5546048411719,-27.8354018155096,0 -48.5545852828219,-27.8353967046053,0 -48.5545679652765,-27.8353907352117,0 -48.5545571123073,-27.8353857857821,0 -48.5545430801769,-27.8353775715536,0 -48.5545227838963,-27.8353632969498,0 -48.5545049769741,-27.835348820856,0 -48.5544917850368,-27.8353368172074,0 -48.5544801167266,-27.8353250503886,0 -48.554471158959,-27.8353146274426,0 -48.5544493086655,-27.8352840187354,0 -48.5544420374967,-27.8352763990666,0 -48.5544363323493,-27.8352715447426,0 -48.5544236447202,-27.8352626885287,0 -48.5544077222952,-27.8352538762981,0 -48.5543941426583,-27.835247943962,0 -48.5543522293533,-27.8352317683452,0 -48.5543423666458,-27.83522691741,0 -48.554334301554,-27.8352216605283,0 -48.5543296812106,-27.8352176878452,0 -48.5543236024338,-27.8352110420395,0 -48.5542966622383,-27.8351738667158,0 -48.5542727255721,-27.8351444160369,0 -48.5542609196677,-27.8351316323528,0 -48.5542493565446,-27.8351230488368,0 -48.5542179423077,-27.8351059496389,0 -48.5541798663673,-27.8350830330202,0 -48.5541672230935,-27.8350737480166,0 -48.5541562890331,-27.8350637173646,0 -48.5541481126472,-27.8350539233972,0 -48.5541456269367,-27.8350492687763,0 -48.5541441170956,-27.8350443588555,0 -48.5541434635058,-27.8350357721516,0 -48.5541444962478,-27.8350172430774,0 -48.5541441757147,-27.8350040280482,0 -48.5541421166046,-27.8349899407085,0 -48.5541386204057,-27.8349761225195,0 -48.5541339789555,-27.8349636756711,0 -48.5541299227433,-27.8349562627816,0 -48.5541246037196,-27.8349494140093,0 -48.5541175960396,-27.8349430022996,0 -48.5541086837033,-27.8349369632443,0 -48.5540984867445,-27.8349314664411,0 -48.554087829468,-27.8349267440355,0 -48.5540727687435,-27.8349216087226,0 -48.55406384636,-27.8349194690687,0 -48.5540372414389,-27.8349145723905,0 -48.55402129507,-27.8349108069571,0 -48.5539393180186,-27.834888203932,0 -48.553916242775,-27.8348824352608,0 -48.5538942050032,-27.8348786355988,0 -48.5538562854709,-27.8348742657486,0 -48.5538439370278,-27.8348718323797,0 -48.5538274308812,-27.8348664274458,0 -48.5538102943054,-27.8348578100504,0 -48.5538017578351,-27.8348520282145,0 -48.5537960795312,-27.8348468081195,0 -48.5537898568244,-27.8348387934272,0 -48.5537815638646,-27.8348259695662,0 -48.5537741798405,-27.8348107106095,0 -48.5537665573242,-27.8347842145793,0 -48.5537628463796,-27.8347738950944,0 -48.5537558549753,-27.8347604373141,0 -48.5537476998731,-27.8347487035493,0 -48.5537309099928,-27.8347299652758,0 -48.5537126267658,-27.8347083164478,0 -48.5537008701642,-27.834696322212,0 -48.553691047493,-27.8346883378494,0 -48.5536836912671,-27.8346834360448,0 -48.5536712312611,-27.8346767547046,0 -48.553662202908,-27.8346729891011,0 -48.5536481043094,-27.834668848317,0 -48.5536386197478,-27.8346673303325,0 -48.5536292348327,-27.8346668103498,0 -48.5536200741418,-27.8346672305508,0 -48.5536112592925,-27.8346685270069,0 -48.5536029013998,-27.8346706345019,0 -48.5535950144899,-27.8346734525046,0 -48.5535840855043,-27.8346787696536,0 -48.5535742204515,-27.8346850694127,0 -48.5535398943069,-27.8347129891327,0 -48.5535214548341,-27.8347255234181,0 -48.553507486212,-27.8347333133148,0 -48.5534918612676,-27.8347408447404,0 -48.5534789675105,-27.834745872608,0 -48.5534650538368,-27.8347499439758,0 -48.553377489702,-27.8347678933391,0 -48.5533405059592,-27.834774110834,0 -48.553314185527,-27.8347775474594,0 -48.5532996063119,-27.8347785356937,0 -48.5532857703695,-27.834778066712,0 -48.5532724662698,-27.8347755965178,0 -48.5532603206218,-27.834771084458,0 -48.5532505067043,-27.8347648090751,0 -48.5532457732526,-27.8347598061755,0 -48.5532425808392,-27.8347543465335,0 -48.5532406180193,-27.8347457454189,0 -48.5532411564723,-27.8347400270294,0 -48.5532429298862,-27.8347344610619,0 -48.5532547648401,-27.8347114678845,0 -48.5532610360095,-27.834697613093,0 -48.553263407521,-27.8346909028931,0 -48.5532641155206,-27.8346864904915,0 -48.5532637829171,-27.8346821262697,0 -48.553260917747,-27.8346758320479,0 -48.5532548823109,-27.8346702404769,0 -48.5532454052379,-27.8346657669352,0 -48.5532333505528,-27.8346622813592,0 -48.5531993249334,-27.8346543677354,0 -48.5531792811246,-27.8346484830929,0 -48.5531595145838,-27.834640540404,0 -48.5531436975196,-27.8346319281599,0 -48.5531361355335,-27.8346267831187,0 -48.5531291342274,-27.8346210846451,0 -48.5531201718389,-27.8346115107326,0 -48.5531152954413,-27.8346044588535,0 -48.5531112452737,-27.8345968907443,0 -48.5531079591509,-27.8345888168671,0 -48.5531054299799,-27.8345803048334,0 -48.5531037859962,-27.8345716030855,0 -48.5531031994174,-27.8345630153658,0 -48.5531038357483,-27.8345548408923,0 -48.5531057732609,-27.8345472908739,0 -48.5531104558876,-27.8345368102024,0 -48.5531310222175,-27.8344997063008,0 -48.5531389859972,-27.834488301909,0 -48.5531480358966,-27.8344787958051,0 -48.5531584365104,-27.8344709641371,0 -48.5531768790392,-27.8344592042531,0 -48.5531857211045,-27.8344520850943,0 -48.553192265965,-27.8344435627328,0 -48.5531944143164,-27.8344388460027,0 -48.5531956638406,-27.8344339883192,0 -48.553195650468,-27.8344267176022,0 -48.5531943671297,-27.8344221239433,0 -48.5531921265375,-27.8344179500194,0 -48.5531870719051,-27.8344128775393,0 -48.5531730729907,-27.8344042149409,0 -48.5531659347206,-27.834397194538,0 -48.5531616089855,-27.8343909465521,0 -48.5531577849837,-27.8343835972328,0 -48.5531532628308,-27.8343708093802,0 -48.5531495967921,-27.8343524475515,0 -48.5531475650475,-27.8343292805732,0 -48.553148479662,-27.8343060848993,0 -48.5531519819528,-27.8342640083043,0 -48.5531520623286,-27.8342533611919,0 -48.5531511602045,-27.8342471568574,0 -48.5531499735089,-27.8342436949702,0 -48.5531471511425,-27.834239192967,0 -48.553143049057,-27.8342353737258,0 -48.5531378658555,-27.8342324142429,0 -48.5531296663673,-27.8342300874457,0 -48.5531204929538,-27.8342292820585,0 -48.5530998798637,-27.8342292231896,0 -48.5530866938327,-27.8342280095931,0 -48.5530662451121,-27.8342238844349,0 -48.5530469985446,-27.8342181163499,0 -48.5530277858181,-27.83421075786,0 -48.5530150375318,-27.8342046975087,0 -48.5530006143456,-27.8341964745457,0 -48.5529724121084,-27.8341782964917,0 -48.5529607898619,-27.8341727148512,0 -48.5529507562253,-27.8341694418807,0 -48.5529450710806,-27.83416886302,0 -48.5529402401545,-27.8341694739767,0 -48.5529098672715,-27.8341785335446,0 -48.5528986179202,-27.8341809575826,0 -48.5528878354048,-27.8341820962819,0 -48.5528749062991,-27.8341813872681,0 -48.552859013772,-27.8341787626322,0 -48.5528435490811,-27.8341750722493,0 -48.5528306821382,-27.8341704900864,0 -48.5528192559673,-27.8341636805239,0 -48.5527957125338,-27.8341444197751,0 -48.5527661829342,-27.8341227844552,0 -48.5527529905107,-27.8341122802297,0 -48.5527404528334,-27.8341000126783,0 -48.5527213307937,-27.834077218793,0 -48.5527118004119,-27.8340686932463,0 -48.5526975659873,-27.8340603976038,0 -48.5526611899897,-27.8340441605785,0 -48.5526444196121,-27.8340351634958,0 -48.5526374974684,-27.8340296393272,0 -48.5526227430447,-27.8340134901338,0 -48.5526166687948,-27.8340085267602,0 -48.5526072230046,-27.834002028771,0 -48.5525967799892,-27.8339962962,0 -48.5525889204587,-27.8339933701721,0 -48.5525629050979,-27.8339886340251,0 -48.5525456353942,-27.8339836119113,0 -48.55253389008,-27.833977912404,0 -48.5525160765464,-27.8339665397594,0 -48.5525049758176,-27.8339604403049,0 -48.5524928392988,-27.8339548924585,0 -48.5524804898572,-27.8339506058151,0 -48.5524695533532,-27.8339488362027,0 -48.5524595184858,-27.8339498691804,0 -48.5524378281971,-27.8339562927897,0 -48.5524280269262,-27.8339600278394,0 -48.5524167676531,-27.833965239909,0 -48.5524054713292,-27.8339716331447,0 -48.5523959489675,-27.8339780385783,0 -48.5523605790225,-27.8340066989132,0 -48.5523435305383,-27.8340190302771,0 -48.5523081634176,-27.8340407759286,0 -48.5522984014562,-27.8340450221744,0 -48.5522887959197,-27.8340471851042,0 -48.5522825323249,-27.8340466824147,0 -48.5522787351719,-27.8340452867287,0 -48.5522750963114,-27.8340430765971,0 -48.5522696794573,-27.8340383297373,0 -48.5522523879505,-27.8340199866196,0 -48.5522459940358,-27.8340147207257,0 -48.5522414834286,-27.8340118260128,0 -48.5522343129536,-27.8340085063177,0 -48.5522133241384,-27.8340009587013,0 -48.552202666818,-27.8339953632806,0 -48.5521929171486,-27.8339876670338,0 -48.5521785274591,-27.8339736246767,0 -48.5521745765915,-27.8339706600406,0 -48.5521700737825,-27.8339684114469,0 -48.5521646147291,-27.8339669791105,0 -48.5521542104292,-27.8339663935815,0 -48.5521149425597,-27.8339692846903,0 -48.5520986645567,-27.8339694556935,0 -48.5520899018419,-27.833968432286,0 -48.552084073622,-27.833967080408,0 -48.552071878808,-27.8339624192359,0 -48.5520633992196,-27.8339572842916,0 -48.5520588853345,-27.83395318401,0 -48.552054544464,-27.8339461790483,0 -48.5520525719289,-27.8339384566821,0 -48.5520521284887,-27.8339303676912,0 -48.5520530835272,-27.8339192867249,0 -48.5520549280743,-27.8339106375084,0 -48.5520601372547,-27.8338929045532,0 -48.5520616237148,-27.8338848354889,0 -48.5520616721365,-27.8338799752286,0 -48.5520603272498,-27.833873158904,0 -48.5520573422165,-27.8338664957609,0 -48.5520528341617,-27.8338597081166,0 -48.5520469696771,-27.8338528259121,0 -48.5520373773297,-27.8338436422249,0 -48.5520291797069,-27.8338370688707,0 -48.5520204482834,-27.8338311210129,0 -48.5520045764388,-27.8338226954668,0 -48.5519816347374,-27.8338138916883,0 -48.5519694559273,-27.8338105051355,0 -48.5519616968085,-27.8338089851661,0 -48.5519476203331,-27.8338077573145,0 -48.5519327457332,-27.8338085253908,0 -48.5519202158374,-27.833810649068,0 -48.5518856736142,-27.8338184470927,0 -48.5518740035416,-27.8338199653733,0 -48.5518613284426,-27.8338203341084,0 -48.5518479147467,-27.8338190546765,0 -48.5518344982146,-27.8338159980512,0 -48.5518226617679,-27.8338117386277,0 -48.5518131960389,-27.8338066004872,0 -48.5518032760033,-27.8337984374934,0 -48.5517958481554,-27.8337899453446,0 -48.5517883746982,-27.833779153171,0 -48.5517703019699,-27.8337487895502,0 -48.551763668685,-27.833738819076,0 -48.5517551515301,-27.8337289308184,0 -48.5517362832722,-27.8337112067438,0 -48.5517249284169,-27.8336987992907,0 -48.5517161861261,-27.8336871849647,0 -48.5516986182581,-27.8336605481399,0 -48.5516878152683,-27.8336474284969,0 -48.5516777244399,-27.8336376582451,0 -48.551665230109,-27.8336273579586,0 -48.5516191498699,-27.8335939986892,0 -48.5516057505514,-27.8335832257977,0 -48.5515971691063,-27.8335748497418,0 -48.5515896361422,-27.8335660743047,0 -48.5515712201626,-27.8335393304449,0 -48.5515673389159,-27.8335353636344,0 -48.5515606784089,-27.8335308546119,0 -48.5515535701723,-27.8335284622827,0 -48.5515489039702,-27.8335282494991,0 -48.551542413181,-27.8335298376466,0 -48.5515369237721,-27.8335329304839,0 -48.5515340324229,-27.8335353931597,0 -48.5515308104813,-27.833539390855,0 -48.5515239585704,-27.8335541621005,0 -48.5515202628298,-27.8335597269682,0 -48.5515124202978,-27.8335669975817,0 -48.5515045600848,-27.8335718833059,0 -48.551495273874,-27.8335759104959,0 -48.551488048506,-27.8335781266296,0 -48.5514748588648,-27.8335809676979,0 -48.5514580458121,-27.833583449824,0 -48.5514384757379,-27.8335853097247,0 -48.5514181741131,-27.833585952786,0 -48.5513987941366,-27.8335849479569,0 -48.5513804243586,-27.8335825451795,0 -48.5513627607204,-27.8335791531917,0 -48.55134589172,-27.8335746380897,0 -48.5513305051554,-27.8335680274124,0 -48.551321431705,-27.8335619473293,0 -48.5513134467893,-27.8335544844589,0 -48.5513065480169,-27.8335459383453,0 -48.5513007344953,-27.8335366245298,0 -48.5512959903713,-27.8335268626935,0 -48.5512923306712,-27.833517087063,0 -48.5512889212066,-27.8335035897695,0 -48.5512880764503,-27.8334931261523,0 -48.5512883915111,-27.8334904899883,0 -48.5512900143204,-27.8334861990229,0 -48.5512930708525,-27.8334827810489,0 -48.5513006303351,-27.8334781835274,0 -48.5513114637729,-27.8334736716529,0 -48.5513242751638,-27.8334700462834,0 -48.5513332302942,-27.8334685685231,0 -48.5513421792496,-27.8334678897331,0 -48.5513717627071,-27.8334680194124,0 -48.5513869122333,-27.8334670343383,0 -48.5513942247181,-27.8334656557338,0 -48.5514014302919,-27.8334635207585,0 -48.5514148168825,-27.8334575920563,0 -48.5514231103059,-27.8334524772206,0 -48.551427554789,-27.8334488255949,0 -48.5514311982923,-27.8334445936225,0 -48.5514341180211,-27.8334394054374,0 -48.5514363895221,-27.8334329038681,0 -48.5514385781414,-27.8334212384709,0 -48.5514390892918,-27.8334094023187,0 -48.5514383914734,-27.8334026013293,0 -48.5514356289468,-27.8333946391437,0 -48.5514325754859,-27.8333905008819,0 -48.5514285005807,-27.8333870202119,0 -48.5514175251159,-27.8333813067431,0 -48.551394679441,-27.833373722748,0 -48.5513811459475,-27.8333675745216,0 -48.5513713880302,-27.8333571889573,0 -48.5513600938062,-27.8333474914965,0 -48.5513464476136,-27.8333354112199,0 -48.5513202653957,-27.8333185033949,0 -48.5512999701614,-27.8333065628283,0 -48.5512687518001,-27.8332829664444,0 -48.5512416461933,-27.8332571113495,0 -48.5512239102357,-27.8332315398653,0 -48.551210146031,-27.8332072840348,0 -48.5511988650669,-27.8331878684162,0 -48.5511868425399,-27.8331702195286,0 -48.5511726916203,-27.8331554863181,0 -48.5511597835407,-27.8331431740608,0 -48.5511461829473,-27.8331314376681,0 -48.5511298571051,-27.8331208093897,0 -48.5511094657097,-27.8331112494623,0 -48.5510889315489,-27.8331052600047,0 -48.5510716245146,-27.8331023506777,0 -48.551054818189,-27.8331036262713,0 -48.5510377237702,-27.8331120460669,0 -48.5510272252645,-27.8331230495792,0 -48.5510179248103,-27.8331376677413,0 -48.5510111566188,-27.8331559358029,0 -48.5510115364667,-27.8331797866394,0 -48.5510113641783,-27.8332006389709,0 -48.5510112924089,-27.8332191123671,0 -48.5510006976674,-27.83323249654,0 -48.5509898927921,-27.8332345516295,0 -48.5509741172418,-27.8332269212542,0 -48.5509638847867,-27.8332146906212,0 -48.5509531045217,-27.83319946211,0 -48.5509430688401,-27.8331824707762,0 -48.5509317878782,-27.8331630573408,0 -48.5509198144394,-27.8331442181176,0 -48.550908435416,-27.8331271847606,0 -48.5508942355378,-27.833113640188,0 -48.5508746844151,-27.8330999339788,0 -48.5508509205912,-27.8330908681586,0 -48.5508257749062,-27.8330829508145,0 -48.5508025626508,-27.8330768812787,0 -48.5507820284674,-27.8330708939789,0 -48.5507574306363,-27.8330659728494,0 -48.5507235545006,-27.8330583856654,0 -48.5506865002403,-27.8330465307693,0 -48.5506494993298,-27.8330334872773,0 -48.5506119444467,-27.833017445237,0 -48.5505757751821,-27.8330002536748,0 -48.5505409002838,-27.8329842922415,0 -48.5505107325059,-27.8329678796371,0 -48.5504646905817,-27.8329462161153,0 -48.5504087784774,-27.832920080134,0 -48.5503688343134,-27.8328968137982,0 -48.5503482330047,-27.8328759230338,0 -48.5503376452809,-27.8328559353587,0 -48.5503345409318,-27.8328331931901,0 -48.5503300484505,-27.8328116026893,0 -48.5503234797531,-27.8327917353908,0 -48.5503127467707,-27.8327753181408,0 -48.5502952745166,-27.8327598870478,0 -48.5502723958373,-27.8327454828485,0 -48.5502503573943,-27.832726934054,0 -48.5502396759535,-27.8327093265287,0 -48.550238460323,-27.8326896225703,0 -48.5502432436848,-27.8326706964525,0 -48.5502526894532,-27.83265250847,0 -48.5502633761092,-27.8326367441672,0 -48.550275262743,-27.8326245901478,0 -48.5502870488035,-27.8326148167125,0 -48.550300126695,-27.8326062750231,0 -48.5503091880882,-27.8325976113475,0 -48.5503202834835,-27.8325884138034,0 -48.5503294858449,-27.8325761779712,0 -48.5503381447085,-27.8325609459877,0 -48.550329803559,-27.832551753569,0 -48.5503117544941,-27.832550608667,0 -48.5502995615984,-27.832553813172,0 -48.5502858868378,-27.8325605489488,0 -48.5502734530158,-27.8325697062026,0 -48.5502609248129,-27.8325812441503,0 -48.5502470575484,-27.8325927423484,0 -48.5502324978501,-27.8326048125524,0 -48.5502186287342,-27.8326163101637,0 -48.5502040665155,-27.8326283819717,0 -48.5501896495549,-27.8326368839023,0 -48.5501767169754,-27.8326418529524,0 -48.5501646202802,-27.8326426778834,0 -48.5501493945978,-27.8326380420318,0 -48.5501350986027,-27.8326268797036,0 -48.5501243209502,-27.8326116528329,0 -48.5501188963411,-27.8325965893093,0 -48.5501181323292,-27.8325822616904,0 -48.5501220797202,-27.8325674840989,0 -48.5501307858017,-27.8325510617827,0 -48.5501407794133,-27.8325358694857,0 -48.5501527107491,-27.8325225256359,0 -48.550164642082,-27.8325091817848,0 -48.5501785093432,-27.8324976835948,0 -48.5501963458538,-27.8324874999407,0 -48.550214178039,-27.8324773156566,0 -48.5502272559183,-27.8324687739732,0 -48.5502342876626,-27.8324606431447,0 -48.5502381388081,-27.83244824566,0 -48.5502347463447,-27.8324326476898,0 -48.5502278399125,-27.8324211132401,0 -48.5502188032072,-27.8324124949705,0 -48.5502098652174,-27.8324014960821,0 -48.5502057771713,-27.8323864728164,0 -48.5502037256154,-27.8323709151778,0 -48.5502022703016,-27.8323571639919,0 -48.550194814206,-27.8323426327296,0 -48.5501826484789,-27.8323285558797,0 -48.5501669669042,-27.832318543616,0 -48.5501524809225,-27.832312143761,0 -48.5501364168764,-27.8323116541866,0 -48.5501215465496,-27.8323147775383,0 -48.5501064837314,-27.8323226627629,0 -48.5500885981806,-27.8323340372718,0 -48.5500672992033,-27.8323470958105,0 -48.5500392994426,-27.8323599521926,0 -48.5500107562267,-27.8323698107659,0 -48.5499856779577,-27.8323767950323,0 -48.5499667911441,-27.8323797958222,0 -48.549946518081,-27.8323839472055,0 -48.5499227763724,-27.8323909717177,0 -48.5498962181026,-27.8324014861677,0 -48.5498669308189,-27.8324131108392,0 -48.5498344629983,-27.8324204666382,0 -48.549800996434,-27.8324194482204,0 -48.5497737679251,-27.8324132554234,0 -48.5497480212614,-27.8324035330063,0 -48.5497309781053,-27.832396855291,0 -48.5497059736281,-27.8323853672555,0 -48.5496795835371,-27.8323750292697,0 -48.5496542928254,-27.8323706821518,0 -48.5496335172839,-27.8323706468794,0 -48.549616711032,-27.8323719239554,0 -48.5495963889567,-27.8323772633986,0 -48.5495725534332,-27.832386669655,0 -48.5495474769592,-27.8323936555242,0 -48.5495219428214,-27.832395260535,0 -48.5494600249145,-27.8324017203103,0 -48.5494107551913,-27.8324103514878,0 -48.5493810119664,-27.832416599636,0 -48.5493586135878,-27.8324236649829,0 -48.5493369033801,-27.8324301549431,0 -48.5493104860201,-27.8324370987754,0 -48.5492809396704,-27.8324385840062,0 -48.5492518225309,-27.8324293528851,0 -48.5492223500656,-27.8324123664099,0 -48.5491956476697,-27.8323930776078,0 -48.5491647896485,-27.8323772389681,0 -48.549132350977,-27.8323673132974,0 -48.5490965418047,-27.8323578784508,0 -48.5490531312805,-27.8323374876583,0 -48.5490170122287,-27.8323191037619,0 -48.5489968112256,-27.8323047827294,0 -48.5489860337677,-27.8322895557813,0 -48.5489787697391,-27.832270263684,0 -48.5489721497802,-27.8322515866068,0 -48.5489633057216,-27.8322382069426,0 -48.548954919409,-27.8322302031772,0 -48.5489424166156,-27.8322244590823,0 -48.5489272376373,-27.8322186327451,0 -48.5489112698621,-27.8322157634706,0 -48.548897284576,-27.8322135495157,0 -48.5488812186918,-27.8322130603137,0 -48.5488623809382,-27.8322148711894,0 -48.5488421078774,-27.8322190224097,0 -48.5488244638463,-27.8322244440145,0 -48.5488101431128,-27.8322305651384,0 -48.5487978049027,-27.8322373399322,0 -48.5487853747085,-27.832246497663,0 -48.5487695230621,-27.8322573375972,0 -48.5487522851291,-27.8322693292138,0 -48.5487338988809,-27.8322765169614,0 -48.5487156107575,-27.8322813240802,0 -48.54870286824,-27.8322815310779,0 -48.5486908678542,-27.8322799752224,0 -48.548680349404,-27.8322748870121,0 -48.5486686354153,-27.8322661863811,0 -48.548653890595,-27.8322496470654,0 -48.5486373018905,-27.8322288780274,0 -48.5486215534903,-27.8322039638586,0 -48.5486092228315,-27.8321773674219,0 -48.5486009558961,-27.8321497010204,0 -48.5485966563356,-27.8321233486166,0 -48.548592454943,-27.8320946139353,0 -48.5485902832297,-27.832065344784,0 -48.5485772576672,-27.8320393208509,0 -48.548560865836,-27.8320137927672,0 -48.5485447777292,-27.8319972113992,0 -48.5485324222062,-27.8319878952303,0 -48.5485151626861,-27.8319837936001,0 -48.5484988570372,-27.8319892582214,0 -48.548485875407,-27.8319954174261,0 -48.5484690692113,-27.8319966943651,0 -48.548459147629,-27.8319934126095,0 -48.5484494204414,-27.8319853701194,0 -48.5484384487094,-27.8319749033181,0 -48.5484269291545,-27.8319614424863,0 -48.5484173449108,-27.8319498256758,0 -48.5484110827177,-27.8319389083733,0 -48.5484027884103,-27.8319285238424,0 -48.5483930612326,-27.8319204813489,0 -48.5483839756662,-27.8319130527327,0 -48.5483734597308,-27.8319079650964,0 -48.5483582336216,-27.8319033290469,0 -48.5483469264256,-27.8319011973241,0 -48.5483288775221,-27.8319000516201,0 -48.5483162785258,-27.8318966881312,0 -48.5483064550928,-27.83189102574,0 -48.5482974658001,-27.8318812170107,0 -48.5482904633089,-27.8318720642378,0 -48.5482882194899,-27.8318612673541,0 -48.5482886511905,-27.8318505543638,0 -48.5482923596703,-27.8318417274099,0 -48.5482947247798,-27.8318328600617,0 -48.5482967837516,-27.8318150443013,0 -48.5482852642799,-27.8318015812575,0 -48.5482733602702,-27.8317976430595,0 -48.5482587291492,-27.8317948134371,0 -48.5482427142612,-27.8317931338853,0 -48.5482260043752,-27.8317920301382,0 -48.548212712291,-27.8317892408289,0 -48.5481994692389,-27.8317852628572,0 -48.5481877553414,-27.8317765621907,0 -48.5481781245103,-27.831766137374,0 -48.5481684936687,-27.8317557131073,0 -48.5481629240328,-27.8317442199452,0 -48.5481553719363,-27.8317320709012,0 -48.5481466261819,-27.8317163094667,0 -48.5481353930789,-27.8316957054947,0 -48.5481210310973,-27.8316696418028,0 -48.5481041811669,-27.8316387350109,0 -48.5480841067292,-27.8316047480657,0 -48.5480653234171,-27.8315719956255,0 -48.5480477338323,-27.8315428528216,0 -48.5480299497972,-27.8315184729505,0 -48.5480124117644,-27.8314881404251,0 -48.5479821072366,-27.8314419248794,0 -48.5479615298323,-27.8314037518484,0 -48.5479420044274,-27.831372763344,0 -48.5479190128279,-27.831344649063,0 -48.5478937946823,-27.8313218299272,0 -48.5478618845281,-27.8312988081367,0 -48.5478259089015,-27.8312768534971,0 -48.5477860149961,-27.8312523961693,0 -48.5477455224244,-27.831226132877,0 -48.5477051771166,-27.8311962975363,0 -48.5476681041702,-27.8311683514605,0 -48.5476383200762,-27.8311424139587,0 -48.5476228333833,-27.8311276390474,0 -48.5475910668771,-27.8311010450976,0 -48.5475483281615,-27.8310639864703,0 -48.5475074824389,-27.8310299644996,0 -48.547471147518,-27.8310002505004,0 -48.5474379973092,-27.8309748071346,0 -48.5474041024732,-27.8309511276633,0 -48.5473715000386,-27.8309286805174,0 -48.5473375113761,-27.8309073833837,0 -48.5473027762132,-27.8308878506608,0 -48.5472719679875,-27.8308708213273,0 -48.5472371390405,-27.8308536687394,0 -48.5471983427127,-27.8308352059625,0 -48.547156274092,-27.8308148533387,0 -48.5471110232409,-27.8307902323008,0 -48.5470704346848,-27.8307663505872,0 -48.5470318329425,-27.8307431237353,0 -48.5469966980182,-27.8307170237831,0 -48.5469824050857,-27.830705861206,0 -48.5469439916821,-27.8306778718417,0 -48.5469060806004,-27.8306540718331,0 -48.5468731403528,-27.8306399574103,0 -48.5468507201718,-27.8306309313493,0 -48.5468313822166,-27.8306285537319,0 -48.5468151730389,-27.8306316364058,0 -48.5468021442698,-27.8306389858017,0 -48.5467937243482,-27.8306482647773,0 -48.5467860037206,-27.8306569696815,0 -48.5467794748262,-27.8306692875015,0 -48.5467721584018,-27.8306845590897,0 -48.5467653896886,-27.8307028274635,0 -48.5467618951765,-27.8307229835134,0 -48.5467578492219,-27.8307401432614,0 -48.546752613996,-27.8307536906871,0 -48.5467415184726,-27.8307628901409,0 -48.546727197888,-27.8307690088526,0 -48.5467144555587,-27.8307692156775,0 -48.5467025517265,-27.8307652773542,0 -48.5466894990296,-27.8307565367924,0 -48.5466771438109,-27.8307472204749,0 -48.5466659324678,-27.8307427079572,0 -48.5466524503561,-27.8307446826151,0 -48.5466354498971,-27.8307507195184,0 -48.5466211292966,-27.8307568387692,0 -48.5466075527416,-27.8307611935604,0 -48.5465960531101,-27.8307638219129,0 -48.5465801328554,-27.8307597620412,0 -48.5465624197345,-27.8307502832479,0 -48.5465475300412,-27.8307373147034,0 -48.5465372492481,-27.8307262735451,0 -48.5465323300455,-27.8307153965715,0 -48.5465322123774,-27.8307016851248,0 -48.5465374501039,-27.830688137753,0 -48.5465466545001,-27.8306759044222,0 -48.5465564091404,-27.8306666651688,0 -48.5465601195663,-27.8306578382996,0 -48.546556438711,-27.830649383339,0 -48.5465447741434,-27.8306394927872,0 -48.5465276603627,-27.8306318183082,0 -48.5465057879348,-27.8306257884291,0 -48.5464810454282,-27.8306244408516,0 -48.5464583344756,-27.8306225572116,0 -48.5464348347363,-27.8306236278625,0 -48.5464113368051,-27.8306247007443,0 -48.5463865452641,-27.8306245412589,0 -48.5463578845622,-27.8306206892918,0 -48.5463333813667,-27.8306133872711,0 -48.5463065879229,-27.830596480349,0 -48.5462846444898,-27.830575548636,0 -48.5462695408749,-27.8305512503754,0 -48.5462630668777,-27.8305290022348,0 -48.5462646256564,-27.8305069999408,0 -48.546274215435,-27.8304852396063,0 -48.5462889697531,-27.8304684074496,0 -48.5463069007478,-27.8304558414083,0 -48.5463287045587,-27.8304469701101,0 -48.5463497661384,-27.8304398649494,0 -48.5463727654391,-27.8304346038767,0 -48.5463964087179,-27.8304299605834,0 -48.5464200047666,-27.8304265076299,0 -48.5464435026426,-27.8304254352943,0 -48.5464630350587,-27.8304230505852,0 -48.546473888793,-27.8304198055264,0 -48.5464824006871,-27.8304081463889,0 -48.5464827853695,-27.8303986215553,0 -48.5464757340008,-27.8303906606669,0 -48.5464621343186,-27.8303789216601,0 -48.5464420303593,-27.830362218538,0 -48.5464173175399,-27.8303435874725,0 -48.5463912166779,-27.8303261041775,0 -48.5463586121711,-27.8303036567715,0 -48.5463246711411,-27.8302811690675,0 -48.5462926653182,-27.8302605276061,0 -48.5462592248335,-27.8302422248167,0 -48.546225187526,-27.8302221177452,0 -48.5462011163269,-27.830204102183,0 -48.5461448989279,-27.8301690156277,0 -48.5460912110585,-27.8301375817371,0 -48.5460452719396,-27.8301135362866,0 -48.546008510116,-27.8300945371943,0 -48.5459696652311,-27.8300772627596,0 -48.5459294813609,-27.8300599474254,0 -48.5458866735412,-27.8300413606291,0 -48.5458439104941,-27.8300215834328,0 -48.5458004525021,-27.8300023803673,0 -48.5457563504658,-27.8299825633563,0 -48.5457141351994,-27.829965780709,0 -48.5456724737951,-27.8299519960492,0 -48.5456313575678,-27.8299412097735,0 -48.5456002590512,-27.829931321475,0 -48.5455843364976,-27.8299272609035,0 -48.5455519952887,-27.8299149527003,0 -48.5454903950273,-27.829896984193,0 -48.5454424415435,-27.8298895638643,0 -48.5454141833367,-27.8298922789168,0 -48.5453963984347,-27.8299012722388,0 -48.545381142968,-27.8299139193561,0 -48.545367874849,-27.8299272230288,0 -48.5453531179502,-27.8299440572416,0 -48.5453362866963,-27.8299626135108,0 -48.5453167754992,-27.8299810918077,0 -48.5452959769477,-27.8299983356373,0 -48.5452765130148,-27.8300156219331,0 -48.5452610673301,-27.830033029834,0 -48.5452482505244,-27.8300517103848,0 -48.5452365793765,-27.8300751947758,0 -48.5452202466271,-27.8300979392282,0 -48.5452001386556,-27.8301146093742,0 -48.5451823021243,-27.8301247929305,0 -48.5451626286183,-27.8301307496002,0 -48.5451363055159,-27.8301353108559,0 -48.5451154856919,-27.8301364653167,0 -48.5450983441279,-27.8301460741717,0 -48.5450949929098,-27.8301626597177,0 -48.5450933375638,-27.830187042637,0 -48.5450942656554,-27.8302138913393,0 -48.5450931107181,-27.8302424619413,0 -48.5450895220557,-27.8302649986275,0 -48.5450833498769,-27.830285072833,0 -48.5450732594906,-27.8303026448376,0 -48.5450605364854,-27.8303189446699,0 -48.545043103972,-27.8303356965401,0 -48.5450251262539,-27.8303494522122,0 -48.5450046141556,-27.8303595534388,0 -48.5449835033695,-27.8303678509009,0 -48.5449557473342,-27.8303747519152,0 -48.5449300724721,-27.8303799309937,0 -48.5449037026893,-27.8303856820033,0 -48.5448801557253,-27.8303879443854,0 -48.5448587366139,-27.8303872922793,0 -48.5448387976586,-27.8303831083802,0 -48.5448229266809,-27.8303778563524,0 -48.5448091835219,-27.830369691491,0 -48.5447949847846,-27.8303561463566,0 -48.5447782068274,-27.8303401410143,0 -48.5447607357767,-27.83032470929,0 -48.5447425231229,-27.8303110426047,0 -48.5447261492629,-27.8303016039402,0 -48.5447130028931,-27.8302952450011,0 -48.5447018880656,-27.8302883505791,0 -48.5446851101326,-27.8302723452269,0 -48.5446697651409,-27.8302539973265,0 -48.5446524868369,-27.830233803737,0 -48.5446305935348,-27.8302116814866,0 -48.5446026517074,-27.830189972007,0 -48.5445585779197,-27.8301528705773,0 -48.5445257128255,-27.8301202834258,0 -48.544504660014,-27.8300940155115,0 -48.5444895096335,-27.8300709068755,0 -48.5444789214315,-27.8300509171448,0 -48.5444695795764,-27.8300333495845,0 -48.5444601394855,-27.8300181637427,0 -48.5444493585562,-27.8300029364133,0 -48.5444372429935,-27.8299876671558,0 -48.544420514252,-27.8299704714671,0 -48.5444023955804,-27.8299544240478,0 -48.5443788295059,-27.8299405948498,0 -48.5443559074769,-27.8299273801373,0 -48.5443323843303,-27.8299123605129,0 -48.5443212695665,-27.829905466064,0 -48.5442930412783,-27.8298908985262,0 -48.5442708142387,-27.8298771096659,0 -48.54425860046,-27.829864222664,0 -48.5442492568099,-27.829846654508,0 -48.5442434266449,-27.8298250224297,0 -48.5442369083259,-27.8298039646071,0 -48.5442287557054,-27.829790009372,0 -48.5442185777835,-27.8297765880702,0 -48.5442011050441,-27.8297611562517,0 -48.5441823405692,-27.8297444931834,0 -48.5441670963805,-27.8297237668646,0 -48.5441560545029,-27.8296984001781,0 -48.5441515677007,-27.82967680853,0 -48.5441475278286,-27.8296605947975,0 -48.5441459303229,-27.8296504134963,0 -48.5441404127886,-27.8296377304885,0 -48.5441284192651,-27.8296027992243,0 -48.5441174738063,-27.8295750502338,0 -48.5441061969043,-27.8295556363764,0 -48.5440947229585,-27.8295409831916,0 -48.5440833006029,-27.8295251397414,0 -48.5440778769674,-27.8295100760371,0 -48.5440791004193,-27.8294964066468,0 -48.5440876125272,-27.8294847454656,0 -48.5440961264536,-27.8294730859683,0 -48.5441052843763,-27.8294620426118,0 -48.5441163756167,-27.8294528438477,0 -48.5441274711527,-27.8294436468112,0 -48.544143320928,-27.8294328073771,0 -48.544153723352,-27.8294241845056,0 -48.5441508340862,-27.8294127730576,0 -48.5441406027618,-27.8294005419839,0 -48.5441238723322,-27.8293833445822,0 -48.5441046093923,-27.8293624949573,0 -48.5440873803996,-27.829341112653,0 -48.5440740204866,-27.8293234212296,0 -48.544064435046,-27.8293118057755,0 -48.5440555961843,-27.8292984248212,0 -48.5440349732696,-27.8292614427502,0 -48.5440202533495,-27.8292276199855,0 -48.544007827774,-27.8292034033202,0 -48.5439937256348,-27.8291874780175,0 -48.5439713041742,-27.8291784509373,0 -48.543957678625,-27.8291839957828,0 -48.5439420172546,-27.8291900743699,0 -48.5439282953495,-27.829197999312,0 -48.5439158141922,-27.8292083463284,0 -48.5439053197412,-27.8292193499097,0 -48.5438867410114,-27.8292312988769,0 -48.5438760328043,-27.829230973327,0 -48.5438655640038,-27.8292246944721,0 -48.543854545694,-27.8292154198917,0 -48.5438422847929,-27.8292037226508,0 -48.5438293761841,-27.8291914092001,0 -48.5438251375079,-27.829186994158,0 -48.5438152292957,-27.8291766742665,0 -48.5438023716512,-27.8291631710888,0 -48.5437908486476,-27.8291497092926,0 -48.5437774906265,-27.8291320195291,0 -48.543766213864,-27.8291126039982,0 -48.5437524475288,-27.8290883458209,0 -48.5437409078985,-27.8290587925697,0 -48.5437307557636,-27.8290280893576,0 -48.5437279544931,-27.8290196213547,0 -48.543722393908,-27.8290028028461,0 -48.5437149861048,-27.8289870831575,0 -48.5436967049709,-27.8289585146057,0 -48.5436773248241,-27.8289239551522,0 -48.5436679813268,-27.8289063875164,0 -48.5436638986252,-27.8288913641931,0 -48.5436711189733,-27.8288784728858,0 -48.5436781017877,-27.8288715338136,0 -48.5436877109601,-27.8288658673759,0 -48.5437006477083,-27.8288608967977,0 -48.543716255556,-27.8288560101183,0 -48.543728448188,-27.8288528056295,0 -48.5437412885643,-27.8288502156971,0 -48.5437575447487,-27.8288459446825,0 -48.543776478299,-27.8288417543721,0 -48.5437967974893,-27.8288364135145,0 -48.5438117638512,-27.8288309090737,0 -48.543817696774,-27.8288167871345,0 -48.543811434619,-27.8288058685476,0 -48.5438011094711,-27.8287960192491,0 -48.543787366624,-27.8287878526503,0 -48.5437729288164,-27.828780260183,0 -48.5437571538389,-27.82877262904,0 -48.5437420701857,-27.8287644203937,0 -48.5437291634451,-27.8287521091721,0 -48.5437216611935,-27.8287387679654,0 -48.5437175275179,-27.8287249349187,0 -48.5437141851747,-27.8287081470896,0 -48.543708068518,-27.8286936575406,0 -48.5436939217186,-27.8286789220483,0 -48.5436782860649,-27.8286677192784,0 -48.5436630612584,-27.8286630827612,0 -48.5436484307112,-27.8286602526829,0 -48.5436302885103,-27.8286614887462,0 -48.543611592522,-27.8286597268027,0 -48.5435921604697,-27.8286597310915,0 -48.5435741576004,-27.8286573944277,0 -48.5435591721952,-27.8286468056971,0 -48.543546361899,-27.8286321121593,0 -48.5435335516061,-27.8286174186204,0 -48.543522033049,-27.8286039557828,0 -48.5435076934789,-27.8285939843252,0 -48.5434934460123,-27.8285816293871,0 -48.5434825442883,-27.8285673762479,0 -48.5434794447214,-27.8285633240186,0 -48.5434636936759,-27.828538409281,0 -48.5434467024748,-27.8285110746759,0 -48.5434283275986,-27.8284848862394,0 -48.5434103547917,-27.8284652683046,0 -48.543385831392,-27.8284418737243,0 -48.5433496482545,-27.8284085906281,0 -48.5433202718228,-27.8283892190144,0 -48.543296466816,-27.8283813418602,0 -48.5432711754608,-27.8283769958134,0 -48.5432470770044,-27.8283762599707,0 -48.5432222412047,-27.8283772919859,0 -48.5432007734001,-27.828377829956,0 -48.5431807901177,-27.8283748356783,0 -48.5431662559927,-27.8283696254536,0 -48.5431513645714,-27.8283566559904,0 -48.5431353294175,-27.8283388843572,0 -48.5431199848971,-27.8283205385158,0 -48.5431081588659,-27.8282981261145,0 -48.5430976711559,-27.8282757562681,0 -48.5430924361607,-27.8282559300595,0 -48.5430917712867,-27.8282392223895,0 -48.5430949324128,-27.8282273993465,0 -48.543099380902,-27.8282168080329,0 -48.543099357535,-27.8282007164641,0 -48.5430927431074,-27.8281820403531,0 -48.5430781408755,-27.8281619283869,0 -48.5430635386488,-27.8281418164194,0 -48.5430535494686,-27.828123632572,0 -48.5430469325758,-27.8281049564154,0 -48.5430305874335,-27.8280782357453,0 -48.5430096765609,-27.8280483949588,0 -48.5429912526565,-27.8280234006355,0 -48.5429766996207,-27.8280020967013,0 -48.5429626941653,-27.8279837906616,0 -48.5429554314419,-27.8279644988732,0 -48.5429589713065,-27.8279431525669,0 -48.5429696603622,-27.8279273866888,0 -48.5429802082091,-27.8279151934949,0 -48.5429872855477,-27.8279058726729,0 -48.542990636948,-27.8278892888408,0 -48.5429876471167,-27.8278802579481,0 -48.542981937004,-27.8278723373037,0 -48.5429741954778,-27.8278649482645,0 -48.5429604484768,-27.8278567815166,0 -48.5429439811962,-27.8278497250152,0 -48.5429247377539,-27.8278449667438,0 -48.5429007401409,-27.8278418502768,0 -48.5428760456616,-27.8278393101029,0 -48.5428492251923,-27.8278396844116,0 -48.5428223058356,-27.8278424404203,0 -48.542796034831,-27.8278458109961,0 -48.5427725356704,-27.8278468827106,0 -48.5427524560762,-27.8278462706774,0 -48.5427345516372,-27.8278415521973,0 -48.5427148078681,-27.827832607312,0 -48.5426970980434,-27.827823128665,0 -48.5426800788986,-27.8278130736095,0 -48.5426631069732,-27.8278018304135,0 -48.5426494134636,-27.8277924734063,0 -48.542636505153,-27.827780159861,0 -48.5426224077275,-27.8277642345169,0 -48.5426084042195,-27.8277459284795,0 -48.5425938493872,-27.8277246266802,0 -48.5425825704547,-27.8277052126791,0 -48.542570547453,-27.8276875625609,0 -48.5425605136035,-27.8276705690693,0 -48.5425497841395,-27.8276541513442,0 -48.5425412795793,-27.8276324368813,0 -48.5425349003851,-27.8276078084755,0 -48.5425332349653,-27.8275827259843,0 -48.5425329532623,-27.8275564956801,0 -48.5425338668638,-27.8275338772844,0 -48.5425346349611,-27.8275148292935,0 -48.5425518537359,-27.8274867480555,0 -48.5425672521683,-27.8274705307975,0 -48.5425857791242,-27.8274597717083,0 -48.5426049071355,-27.827450818631,0 -48.5426246790725,-27.8274424839001,0 -48.5426491107446,-27.8274348830939,0 -48.5426761730231,-27.8274285566632,0 -48.5427025403029,-27.827422806006,0 -48.5427288603653,-27.8274182434824,0 -48.5427550864792,-27.8274160632976,0 -48.5427832906046,-27.8274145389828,0 -48.5427909210648,-27.8274082161646,0 -48.5427914765168,-27.8274072628675,0 -48.5427974016176,-27.8273970910653,0 -48.5428035249183,-27.8273782056273,0 -48.5428039098521,-27.8273686824716,0 -48.5428004221819,-27.8273554650349,0 -48.5427964316935,-27.8273380609685,0 -48.5427892206696,-27.8273175772592,0 -48.5427774395383,-27.827293976655,0 -48.5427406369507,-27.827242793724,0 -48.5427214219132,-27.82722075305,0 -48.5427014646491,-27.8272004773925,0 -48.5426820944579,-27.8271819964836,0 -48.5426775893668,-27.8271776989234,0 -48.5426536183259,-27.8271573011101,0 -48.5426301942382,-27.8271399011785,0 -48.5426113383608,-27.8271256197615,0 -48.5425971403051,-27.8271120744397,0 -48.5425850252666,-27.8270968067022,0 -48.5425749398614,-27.8270810034772,0 -48.5425643049779,-27.8270622050743,0 -48.5425463817105,-27.8270413950892,0 -48.5425283129108,-27.8270241571587,0 -48.5425121816152,-27.8270087677685,0 -48.5425012128119,-27.8269983005896,0 -48.5424676378139,-27.8269501957168,0 -48.5424380275023,-27.8269034033011,0 -48.5424105027155,-27.8268548879622,0 -48.5423862967749,-27.8268070689027,0 -48.5423671568825,-27.8267665549067,0 -48.542349407534,-27.8267248926679,0 -48.5423395124922,-27.82670432864,0 -48.5423158396016,-27.8266434144066,0 -48.5422955346763,-27.8265820061483,0 -48.5422835684932,-27.8265297929081,0 -48.5422780582514,-27.8264837359344,0 -48.5422744793426,-27.8264395257437,0 -48.5422735820608,-27.8263953969121,0 -48.5422764124296,-27.8263585333395,0 -48.542279503048,-27.8263318085393,0 -48.5422828053984,-27.8263164133807,0 -48.542309323031,-27.826273716781,0 -48.5423409109811,-27.8262383253185,0 -48.5423674493636,-27.826211720777,0 -48.5423863635474,-27.8261914385906,0 -48.5424013087829,-27.8261698427599,0 -48.5424123335519,-27.8261457440687,0 -48.5424208756562,-27.8261168033847,0 -48.5424253972412,-27.826087738222,0 -48.5424279858402,-27.8260634969808,0 -48.5424286314538,-27.8260574429763,0 -48.5424265129812,-27.8260269841054,0 -48.5424205213445,-27.825992830935,0 -48.5424117312942,-27.8259652088882,0 -48.542409221796,-27.8259573248553,0 -48.5423939551795,-27.8259205051672,0 -48.5423778499284,-27.8258878322448,0 -48.5423607138798,-27.8258640673951,0 -48.5423453722883,-27.8258457215364,0 -48.5423204967537,-27.8258145682012,0 -48.5422900714193,-27.8257880135529,0 -48.5422571616097,-27.8257566163213,0 -48.5422336698144,-27.8257243151613,0 -48.5422246135184,-27.8256996043638,0 -48.5422246928734,-27.8256811306088,0 -48.5422235750544,-27.8256590465619,0 -48.5422147090996,-27.8256295733231,0 -48.5422006378527,-27.8255963660799,0 -48.5421829567656,-27.8255696055612,0 -48.5421651749832,-27.8255452245104,0 -48.5421247633717,-27.8255004881846,0 -48.5420997897212,-27.825471715432,0 -48.5420900403819,-27.8254475787866,0 -48.5420862447275,-27.8254254123436,0 -48.5420859674423,-27.8253991815651,0 -48.5420864728561,-27.825369994758,0 -48.5420824660911,-27.8253364992345,0 -48.5420722655685,-27.8253069862448,0 -48.5420557755284,-27.8252838358961,0 -48.5420468407896,-27.8252728365915,0 -48.5420322393505,-27.8252566714762,0 -48.5420148286309,-27.8252400713705,0 -48.5420085665295,-27.8252291664836,0 -48.5419962436814,-27.8252026005225,0 -48.5419727144486,-27.8251715289408,0 -48.5419583577099,-27.8251454972791,0 -48.5419584776093,-27.8251258583975,0 -48.5419616322241,-27.8251140495801,0 -48.541968060863,-27.8251041252355,0 -48.5419779524556,-27.8250913306075,0 -48.5419891805388,-27.8250785752066,0 -48.5420010052989,-27.8250676268447,0 -48.5420075750706,-27.8250541336674,0 -48.5420101801554,-27.8250393324222,0 -48.5420061893661,-27.8250219498102,0 -48.5419995275132,-27.8250044860233,0 -48.5419902823011,-27.8249845613599,0 -48.5419830709564,-27.8249641040453,0 -48.5419770997584,-27.824946064404,0 -48.5419756905281,-27.8249311404328,0 -48.541973635418,-27.8249156030316,0 -48.5419637014638,-27.8248962526022,0 -48.5419446397973,-27.8248706740673,0 -48.5419217049438,-27.8248414050733,0 -48.5418968412206,-27.8248102920863,0 -48.5418757457226,-27.8247852461934,0 -48.5418546073103,-27.8247613901649,0 -48.5418482557358,-27.8247528627387,0 -48.5418043030116,-27.8246467655436,0 -48.5417832137567,-27.8246217197497,0 -48.5417645071569,-27.8246038893783,0 -48.5417479307598,-27.824583148462,0 -48.5417414592084,-27.8245609271806,0 -48.541741754,-27.8245596382676,0 -48.5417463313314,-27.8245396459407,0 -48.5417585408474,-27.8245191832534,0 -48.5417727780105,-27.8244981883565,0 -48.5417783450668,-27.8244763329908,0 -48.5417795192466,-27.8244638682465,0 -48.5417707744987,-27.8244481263065,0 -48.54175221773,-27.8244267278101,0 -48.5417385753706,-27.8244161947791,0 -48.5417225696825,-27.8244145185409,0 -48.5416990426099,-27.8244167791394,0 -48.5416946269035,-27.8244172616424,0 -48.5416734791305,-27.8244195756396,0 -48.5416534616124,-27.8244177772539,0 -48.5416392225688,-27.8244054382735,0 -48.5416285937346,-27.8243866636002,0 -48.5416227189488,-27.8243662466038,0 -48.541618876186,-27.8243452958269,0 -48.5416164146415,-27.8243231966492,0 -48.5416180189708,-27.8243000310448,0 -48.5416228929469,-27.824278750393,0 -48.541627027195,-27.8242592336979,0 -48.5416244717733,-27.8242395130094,0 -48.5416198843211,-27.8242203266519,0 -48.5416184279061,-27.824206591368,0 -48.5416250665057,-27.8241947432984,0 -48.5416256440944,-27.824193714402,0 -48.5416407900622,-27.8241834596543,0 -48.5416590645256,-27.824178658686,0 -48.5416765029862,-27.8241779968151,0 -48.5416984561276,-27.8241816398584,0 -48.5417229435411,-27.824188931333,0 -48.5417422660284,-27.8241913060319,0 -48.5417517765388,-27.8241880230725,0 -48.5417588938839,-27.8241775244998,0 -48.5417622411834,-27.824160958794,0 -48.5417578936419,-27.8241358268594,0 -48.5417491743734,-27.8241028234152,0 -48.5417353461499,-27.8240637119123,0 -48.5417188897949,-27.8240233304636,0 -48.5417035324225,-27.8239889360694,0 -48.5416936905681,-27.8239672087554,0 -48.5416764448445,-27.823929778254,0 -48.541650576214,-27.8238903029942,0 -48.5416322569805,-27.8238629605154,0 -48.5416197397929,-27.8238411513895,0 -48.5416144145375,-27.8238237268204,0 -48.5416136020767,-27.8238106076867,0 -48.5416174025256,-27.8237994134073,0 -48.541621893591,-27.8237876443766,0 -48.5416219644375,-27.8237691941513,0 -48.5416147980082,-27.8237475469898,0 -48.5416043619372,-27.8237240154265,0 -48.5415905549215,-27.8237009778181,0 -48.5415829608485,-27.8236900315625,0 -48.5415474855328,-27.823656215482,0 -48.5415130196924,-27.8236307633654,0 -48.5414913532175,-27.8236199865715,0 -48.5414713333736,-27.8236181881247,0 -48.541464337839,-27.8236188592588,0 -48.5414478021382,-27.823620448614,0 -48.5414290764373,-27.823619880372,0 -48.5414173226218,-27.8236123806718,0 -48.5414090827277,-27.8236008198751,0 -48.5414050000729,-27.8235858146733,0 -48.5414071023162,-27.8235668317618,0 -48.541411880552,-27.823547929572,0 -48.5414178535247,-27.8235326337809,0 -48.5414224881773,-27.8235172981737,0 -48.5414304912574,-27.8235014702218,0 -48.5414371082112,-27.8234867889293,0 -48.5414409558877,-27.8234744065166,0 -48.541446282995,-27.8234584967412,0 -48.5414449701953,-27.8234411943224,0 -48.5414410802118,-27.8234214338825,0 -48.541434559643,-27.8234004028987,0 -48.5414285886147,-27.8233823626908,0 -48.5414260332369,-27.823362642,0 -48.5414289721644,-27.8233395166966,0 -48.5414366178295,-27.8233159388635,0 -48.5414456987304,-27.8232900246128,0 -48.5414461334104,-27.8232886577892,0 -48.5414541313314,-27.8232634946833,0 -48.5414578572045,-27.823237416733,0 -48.5414588175349,-27.8232136371792,0 -48.5414576949264,-27.8231915794767,0 -48.5414573145143,-27.8231677578616,0 -48.5414631680773,-27.8231387693262,0 -48.5414786713479,-27.8231029289809,0 -48.5414997197962,-27.8230624975958,0 -48.5415228002365,-27.8230215318753,0 -48.5415411242353,-27.8229822067779,0 -48.5415523775618,-27.8229521915452,0 -48.5415575616556,-27.8229398489073,0 -48.5415810957851,-27.8228709202204,0 -48.5415928264261,-27.8227956804907,0 -48.5415938364103,-27.8227373773489,0 -48.541584401172,-27.8226888757674,0 -48.5415721985973,-27.8226426709013,0 -48.541553903151,-27.8225980679848,0 -48.5415322350222,-27.8225539556868,0 -48.5415072991226,-27.8225079606692,0 -48.5414810268444,-27.8224619236649,0 -48.5414546582232,-27.8224182656529,0 -48.5414325152533,-27.8223860440408,0 -48.541426208595,-27.8223763278705,0 -48.5413965684576,-27.8223291409959,0 -48.5413720834759,-27.8222901590039,0 -48.5413131081574,-27.8222080097832,0 -48.541263974565,-27.8221475873259,0 -48.5412305784157,-27.822112048718,0 -48.541215890865,-27.8220943405679,0 -48.5411706490997,-27.8220536802113,0 -48.5410973880055,-27.8219937160753,0 -48.5410476317455,-27.821948751304,0 -48.5410195440584,-27.8219145650615,0 -48.5410061203453,-27.8218820130377,0 -48.5410041381901,-27.8218480248879,0 -48.54100691245,-27.8218123944738,0 -48.5410156813295,-27.8217775405423,0 -48.5410284637535,-27.8217428104462,0 -48.5410380195714,-27.8217050038686,0 -48.5410400043839,-27.8216723260517,0 -48.5410352530327,-27.8216406345742,0 -48.5410251504744,-27.8216087789029,0 -48.5409996514448,-27.8215532982835,0 -48.5409716049668,-27.821466512951,0 -48.5408856795063,-27.821190791723,0 -48.540849624389,-27.8210789358359,0 -48.5408286978556,-27.8210095365642,0 -48.5408150754685,-27.8209441240661,0 -48.540813269616,-27.8209354529209,0 -48.5408078196802,-27.8208941435309,0 -48.5408023654255,-27.820852833513,0 -48.5407907996821,-27.8207970306291,0 -48.5407694029418,-27.8207467876258,0 -48.5407479543615,-27.8206984601615,0 -48.5407263194657,-27.8206577930332,0 -48.5407164399218,-27.8206211903563,0 -48.5407069362957,-27.8205692604516,0 -48.5407020258198,-27.8205059213191,0 -48.5407112833078,-27.8204361507277,0 -48.5407231130071,-27.8203932592452,0 -48.5406909916338,-27.8202968123127,0 -48.5406734549891,-27.8202648494688,0 -48.5406834589983,-27.82020850744,0 -48.5407097429813,-27.820147690807,0 -48.5407508938657,-27.8200957868828,0 -48.5407886264556,-27.8200514807322,0 -48.5408131056159,-27.8199762556649,0 -48.5408251715298,-27.8199237882508,0 -48.540836932655,-27.8198837685757,0 -48.5408475904603,-27.819844689123,0 -48.5408575258299,-27.8197912205484,0 -48.5408500607629,-27.8197441219948,0 -48.5408255457936,-27.8196890267644,0 -48.5407746400885,-27.819611378929,0 -48.5406791023363,-27.8195079528037,0 -48.5405637313685,-27.8193341891189,0 -48.5405390555484,-27.8192857986089,0 -48.5405219856241,-27.8192346816158,0 -48.5405157399804,-27.8191818570373,0 -48.5405013678067,-27.8191087526217,0 -48.5404759393895,-27.8190469317784,0 -48.5404499740449,-27.8190071407166,0 -48.5403757442095,-27.8189137089888,0 -48.5403359845373,-27.8188650259285,0 -48.5403134381816,-27.8188176354266,0 -48.5402915432916,-27.8187875041723,0 -48.5402691078244,-27.8187761286716,0 -48.5402659955478,-27.8187745521425,0 -48.5402392051387,-27.8187682817334,0 -48.5402041037299,-27.8187493940419,0 -48.5401715093691,-27.8187161813926,0 -48.5401639008074,-27.8186748296517,0 -48.5401688932394,-27.8186471392513,0 -48.5401813749348,-27.818621507618,0 -48.5401890398508,-27.8185727859336,0 -48.5401781283936,-27.8185342461649,0 -48.5401154429744,-27.8182781386927,0 -48.5400890555448,-27.8182115078811,0 -48.5400822957328,-27.8181356770886,0 -48.5400911280393,-27.8180831449367,0 -48.540111838311,-27.8180298844435,0 -48.5401298266947,-27.8179995708143,0 -48.5401377528108,-27.8179844238731,0 -48.5401501801233,-27.8179606785462,0 -48.5401584235234,-27.8179320917105,0 -48.5401472566304,-27.8179040862958,0 -48.5401183341236,-27.8178738495852,0 -48.5401136346315,-27.8178689366567,0 -48.5400702183135,-27.8178374293903,0 -48.5400420018937,-27.8178014272175,0 -48.5399652421973,-27.8176650665453,0 -48.5399449276329,-27.8176289777663,0 -48.5398907330873,-27.8174219057567,0 -48.5398868968201,-27.8174026655575,0 -48.5399057044048,-27.8173829087691,0 -48.5399380679289,-27.8173816198678,0 -48.5399529369279,-27.817390532139,0 -48.5399788385879,-27.8173891192316,0 -48.5399944834846,-27.817366424197,0 -48.5399494379174,-27.8172697269281,0 -48.5399014472743,-27.8170733165322,0 -48.5398990642034,-27.817038772715,0 -48.5398926300128,-27.8169936106159,0 -48.5398691933256,-27.8169385361217,0 -48.5398443960423,-27.8168949345119,0 -48.5398364376811,-27.8168679500122,0 -48.5398392045799,-27.8168430891369,0 -48.5398583645742,-27.8168089634871,0 -48.539885181477,-27.8167701974775,0 -48.5399139659086,-27.8167391345992,0 -48.5399561930475,-27.8166872500341,0 -48.5399926343942,-27.8166515445729,0 -48.5400235757908,-27.81662052342,0 -48.5400435271557,-27.8165979128428,0 -48.5400517038142,-27.8165721989638,0 -48.5400560657367,-27.8165262892413,0 -48.5400656808611,-27.8163980717274,0 -48.540087445491,-27.8163017133773,0 -48.5401273636064,-27.816168333379,0 -48.5401663931315,-27.8160272733128,0 -48.5402550347469,-27.8157089420932,0 -48.5403457688002,-27.8153494484501,0 -48.5403766739545,-27.8151881046263,0 -48.5403821358118,-27.8151192190848,0 -48.5403875977084,-27.8150503313401,0 -48.5403710790364,-27.8149331066181,0 -48.5403345674936,-27.8147081704262,0 -48.5402772325746,-27.8145412823032,0 -48.5401879792446,-27.8144015650529,0 -48.5401378377322,-27.814336869591,0 -48.5400876938136,-27.8142721735194,0 -48.539968418048,-27.8141261231889,0 -48.53989433011,-27.8140710248283,0 -48.5398202404401,-27.8140159241972,0 -48.5395600843485,-27.8139016361989,0 -48.5394578704775,-27.8138507822295,0 -48.539382684804,-27.8137966189714,0 -48.5393437421504,-27.8137584924828,0 -48.5393144046226,-27.8137243850301,0 -48.5392861919081,-27.8136883822613,0 -48.5392566179689,-27.8136638529122,0 -48.5392107909646,-27.8136428391758,0 -48.5391763691575,-27.8136402544732,0 -48.5391372833744,-27.8136519534897,0 -48.539098991497,-27.8136751648936,0 -48.539037191581,-27.8136902554703,0 -48.5389735896752,-27.8136909381924,0 -48.5389084457947,-27.8136666749314,0 -48.5388650054546,-27.8136361268198,0 -48.5388030717636,-27.8136128839435,0 -48.5387578991281,-27.8136091332235,0 -48.5387066150341,-27.8135908878982,0 -48.5386447974411,-27.8135628580631,0 -48.5386122050201,-27.8135296446023,0 -48.5385402571834,-27.8133873873064,0 -48.5385106659104,-27.8133197353767,0 -48.538465804295,-27.8132594554887,0 -48.5384267720481,-27.8132251584429,0 -48.5383819991781,-27.8132051231304,0 -48.538323458688,-27.8131752401021,0 -48.5382853363922,-27.8131476685288,0 -48.5382269614602,-27.8131110813375,0 -48.5381973879362,-27.8130865512342,0 -48.5381401438637,-27.8130039895675,0 -48.5381075894703,-27.8128375823541,0 -48.5381093244262,-27.8128107849915,0 -48.5381131193611,-27.8127878606066,0 -48.5381392780664,-27.8127759120214,0 -48.5381715259255,-27.8127794142241,0 -48.5381855534643,-27.8127787276684,0 -48.5381900260506,-27.8127721069735,0 -48.538178718053,-27.812749848309,0 -48.5381319564661,-27.8127230665217,0 -48.5380756652525,-27.8126893944457,0 -48.5380195161638,-27.8126499738359,0 -48.5379924733887,-27.8126101609716,0 -48.5379815891306,-27.812570661666,0 -48.5379858787759,-27.8125276237767,0 -48.5379939845003,-27.8125047834482,0 -48.5380172381274,-27.812479363953,0 -48.5380700243612,-27.8124803886657,0 -48.5380992961149,-27.812473291731,0 -48.5381179357471,-27.8124602381312,0 -48.5381434426506,-27.8124310280759,0 -48.5381344528124,-27.8124021064324,0 -48.5380510245645,-27.8123324511089,0 -48.5380221349519,-27.8122801449822,0 -48.5380194924117,-27.8122561387278,0 -48.5380168473959,-27.8122321324292,0 -48.5380278128266,-27.8121805999829,0 -48.5380299004229,-27.8121394354207,0 -48.5380000756475,-27.8120813632148,0 -48.537947154224,-27.8120420056683,0 -48.5378821770918,-27.81201103732,0 -48.5377946232923,-27.8119777150455,0 -48.537746739777,-27.811952829596,0 -48.537647852931,-27.8118982063237,0 -48.5375501873434,-27.8118378570299,0 -48.5372912968846,-27.8115846456081,0 -48.5371385501487,-27.8113536180293,0 -48.5370490089756,-27.8111381924101,0 -48.5369200395407,-27.810860671867,0 -48.5368608152915,-27.8106832066611,0 -48.5368658791097,-27.8106526413012,0 -48.5368742666169,-27.8106183072788,0 -48.5368580184762,-27.8105777451419,0 -48.5368383280058,-27.8105457418106,0 -48.5368039823095,-27.810496203437,0 -48.5367760312652,-27.8104496670857,0 -48.5367587770355,-27.8104062100854,0 -48.5367434424484,-27.8103723735183,0 -48.5367129348735,-27.8103420754239,0 -48.5366835496256,-27.8103098825402,0 -48.5366648913484,-27.8102798162757,0 -48.5366527668146,-27.8102470001761,0 -48.5366558158867,-27.8102106456199,0 -48.5366609248287,-27.8101781646082,0 -48.5366616538514,-27.8101484746211,0 -48.5366590351422,-27.8101235088918,0 -48.5366414732655,-27.8100925050609,0 -48.5366134748556,-27.8100478820988,0 -48.5365851669436,-27.8100157089753,0 -48.5365697854615,-27.8099837896722,0 -48.5365407574898,-27.8099372296557,0 -48.5365082353131,-27.8099011428705,0 -48.5364734191168,-27.8098707606745,0 -48.5363897812537,-27.8098097248118,0 -48.5363332861361,-27.809740592225,0 -48.5363001836648,-27.8096843721628,0 -48.5362912414426,-27.8096535353591,0 -48.536299558582,-27.8096220748131,0 -48.5363283654023,-27.8095900547853,0 -48.5363471721667,-27.8095702967652,0 -48.536370567632,-27.8095391290141,0 -48.5363761023159,-27.8094894090837,0 -48.5363756831712,-27.809462569999,0 -48.5363808866457,-27.8094262594075,0 -48.5364001153932,-27.8093892607292,0 -48.5364204917178,-27.809349411687,0 -48.5364323239939,-27.8093065205855,0 -48.5364335238731,-27.8092576749079,0 -48.5364277988139,-27.8091837783813,0 -48.5364262144561,-27.809116671091,0 -48.5364154020792,-27.809074298274,0 -48.5363978898426,-27.8090413793914,0 -48.536369795375,-27.8090005876061,0 -48.5363405051409,-27.8089645617801,0 -48.5362753386914,-27.8089412569001,0 -48.5362348767424,-27.8089213050821,0 -48.5362082154938,-27.808901337995,0 -48.5361968,-27.8088928,0 -48.5361951,-27.8088745,0 -48.5362041850783,-27.8088558381389,0 -48.5362075627707,-27.8088489077375,0 -48.5362412116321,-27.808839020092,0 -48.5362856126419,-27.808830300752,0 -48.536339632989,-27.8088246437507,0 -48.5363678291427,-27.808817524639,0 -48.5363791645758,-27.8087947475486,0 -48.5363539958863,-27.8087664705073,0 -48.5362316227857,-27.8087468432281,0 -48.5361954677363,-27.8087355114102,0 -48.5361631798129,-27.8087253907771,0 -48.5361189041268,-27.8086852430243,0 -48.5359780807085,-27.8084956504657,0 -48.5359382960212,-27.8083166446695,0 -48.5358835606834,-27.8082197584706,0 -48.5358713420029,-27.8081907741146,0 -48.5358720928589,-27.8081601240888,0 -48.5358802010807,-27.8081372844737,0 -48.5359009729216,-27.8081252307436,0 -48.5359465195477,-27.8081134892876,0 -48.5359562833399,-27.8081109733664,0 -48.5360475165587,-27.8080820849451,0 -48.5360617,-27.8080757,0 -48.5360607,-27.8080737,0 -48.536002580609,-27.8080687536801,0 -48.5359103714208,-27.8080497135909,0 -48.535905840536,-27.808049949919,0 -48.5358035439631,-27.8080553028396,0 -48.5357516758514,-27.8080610030255,0 -48.535694895225,-27.8080474420385,0 -48.5356580200078,-27.8080131866769,0 -48.5356148219754,-27.8079730596717,0 -48.5355833778422,-27.8079369935995,0 -48.5355547012042,-27.8078760667508,0 -48.5354860769951,-27.8076428403708,0 -48.5354371053147,-27.80753073292,0 -48.5354346759971,-27.8074981063526,0 -48.5354505760502,-27.8074648774405,0 -48.535478307779,-27.8074328367208,0 -48.5355070907221,-27.8074017740959,0 -48.5355139692952,-27.8073930167333,0 -48.5355271122172,-27.8073762901185,0 -48.535524237916,-27.8073618603648,0 -48.5355063238452,-27.8073452236087,0 -48.5355028187747,-27.8073460289473,0 -48.5354640561273,-27.8073549428983,0 -48.5354228204795,-27.8073665981668,0 -48.5353572571917,-27.8073595735584,0 -48.5353062825344,-27.8073288778277,0 -48.5352747676067,-27.8072956845771,0 -48.5352508664765,-27.8072597657869,0 -48.5352442447134,-27.8072222660418,0 -48.5352485134191,-27.8071801861092,0 -48.5352705565117,-27.8071164133893,0 -48.5352922701795,-27.8070660478284,0 -48.5353082672463,-27.807028987734,0 -48.5353256035403,-27.8069814131984,0 -48.5353503811258,-27.8069378171136,0 -48.5353842896427,-27.8069173942849,0 -48.535423446192,-27.8069028233485,0 -48.5354530910843,-27.8068804018576,0 -48.5354799110757,-27.8068416372255,0 -48.5354856783436,-27.8067823375062,0 -48.5355285824008,-27.806746757841,0 -48.5356264039439,-27.8067003568953,0 -48.5357401117942,-27.8066464216156,0 -48.5358763550556,-27.8065839114085,0 -48.5358886964633,-27.8065640270005,0 -48.5358710920922,-27.8065349371493,0 -48.5358363481136,-27.8065016830827,0 -48.5358175250796,-27.8064783192135,0 -48.5358116966694,-27.8064523340875,0 -48.5358296364845,-27.806423934891,0 -48.5358551640478,-27.806393767338,0 -48.5360329377583,-27.8062199489714,0 -48.5361988790319,-27.8060890198018,0 -48.5363225527706,-27.8059678110996,0 -48.5363712893486,-27.805914138175,0 -48.5364096285521,-27.8058449336367,0 -48.5363995994205,-27.8057268749661,0 -48.5363983396308,-27.8056904385411,0 -48.5364034267204,-27.8056589148074,0 -48.5364202890761,-27.8056304946373,0 -48.5364456723413,-27.8056060732261,0 -48.5364505011619,-27.8055850859909,0 -48.5364465903253,-27.8055687212867,0 -48.5364426838731,-27.8055523544578,0 -48.5364335787707,-27.8055282218337,0 -48.5364342842821,-27.8054994879939,0 -48.5364424113006,-27.8054756898759,0 -48.5364613593316,-27.8054501865735,0 -48.5364878666442,-27.8054238709483,0 -48.5365197146483,-27.8053995758999,0 -48.5365587525167,-27.8053897936517,0 -48.536597529694,-27.80539054675,0 -48.5366238263097,-27.8053728514316,0 -48.5366936369107,-27.8052946750627,0 -48.5367628027903,-27.8051551569412,0 -48.5368029430963,-27.8051003595463,0 -48.5368305317326,-27.8050740647925,0 -48.5368600597106,-27.8050564320359,0 -48.5368768038675,-27.8050328008538,0 -48.5368796870372,-27.8050031509304,0 -48.5368159137582,-27.8049233377182,0 -48.5367660231872,-27.8048485831823,0 -48.536737488578,-27.8047819113537,0 -48.5367257882365,-27.8047318551941,0 -48.5367226087527,-27.8046857983252,0 -48.5367492533692,-27.8045880967325,0 -48.5367759022647,-27.8044903952077,0 -48.536784534488,-27.8043583268502,0 -48.536770424186,-27.8042746862341,0 -48.5367674120683,-27.8042219252697,0 -48.536772473001,-27.804191359275,0 -48.5367862221283,-27.8041580884714,0 -48.5367985414021,-27.8041391639966,0 -48.5368073025573,-27.8040895054189,0 -48.5368071692236,-27.8040511720671,0 -48.5368037055669,-27.8040166089217,0 -48.5368118132318,-27.8039937686565,0 -48.5368255147559,-27.8039624134633,0 -48.5368370861032,-27.8039300570716,0 -48.5368336008361,-27.8038964512228,0 -48.5368025359684,-27.8038450610366,0 -48.5367732232837,-27.8038099964753,0 -48.5367471655405,-27.8037740361586,0 -48.5367227717969,-27.8037141497029,0 -48.5367132023179,-27.8036650947519,0 -48.5366972151146,-27.8036139967064,0 -48.5366817892617,-27.8035839931064,0 -48.5366500407983,-27.8035603772483,0 -48.5366020425261,-27.8035402801267,0 -48.5365529417861,-27.8035211204482,0 -48.5365319431625,-27.8034986722417,0 -48.5364922893283,-27.8034020791155,0 -48.5364512101943,-27.8032757525705,0 -48.5364330282721,-27.8031824497817,0 -48.5364227796212,-27.8031170916341,0 -48.5364151280266,-27.8030776548739,0 -48.5363978767163,-27.8030341984543,0 -48.5363636710185,-27.8029789153497,0 -48.53633747589,-27.8029486997107,0 -48.5363199886171,-27.8029148225031,0 -48.5363186812911,-27.8028802994827,0 -48.5363433672454,-27.8028405344331,0 -48.5363711165932,-27.8028075349799,0 -48.5363723872328,-27.8027558158271,0 -48.5363444661605,-27.8026642391763,0 -48.5362395494004,-27.8024168923635,0 -48.5361415537026,-27.8022386738914,0 -48.5360998603757,-27.8021813279729,0 -48.5360633396318,-27.8021327050641,0 -48.5360318257701,-27.8020995147981,0 -48.5360201905337,-27.8020906632179,0 -48.5359876876341,-27.8020976983195,0 -48.5359573198826,-27.8021057314061,0 -48.5359062998116,-27.8020769510895,0 -48.535879049468,-27.8020457583094,0 -48.5358461793495,-27.8020240387366,0 -48.5357989754674,-27.8020154543427,0 -48.5357613711744,-27.8020108907314,0 -48.5357177532927,-27.8019880045355,0 -48.5356816969575,-27.8019643060803,0 -48.5356334870124,-27.8019528289751,0 -48.535581716403,-27.8019546963931,0 -48.5355395929406,-27.8019586689883,0 -48.5354946100403,-27.8019472554985,0 -48.5354168560988,-27.8019102884088,0 -48.5352760992646,-27.8018059804408,0 -48.5352233578431,-27.8017158395125,0 -48.5351735623951,-27.8016372532583,0 -48.5351509026598,-27.801594650673,0 -48.5351258779584,-27.8015606266504,0 -48.5350931954102,-27.8015312438478,0 -48.5350347799713,-27.8014965713343,0 -48.5349440991951,-27.8014593533724,0 -48.5348438926381,-27.8013711635217,0 -48.5347671053378,-27.8012949285734,0 -48.5346252487114,-27.8011915563902,0 -48.5345026522508,-27.8011314502248,0 -48.5343695660376,-27.8010885970002,0 -48.534308377568,-27.8010668510134,0 -48.5342570097389,-27.8010396896052,0 -48.5342132196575,-27.8010098995136,0 -48.5341802833707,-27.8009756740081,0 -48.5341570588338,-27.8009388794251,0 -48.5341424808584,-27.8008994873823,0 -48.5340203590432,-27.8007334010943,0 -48.5339734102154,-27.8005866171386,0 -48.5339582213043,-27.8005348507687,0 -48.5339382008967,-27.8004981513848,0 -48.5339009920098,-27.8004638010429,0 -48.5338718673489,-27.8004420410997,0 -48.5338177905983,-27.8004014957587,0 -48.5337878094593,-27.800374006903,0 -48.5337657228875,-27.800335345314,0 -48.5337472605308,-27.8002853862512,0 -48.5337574852674,-27.8002400649828,0 -48.5337877534289,-27.8001440059404,0 -48.5338085124579,-27.8001027944301,0 -48.5338387062358,-27.8000666108921,0 -48.5338655219306,-27.800035078866,0 -48.5338946825349,-27.7999979147717,0 -48.5339142010668,-27.7999614177253,0 -48.5339214646941,-27.7999093579499,0 -48.5339371318265,-27.7998613439835,0 -48.5339519240748,-27.7998370647817,0 -48.533978670123,-27.7998074330801,0 -48.5340053448081,-27.7997796989399,0 -48.5340214826496,-27.799747857206,0 -48.5340522791496,-27.7995795832309,0 -48.5340834911713,-27.7994578906133,0 -48.5341183596143,-27.7993819258172,0 -48.5341573379514,-27.7993393451049,0 -48.5341861482204,-27.7993116743943,0 -48.5342183365843,-27.7992793482918,0 -48.5342558978448,-27.7992462303936,0 -48.5342894004105,-27.7992072911564,0 -48.5343099474129,-27.7991717761445,0 -48.5343288188323,-27.7991238556871,0 -48.53435230683,-27.7990665669636,0 -48.5343917270027,-27.7989831315017,0 -48.5345060600926,-27.7987811797884,0 -48.5345840390652,-27.7986665555872,0 -48.5346432156063,-27.7985979525873,0 -48.5346914183753,-27.7985660962428,0 -48.5347300818706,-27.7985320600188,0 -48.5347599938105,-27.7985034698814,0 -48.5347846373565,-27.7984728262495,0 -48.5348064982935,-27.7984306958154,0 -48.5348293989544,-27.7983315707379,0 -48.5348709714013,-27.7981607601115,0 -48.5348749495126,-27.7980819916992,0 -48.5348461840193,-27.7979347891813,0 -48.5348173589115,-27.7978759726668,0 -48.5347934183671,-27.7978296535763,0 -48.5347693037981,-27.7977880806858,0 -48.5347524874779,-27.7977514744229,0 -48.5347414979778,-27.7977017320602,0 -48.5347496756384,-27.7976249875905,0 -48.5347664802896,-27.7975751065164,0 -48.5347753900292,-27.7975364004395,0 -48.5347789244461,-27.7974984866812,0 -48.5347615507229,-27.7974190952805,0 -48.5347457142737,-27.7973559056366,0 -48.5347434266726,-27.797273152218,0 -48.5347614540045,-27.797190042287,0 -48.5347825825035,-27.7971098745351,0 -48.5347843028589,-27.7970633549536,0 -48.5347507467671,-27.7969959488197,0 -48.5347315359295,-27.7969370643934,0 -48.5347293201331,-27.7968793546261,0 -48.5347256476235,-27.7967819078021,0 -48.5347159235621,-27.7967278787357,0 -48.5346946523468,-27.7966651857151,0 -48.5346568484224,-27.7965739053977,0 -48.5344281566934,-27.7961368245601,0 -48.5342631489834,-27.7958329763651,0 -48.534067435962,-27.7955253508442,0 -48.5337607603652,-27.7950433180642,0 -48.5335699224287,-27.7947580386486,0 -48.5334183076406,-27.7944799001913,0 -48.5332051707805,-27.7941300215266,0 -48.5330390823048,-27.7938904579061,0 -48.5328810290604,-27.7936160170273,0 -48.5326951805194,-27.7932873032367,0 -48.5326270210131,-27.7931677227164,0 -48.5325588635924,-27.79304813835,0 -48.5324357441801,-27.7928460289909,0 -48.5322982827249,-27.7926115762214,0 -48.532139497434,-27.792380620338,0 -48.5320209811104,-27.7921577684443,0 -48.5319303814006,-27.7920449777231,0 -48.5318927808326,-27.7920047604322,0 -48.5318317319395,-27.791968012582,0 -48.5317844690292,-27.7919333400172,0 -48.5317233223633,-27.7919022643214,0 -48.5316862277922,-27.7918951480804,0 -48.5316512262184,-27.7918899532142,0 -48.5316175099674,-27.7918715356808,0 -48.5315861607866,-27.7918389681506,0 -48.5315034507744,-27.7916998049123,0 -48.5314545977552,-27.791670205029,0 -48.5314539813839,-27.791669831094,0 -48.5314085268497,-27.7916540932444,0 -48.531364183239,-27.7916355346874,0 -48.5313244091275,-27.7915981261118,0 -48.5312952491925,-27.7915618038308,0 -48.5312778338526,-27.7915228013903,0 -48.5312616363422,-27.7914743584524,0 -48.5312305116465,-27.7914285547382,0 -48.5312002761409,-27.7913931642843,0 -48.5311722922707,-27.791350239089,0 -48.5311653476966,-27.7913208321304,0 -48.5311777126591,-27.7912812827017,0 -48.5311868364963,-27.7912445263431,0 -48.5311789073846,-27.7912103772584,0 -48.5311446438757,-27.7911616950341,0 -48.5310826743464,-27.7911164241851,0 -48.531027953912,-27.7910825972149,0 -48.5309723493214,-27.7910383570473,0 -48.5309466482453,-27.7909860054045,0 -48.5309377541569,-27.7909461711683,0 -48.5309416941313,-27.7909017812958,0 -48.5309921913727,-27.7908078957188,0 -48.5310023344832,-27.7907739887855,0 -48.5309707694906,-27.7906913006339,0 -48.5309166261068,-27.7906234397215,0 -48.5308479975286,-27.7905317445325,0 -48.53044598005,-27.7900970720734,0 -48.5300661579698,-27.7896590039174,0 -48.5298395505164,-27.7893857823741,0 -48.5294720001883,-27.7889503449239,0 -48.5292947058127,-27.7887669661092,0 -48.5292172541219,-27.7887111985888,0 -48.5290450887772,-27.7886047493069,0 -48.5288308879638,-27.788460825363,0 -48.5286704703288,-27.7882813494364,0 -48.5285100488673,-27.7881018738261,0 -48.5283052009625,-27.7878426749673,0 -48.5280103939598,-27.7875699103526,0 -48.5277911946236,-27.7873945409272,0 -48.527698912852,-27.7873017083241,0 -48.5273872171648,-27.7869881493965,0 -48.5271975989524,-27.7868185514542,0 -48.5269283441856,-27.7865703654435,0 -48.5265704834076,-27.7863503551005,0 -48.5263975914021,-27.7862362960585,0 -48.5261960825233,-27.7860947070877,0 -48.5259903256948,-27.7859046428423,0 -48.5259787797404,-27.7858934626235,0 -48.5256766506139,-27.7856008943514,0 -48.5253063547848,-27.7852042011584,0 -48.525139494976,-27.7850742430017,0 -48.5249307710497,-27.7849513511755,0 -48.5247340430126,-27.7848705690804,0 -48.5245349145372,-27.7847716997789,0 -48.5243625470268,-27.7846699770071,0 -48.5237235629953,-27.7842781053419,0 -48.5233569776545,-27.7840388312145,0 -48.523059849754,-27.7838190384719,0 -48.5228750962974,-27.7837083521236,0 -48.5227490564115,-27.7836433038383,0 -48.5226072890463,-27.7835966560667,0 -48.5224515759487,-27.7835204736253,0 -48.5222068291165,-27.7834007305279,0 -48.5218300773268,-27.7832065250799,0 -48.5215808017773,-27.7830708178541,0 -48.5211780753249,-27.7828548791075,0 -48.5204833177651,-27.7824799371689,0 -48.5204798260744,-27.7824781386612,0 -48.5200259423917,-27.7822440957912,0 -48.5193195705185,-27.781990272428,0 -48.5186400582398,-27.7817819802584,0 -48.5176276673645,-27.7815205607082,0 -48.5171533924466,-27.7814293863522,0 -48.5162600713433,-27.7813030315172,0 -48.5153920939458,-27.781207914039,0 -48.51479939347,-27.7811817769737,0 -48.5142066928554,-27.7811556379206,0 -48.5136514197417,-27.7811404467554,0 -48.5129645621205,-27.7811839534331,0 -48.5121006785742,-27.7812834143849,0 -48.5115359323982,-27.7813546351158,0 -48.5107847014601,-27.7815230492142,0 -48.5100648942162,-27.7817052314557,0 -48.5094420038382,-27.7819061851652,0 -48.5085422169327,-27.7822675678688,0 -48.5081514884013,-27.7824551449766,0 -48.5080272250845,-27.7825147988128,0 -48.5077903902005,-27.7826548748414,0 -48.5076386,-27.7827447,0 -48.507602260529,-27.7827687011513,0 -48.5073227074871,-27.782953725369,0 -48.5073102684969,-27.7829617856543,0 -48.5073094050371,-27.7829625316933,0 -48.5072611274484,-27.7829944850521,0 -48.5070116783047,-27.7832129773138,0 -48.5069487062505,-27.7832681368304,0 -48.5068150262005,-27.7834143315419,0 -48.5067461237325,-27.7835071571625,0 -48.5067209595027,-27.7835415089741,0 -48.5067096166365,-27.7835732983959,0 -48.5067046859229,-27.7836023856227,0 -48.5067072,-27.7836316,0 -48.5067243354293,-27.7836658249978,0 -48.5067455361331,-27.783708585946,0 -48.5068192971452,-27.7838107026774,0 -48.5069092373026,-27.7839441881342,0 -48.5070285553337,-27.7841328247266,0 -48.5070860194404,-27.7842967582008,0 -48.5071190838434,-27.7843745712508,0 -48.5071354014441,-27.7844445373977,0 -48.5071568710119,-27.7845202483956,0 -48.5071896894342,-27.7846084118588,0 -48.5072150804737,-27.7846531334346,0 -48.5072458916259,-27.7846923103303,0 -48.5072874228672,-27.7847260420531,0 -48.5073166818926,-27.7847416560821,0 -48.507355373031,-27.7847612154034,0 -48.5073781535816,-27.7847823549995,0 -48.5073849737462,-27.7848069584845,0 -48.5073759470805,-27.7848303199505,0 -48.5073587485319,-27.7848412896023,0 -48.5072925976373,-27.784863569415,0 -48.5072653391429,-27.7848969412632,0 -48.5072593071615,-27.7849278903849,0 -48.5072677242933,-27.7849741735814,0 -48.5073187240832,-27.7852754154575,0 -48.5073721126251,-27.7854326828176,0 -48.5074173116181,-27.7855784991822,0 -48.5074864336292,-27.7858301936683,0 -48.5075448206271,-27.7859997938604,0 -48.5075789637813,-27.7860766862428,0 -48.507579369724,-27.7861924727915,0 -48.5075666296213,-27.7862383559772,0 -48.5075482379413,-27.786299192832,0 -48.5075415763542,-27.7863564861359,0 -48.5075450161556,-27.786699185613,0 -48.5075415689808,-27.7871085885707,0 -48.5075729901431,-27.7873435677981,0 -48.5076755588376,-27.7876128395937,0 -48.5078103018647,-27.7878648359583,0 -48.507833170696,-27.787970695019,0 -48.5078318176355,-27.788027149031,0 -48.5078318843809,-27.7881128087541,0 -48.5078378708433,-27.7882164648835,0 -48.5078480462333,-27.7882778426025,0 -48.507863483084,-27.788649950744,0 -48.5078561672281,-27.7887787696337,0 -48.5078377732668,-27.7888396081073,0 -48.5078110783438,-27.7888936971537,0 -48.5077996430015,-27.7889292517719,0 -48.507809301249,-27.7889680270272,0 -48.50785026469,-27.7890252804812,0 -48.5079111308,-27.7890913821665,0 -48.5079418789184,-27.789133382374,0 -48.507955519891,-27.7891825893121,0 -48.5079640749896,-27.7892232264036,0 -48.5079716587531,-27.7892600808118,0 -48.5079990531483,-27.7893095463941,0 -48.5080411464178,-27.7893639983867,0 -48.5081795890291,-27.7895359213154,0 -48.5082066380007,-27.7895695104762,0 -48.5083045085002,-27.7897257380715,0 -48.5083249690408,-27.789755304404,0 -48.5083180362307,-27.7897796470417,0 -48.5082923087878,-27.7897932802795,0 -48.5082552128893,-27.7897954024574,0 -48.5082113160334,-27.7897719798171,0 -48.5081551120193,-27.7897323228572,0 -48.5081262773957,-27.7896988319813,0 -48.5081014237568,-27.7896584234156,0 -48.5080794127953,-27.7896226391772,0 -48.5080374991494,-27.7895606623268,0 -48.5080084381905,-27.7895365794062,0 -48.5079834084432,-27.7895210456414,0 -48.5079578823178,-27.7895262093384,0 -48.5079361824299,-27.789548389404,0 -48.5079133572116,-27.7895733726111,0 -48.5078844103046,-27.789588827774,0 -48.5078516549637,-27.7895863235229,0 -48.507819199094,-27.789571590257,0 -48.5077841053526,-27.7895784569514,0 -48.507765671552,-27.7895969329788,0 -48.5077712512881,-27.7896290443718,0 -48.5077891701522,-27.7896764484266,0 -48.5077968674202,-27.7897085980336,0 -48.5077877507447,-27.7897357235788,0 -48.507768551182,-27.7897419491716,0 -48.5077422126191,-27.7897367438517,0 -48.5077144604976,-27.7897023323821,0 -48.5077003464391,-27.7896728838093,0 -48.5076830558465,-27.7896433757037,0 -48.5076590189259,-27.7896306838026,0 -48.5076377896195,-27.7896331064899,0 -48.5076160466747,-27.7896571696775,0 -48.5076173976392,-27.7896891992463,0 -48.5076497882553,-27.7897509977361,0 -48.507694267633,-27.7898384381324,0 -48.5076925555961,-27.789865704464,0 -48.5076711041552,-27.789877534103,0 -48.5076060486639,-27.7898537112338,0 -48.5075544780513,-27.7897971985997,0 -48.5075296968891,-27.7897713149289,0 -48.5074935698383,-27.7897772200924,0 -48.5074371365815,-27.789835453813,0 -48.5073966171436,-27.7898921051135,0 -48.5073841225152,-27.7899276383591,0 -48.5073968417757,-27.7899711790461,0 -48.5074256995294,-27.7900037304346,0 -48.5075374329094,-27.790199753605,0 -48.5075584571236,-27.7903385251828,0 -48.5075430354974,-27.7904078892415,0 -48.50752590759,-27.7904602784831,0 -48.5075006712499,-27.7904974508436,0 -48.5074683915861,-27.7905194327026,0 -48.5074173173177,-27.7905307022808,0 -48.5073675457227,-27.790531642696,0 -48.5072887407732,-27.7905075588157,0 -48.5072662773593,-27.7905174878146,0 -48.5072438114656,-27.7905274167649,0 -48.5071802190381,-27.7905751613036,0 -48.507133421008,-27.7906288696541,0 -48.5070916173142,-27.7906949119135,0 -48.5070796867858,-27.7907511639179,0 -48.5070853584943,-27.7907795096324,0 -48.5071205645141,-27.7908121811959,0 -48.5071674735373,-27.7908422488212,0 -48.5071993471366,-27.7908814466117,0 -48.5072181659678,-27.7909354572343,0 -48.5072170526835,-27.7909819274414,0 -48.5072167694819,-27.7909937927211,0 -48.5071980400595,-27.7910244999262,0 -48.5071710947486,-27.7910446990012,0 -48.5071221118871,-27.7910569501141,0 -48.5071127070984,-27.7910588933815,0 -48.5070678632698,-27.7910681583894,0 -48.5070281976158,-27.7910890573838,0 -48.506995853296,-27.7911138597499,0 -48.5068723160807,-27.7911454084365,0 -48.506857167642,-27.7911592411858,0 -48.5068420167361,-27.791173073338,0 -48.5068158369493,-27.791205522766,0 -48.5068033677721,-27.791240114696,0 -48.5067982327226,-27.7912776702007,0 -48.5068046011833,-27.7913210907628,0 -48.506806917052,-27.7913285274063,0 -48.5068163963225,-27.7913589662542,0 -48.5068354188414,-27.7914045096947,0 -48.5068269298325,-27.791449531095,0 -48.5067980258853,-27.7915073445929,0 -48.5067538806534,-27.7915385136204,0 -48.5066845065567,-27.7915626148286,0 -48.5066443685827,-27.7915590297581,0 -48.5066378928271,-27.7915539179622,0 -48.5066235932807,-27.7915426341584,0 -48.5066030623027,-27.7915158897642,0 -48.5065883208985,-27.7915127852698,0 -48.5065735769816,-27.7915096823806,0 -48.5065329226407,-27.7915277388152,0 -48.5064971085911,-27.7915647133517,0 -48.5063265116962,-27.7916679541032,0 -48.5062844485982,-27.7916934090362,0 -48.5060302852394,-27.7918316722062,0 -48.5059914976143,-27.7918601186885,0 -48.5059528027518,-27.7918848005824,0 -48.5059215575407,-27.7919077402226,0 -48.5059209488914,-27.7919331446827,0 -48.5059435481063,-27.7919618115813,0 -48.505969411718,-27.7919867755888,0 -48.5060014651437,-27.7920184449415,0 -48.5060336321696,-27.7920454116909,0 -48.506065683774,-27.7920770809973,0 -48.5061035671473,-27.792130511981,0 -48.5061189610889,-27.7921538556049,0 -48.5061199121582,-27.792155296897,0 -48.5061160158474,-27.792185343879,0 -48.5060942701749,-27.7922094067301,0 -48.5058817927238,-27.7923305746982,0 -48.5058194800777,-27.7923689273844,0 -48.5057596276411,-27.7923932088836,0 -48.5057067947504,-27.7923893837588,0 -48.5056414705002,-27.7923768516143,0 -48.5056013114073,-27.7923742075466,0 -48.5055733537235,-27.7923925040374,0 -48.5055672303289,-27.7924050959162,0 -48.5055611069453,-27.7924176872441,0 -48.5055783948564,-27.7924471950009,0 -48.5055926437621,-27.7924709982076,0 -48.505583478955,-27.7925000049914,0 -48.5055468324844,-27.7925275499592,0 -48.5053595681366,-27.792568242461,0 -48.5052580899658,-27.7925625547885,0 -48.505189750112,-27.7925433738419,0 -48.5051575167927,-27.7925192313537,0 -48.5051253947104,-27.7924903829178,0 -48.5050876872879,-27.792473666853,0 -48.5050255139123,-27.7924621330464,0 -48.5049527867573,-27.792449459111,0 -48.5049093181847,-27.7924478547951,0 -48.5048480897451,-27.7924455936295,0 -48.504769459589,-27.7924582228672,0 -48.5047182275445,-27.7924760765808,0 -48.5046678701096,-27.7925014807809,0 -48.5046333151583,-27.7925300049899,0 -48.5046083065129,-27.7925577704655,0 -48.5045969360751,-27.7925904997068,0 -48.5045850223842,-27.7927342940191,0 -48.5045869690149,-27.7930063670418,0 -48.5045884172451,-27.7930243973049,0 -48.5046008284495,-27.7931788880139,0 -48.5045629341403,-27.7932857893898,0 -48.5045286151693,-27.7933607199458,0 -48.5045103717483,-27.7934153893761,0 -48.5044758331084,-27.7934514496234,0 -48.504432982877,-27.7934611412921,0 -48.5043998124916,-27.7934668902955,0 -48.5043463920269,-27.7934726070292,0 -48.5042857007144,-27.7934857837517,0 -48.5042477196361,-27.7935002988488,0 -48.5042335448601,-27.7935149066382,0 -48.5042262762423,-27.7935387974178,0 -48.5042277064644,-27.7935710525287,0 -48.5042297512131,-27.7936077414311,0 -48.5042216365242,-27.7936215054857,0 -48.5042036572475,-27.7936313079224,0 -48.5041584192157,-27.7936201034767,0 -48.5041106243196,-27.7936120138277,0 -48.5040583586109,-27.7936136425336,0 -48.5040352962248,-27.7936284145655,0 -48.5040154964718,-27.7936729443518,0 -48.5039900276683,-27.79370031368,0 -48.5039531598936,-27.7937126344436,0 -48.5039235845998,-27.7937165500453,0 -48.5038968901781,-27.7937186188987,0 -48.5038475052458,-27.7937184029813,0 -48.5038169331381,-27.7937191406152,0 -48.5038007284941,-27.7937289745266,0 -48.503783524868,-27.7937520611812,0 -48.5037397944726,-27.7937696376283,0 -48.5036917214925,-27.7937744975065,0 -48.503656864295,-27.7937596785205,0 -48.503627497877,-27.7937376878813,0 -48.5035972591365,-27.793722948522,0 -48.5035435708867,-27.7937245529637,0 -48.5034999841033,-27.7937354943257,0 -48.5034241431589,-27.7937752687806,0 -48.5033800646365,-27.7937925221627,0 -48.5033568733746,-27.7937968636631,0 -48.5033144967148,-27.7938011897911,0 -48.5032773516902,-27.7938100315313,0 -48.5031847244888,-27.7938375091551,0 -48.5031603344194,-27.7938317175176,0 -48.5031514978037,-27.7938132397538,0 -48.5031397609602,-27.7937811231943,0 -48.5031345264154,-27.7937683932504,0 -48.5031292980618,-27.7937556634182,0 -48.5031046655351,-27.793744497499,0 -48.5030668737173,-27.7937504814625,0 -48.5030492881989,-27.7937748260731,0 -48.5030334985766,-27.7938146861234,0 -48.5030092277303,-27.7938360715217,0 -48.502987096391,-27.7938407476774,0 -48.5029645398643,-27.7938321431382,0 -48.5029293611335,-27.7937996230241,0 -48.5028876967507,-27.7937875317282,0 -48.5028543488132,-27.793785060677,0 -48.5028230016531,-27.7937886300969,0 -48.5027850029863,-27.7938040916641,0 -48.5027396726689,-27.7938298558637,0 -48.502654902477,-27.7938881200898,0 -48.5025929416928,-27.7938943204832,0 -48.5025412108345,-27.7938713116482,0 -48.5025056702145,-27.7938226697176,0 -48.5024301942485,-27.7937802949555,0 -48.5022341151157,-27.7936960275774,0 -48.5021722619471,-27.7936971753977,0 -48.502101668658,-27.7937082847666,0 -48.5020147323055,-27.793735542931,0 -48.5019586186242,-27.7937668093433,0 -48.5019178657159,-27.7937945477313,0 -48.5018945842271,-27.793802993928,0 -48.5018587930931,-27.7937985856765,0 -48.5018384172365,-27.7937878082433,0 -48.501810733463,-27.7937538368867,0 -48.5017780008135,-27.7937068233448,0 -48.5017442641892,-27.7936569489132,0 -48.5017022868431,-27.7936265248268,0 -48.5016615227181,-27.7936055980405,0 -48.5013918811555,-27.7935545082005,0 -48.501257279208,-27.7935351280132,0 -48.501149162595,-27.7935070402023,0 -48.5010132270915,-27.7934509837538,0 -48.500901790193,-27.7934285249564,0 -48.5008331740592,-27.7934140723371,0 -48.5007776903927,-27.7934001619107,0 -48.5007228117637,-27.7933748865875,0 -48.5007104409571,-27.7933718298749,0 -48.500698072021,-27.7933687726443,0 -48.5006928894609,-27.7933781635601,0 -48.5006883894337,-27.7933891456886,0 -48.5006770753159,-27.7934028538078,0 -48.5006416053767,-27.7934000321239,0 -48.5005981209279,-27.7933898038239,0 -48.5005632145512,-27.7933775109063,0 -48.5005236418056,-27.7933509193772,0 -48.5004733562537,-27.7932941245864,0 -48.5004338775863,-27.7932141310853,0 -48.5004244678807,-27.7931732055961,0 -48.5004126363865,-27.7931595201841,0 -48.5004106021086,-27.7931571682142,0 -48.5003610890815,-27.7931465201211,0 -48.500289408047,-27.7931421259298,0 -48.5002584733647,-27.793159604126,0 -48.5002483403622,-27.793184393863,0 -48.5002454127079,-27.7932371128572,0 -48.5002519087751,-27.7932978950912,0 -48.5002526065527,-27.7933069359099,0 -48.5002552337569,-27.7933409264567,0 -48.5002471448419,-27.7933698570178,0 -48.5002272858577,-27.793384366425,0 -48.5002055435208,-27.7933874686641,0 -48.5001934718584,-27.7933864125097,0 -48.5001605031861,-27.7933835330034,0 -48.5000663598162,-27.7933664288326,0 -48.5000000245393,-27.7933929308496,0 -48.4999283607553,-27.7934215617394,0 -48.499751873622,-27.793498151745,0 -48.499729029453,-27.7935192468202,0 -48.4997204809364,-27.7935529089,0 -48.4997262850296,-27.7935962990561,0 -48.4997389973573,-27.7936489729993,0 -48.4997484502718,-27.7936880010404,0 -48.4997276464814,-27.7937622167329,0 -48.4996308735578,-27.7938822055826,0 -48.4995902992286,-27.7939342753308,0 -48.4995671557062,-27.7939689523842,0 -48.4995370953183,-27.7940114083824,0 -48.499519867743,-27.7940683053808,0 -48.4994603528455,-27.7942884726294,0 -48.4994483844575,-27.7943250900388,0 -48.4994382725614,-27.7943560297527,0 -48.499410412497,-27.7943953639895,0 -48.4993348796652,-27.7944699002334,0 -48.4992722804087,-27.7945054762209,0 -48.4990068089287,-27.7946216101471,0 -48.4989257567054,-27.7946559204998,0 -48.49886422732,-27.7946911979145,0 -48.4988102485535,-27.7947224994433,0 -48.4987553193943,-27.7947484122035,0 -48.4986965931998,-27.7947692029323,0 -48.4985537721607,-27.7948498479357,0 -48.4983876990892,-27.7949212421441,0 -48.498238639213,-27.7949619642099,0 -48.4981504593595,-27.7949729257739,0 -48.4980622751471,-27.7949838877522,0 -48.4978971642399,-27.7949949459126,0 -48.4977916499069,-27.7949940752374,0 -48.4975988736908,-27.7949702135006,0 -48.4973658133149,-27.7949197450808,0 -48.4973089768026,-27.794919081142,0 -48.4972807697876,-27.7949252305997,0 -48.4972462731399,-27.7949429629134,0 -48.4971999228341,-27.7949664945532,0 -48.4971537700642,-27.7949808666628,0 -48.4971156493499,-27.7949855818929,0 -48.4970757383305,-27.7949744661838,0 -48.4970474667524,-27.7949512274287,0 -48.497028804341,-27.794910774509,0 -48.4970137294191,-27.7948688039071,0 -48.4969878415552,-27.794833914792,0 -48.4969413166977,-27.7948002508054,0 -48.4968492771116,-27.7947680135167,0 -48.4968282401092,-27.7947732619527,0 -48.49682677272,-27.7947736291015,0 -48.4967947854318,-27.794790139632,0 -48.4967455830441,-27.7948142549207,0 -48.4967247682903,-27.7948236926874,0 -48.4967019743682,-27.7948097107578,0 -48.4966896357825,-27.7947889586322,0 -48.4966802559847,-27.7947628864193,0 -48.4966602257913,-27.7947037680245,0 -48.4966399506972,-27.7946721350161,0 -48.4966044870881,-27.7946364499386,0 -48.4965727538876,-27.7946251574431,0 -48.4965206853956,-27.7946176248455,0 -48.4964198866475,-27.7945959781304,0 -48.496369447741,-27.794630486799,0 -48.4963412488491,-27.7946419554208,0 -48.496316885131,-27.7946098803673,0 -48.4963036946877,-27.7945923899787,0 -48.4962812425935,-27.794566069699,0 -48.4962546763321,-27.7945358259759,0 -48.4962319283694,-27.7945170900666,0 -48.4962067880897,-27.7945049230246,0 -48.4961760945816,-27.7944982812284,0 -48.4961625127774,-27.7945045045666,0 -48.4961489284705,-27.7945107289593,0 -48.4961223056371,-27.7945364826273,0 -48.4960968253275,-27.7945603725136,0 -48.4960723398763,-27.7945861919136,0 -48.4960499075077,-27.7946139715823,0 -48.4960379487999,-27.7946468209272,0 -48.4960011436752,-27.7946874449454,0 -48.4959629461296,-27.794709043465,0 -48.4959232066659,-27.794715409196,0 -48.4958828482318,-27.7947103664126,0 -48.4958435245688,-27.7946787793919,0 -48.4958131730353,-27.7946360806067,0 -48.4957964597498,-27.7945994974124,0 -48.4957895230423,-27.7945584700538,0 -48.4957811250717,-27.7945003147704,0 -48.495769888101,-27.7944601043082,0 -48.4957457125438,-27.7944232899511,0 -48.4956988913195,-27.7943924210525,0 -48.4956612860868,-27.7943850893227,0 -48.4956236870122,-27.7943777593467,0 -48.495549539446,-27.7943906539443,0 -48.4955079583721,-27.7944168939435,0 -48.495462919918,-27.7944496702498,0 -48.4954083238787,-27.7944812026187,0 -48.4953466737188,-27.7945020765347,0 -48.4952679382109,-27.7944958462203,0 -48.4949596985808,-27.7944360177793,0 -48.4948739553718,-27.7943906590337,0 -48.4947926877249,-27.7943672667792,0 -48.4947300909105,-27.7943577378581,0 -48.4946504010083,-27.794348631752,0 -48.4945949686444,-27.7943469188723,0 -48.494557686037,-27.7943470414573,0 -48.4945117115162,-27.7943471930039,0 -48.4944728168146,-27.7943592794419,0 -48.4944139630478,-27.7943631540297,0 -48.4943301206477,-27.7943510707549,0 -48.4942692962854,-27.7943235648259,0 -48.494124782241,-27.7942526605368,0 -48.4940041559891,-27.7941986274574,0 -48.4939609721875,-27.7941840063031,0 -48.4939077090188,-27.7941814100991,0 -48.4938358782077,-27.7941896307335,0 -48.4937401642425,-27.794180976717,0 -48.4936160088047,-27.7941353765392,0 -48.4934592961102,-27.7940489082348,0 -48.4934216696201,-27.7940012390218,0 -48.4933796709585,-27.7939562797216,0 -48.4933279273756,-27.7939148177694,0 -48.4932741265217,-27.7938713932084,0 -48.4932160633178,-27.7938278372798,0 -48.4931789818428,-27.7937934717749,0 -48.4931250712475,-27.7937528906299,0 -48.4930793173581,-27.7937220523799,0 -48.4930464306489,-27.7936897152272,0 -48.492998144833,-27.7936417152618,0 -48.4929558485021,-27.793604340724,0 -48.4928926767512,-27.7935549316089,0 -48.492813604277,-27.7934480844307,0 -48.4928032894535,-27.793411698054,0 -48.4928041790132,-27.7933889466618,0 -48.4928131584077,-27.7933503102109,0 -48.492818682129,-27.7933182122421,0 -48.4928047217204,-27.7932931035193,0 -48.492783265571,-27.7932687117266,0 -48.4927364432732,-27.7932378413099,0 -48.4926686665121,-27.7932243559346,0 -48.4926004421927,-27.7932222458956,0 -48.4925621436818,-27.7932191648201,0 -48.492524101002,-27.7932094458503,0 -48.4924422162223,-27.7931746438023,0 -48.4922416711223,-27.7930355662845,0 -48.4921258114383,-27.7929142925502,0 -48.4921068945989,-27.7928795385738,0 -48.4921070136213,-27.79284917025,0 -48.4921186392308,-27.7928248527193,0 -48.4921401512621,-27.7927932472661,0 -48.4921521443694,-27.7927594517213,0 -48.492138668487,-27.7927220171887,0 -48.4921015247966,-27.7926620240771,0 -48.4920750676021,-27.7926289355878,0 -48.492055816769,-27.7926027146752,0 -48.492049540432,-27.7925721492447,0 -48.4920435621201,-27.7925339994966,0 -48.4920340212404,-27.7924777050529,0 -48.4920285155891,-27.7924547560154,0 -48.4919980770386,-27.7923598514095,0 -48.4919770821903,-27.7923048451784,0 -48.4919603197896,-27.7922609253871,0 -48.4919269703547,-27.7921858629931,0 -48.4919027587018,-27.7921499967861,0 -48.4918679993557,-27.7921109558598,0 -48.4918204520198,-27.7920885263213,0 -48.4917495816579,-27.7920550931024,0 -48.491663777121,-27.7919841018664,0 -48.4916190240234,-27.7919276694641,0 -48.4916012096953,-27.7918920009214,0 -48.4915877297181,-27.7918545679229,0 -48.4915691540064,-27.7917837586794,0 -48.4915525543096,-27.7917443310987,0 -48.4915584483812,-27.7917027519279,0 -48.4915682290612,-27.79167588148,0 -48.4915709819128,-27.7916683180768,0 -48.491575190019,-27.7916567626602,0 -48.4915914833348,-27.7916221498401,0 -48.4916174096248,-27.7915868854011,0 -48.4916374566142,-27.7915381503545,0 -48.4916497117618,-27.7914977170811,0 -48.4916468191907,-27.7914625101343,0 -48.4916123941274,-27.7914149399476,0 -48.4915115348429,-27.7912922299998,0 -48.4914827724308,-27.7912362918025,0 -48.4914481575313,-27.791193460749,0 -48.4914125827047,-27.7911752763921,0 -48.4913743210413,-27.791171244634,0 -48.4913274211649,-27.7911697951119,0 -48.4912882386176,-27.79116193907,0 -48.4912453141532,-27.7911406798683,0 -48.4912137054507,-27.7911302112138,0 -48.4911497466244,-27.7911282336337,0 -48.4911036130893,-27.7911343987018,0 -48.491067744601,-27.7911237986524,0 -48.4910249301072,-27.791099695923,0 -48.4909742531072,-27.7910582652244,0 -48.4908321310582,-27.7908991616881,0 -48.4907681457821,-27.7908706078459,0 -48.4907258512671,-27.7908332327314,0 -48.4906984026299,-27.7907982150719,0 -48.4906836407276,-27.7907664380613,0 -48.4906416760553,-27.790720531438,0 -48.4905950057487,-27.7906858682632,0 -48.4905550666755,-27.7906428714195,0 -48.4904876809766,-27.7905648569058,0 -48.4904437716608,-27.7905141441882,0 -48.4904175800256,-27.7904744193736,0 -48.4903947960341,-27.7904566313286,0 -48.4903679626712,-27.7904605465102,0 -48.4903308300203,-27.7904821760657,0 -48.490288114356,-27.7905225881456,0 -48.4902521413254,-27.7905566206572,0 -48.4901990852113,-27.7906033843188,0 -48.4901685718862,-27.7906195252673,0 -48.4901068228136,-27.7906157161071,0 -48.4900643404216,-27.7905830816559,0 -48.4900411983971,-27.7905472472683,0 -48.4900241491064,-27.7905191959492,0 -48.4900015894235,-27.7904957187988,0 -48.4899654591558,-27.7904917545904,0 -48.4899258688923,-27.7904943259495,0 -48.4898499002592,-27.7904720433132,0 -48.4898051794175,-27.7904421865733,0 -48.489776220251,-27.7904185115584,0 -48.4897408702035,-27.790394639412,0 -48.4896814002572,-27.7903871036196,0 -48.4896319951127,-27.7903950673405,0 -48.4895925815264,-27.7904204231044,0 -48.4894465284622,-27.7904709527035,0 -48.4893874183673,-27.7904814614468,0 -48.4893359944805,-27.7904865153637,0 -48.4892994921866,-27.7904920288938,0 -48.489277915137,-27.7904980048689,0 -48.489268680618,-27.7905157522868,0 -48.4892505898709,-27.7905417676706,0 -48.4892094029725,-27.790585103313,0 -48.4891806125305,-27.7906117358736,0 -48.489140544455,-27.7906266312022,0 -48.4889175014802,-27.7906263742703,0 -48.4888718502145,-27.7906202150314,0 -48.4888596419815,-27.7906321755753,0 -48.4888414007676,-27.790661983024,0 -48.4888092625256,-27.790692310384,0 -48.4887668010738,-27.7907137754101,0 -48.4887183886771,-27.7907236644642,0 -48.4886683632579,-27.7907202193014,0 -48.4886255134739,-27.7906970635181,0 -48.4885891689397,-27.7906712604244,0 -48.4885458749021,-27.7906594816699,0 -48.488437369946,-27.790650429049,0 -48.4883708361734,-27.7906597593058,0 -48.4883075742661,-27.7906672920868,0 -48.488271665916,-27.7906576378044,0 -48.4882268336411,-27.7906306239992,0 -48.4881874776859,-27.7905999837688,0 -48.4881335662554,-27.790559400803,0 -48.4880909409936,-27.7905305563808,0 -48.4880219443228,-27.7904392049292,0 -48.4879468287885,-27.7903951181306,0 -48.4878231986283,-27.7903362430575,0 -48.4876787221725,-27.7902919064808,0 -48.4876246674939,-27.7902551161341,0 -48.4875972958297,-27.7902182027056,0 -48.4875851800294,-27.7901732188027,0 -48.4875749771949,-27.7901339886998,0 -48.4875569425797,-27.7901040088098,0 -48.4875092068118,-27.7900693109434,0 -48.4874634181597,-27.7900394213863,0 -48.4873129019803,-27.7899313072881,0 -48.4872351325439,-27.7898731130768,0 -48.4871906616668,-27.7898649751944,0 -48.4871442388092,-27.7898776500942,0 -48.4871105235143,-27.7898926494182,0 -48.4870733874347,-27.7898876049684,0 -48.487042268932,-27.789866631492,0 -48.4870037106613,-27.7898197841131,0 -48.4869176328286,-27.7896859334787,0 -48.486884502066,-27.7896117490816,0 -48.4868777493642,-27.789569768211,0 -48.4868604624044,-27.7895245844177,0 -48.4868292433779,-27.7894808322127,0 -48.4867837295598,-27.7894470369455,0 -48.4867561692825,-27.7894176413661,0 -48.4867388425807,-27.7893734073412,0 -48.4867355982293,-27.7893475563699,0 -48.4867340606279,-27.7893352880289,0 -48.4867397756721,-27.7892510212969,0 -48.4867395780691,-27.7892054645376,0 -48.486723393357,-27.7891593690102,0 -48.4866755536298,-27.7890799457303,0 -48.4866122045988,-27.7890389090566,0 -48.4865088564756,-27.7889348450201,0 -48.4864446644948,-27.7889137078125,0 -48.4863728905709,-27.7888951629304,0 -48.4863208643673,-27.7888639953184,0 -48.4862813226427,-27.7888152172896,0 -48.4862072237758,-27.7887007485968,0 -48.486154677836,-27.788631606375,0 -48.4861030501039,-27.7885909629297,0 -48.4860593875832,-27.7885638728494,0 -48.486039468836,-27.7885053158334,0 -48.4860077281559,-27.7884235866767,0 -48.485935117654,-27.788324351365,0 -48.4859121203715,-27.7883054975531,0 -48.4858856254145,-27.7882837797653,0 -48.4858505460692,-27.7882304057922,0 -48.4858247781587,-27.788183989779,0 -48.4858209039433,-27.78809940039,0 -48.4858124832501,-27.7880213024572,0 -48.4858008498192,-27.7879687182261,0 -48.4857896128433,-27.7879066581999,0 -48.4857917306486,-27.7878317600345,0 -48.4858117852102,-27.7877967868737,0 -48.4858862319152,-27.7876669698711,0 -48.485919605675,-27.7876348775553,0 -48.4859532825016,-27.7876208249931,0 -48.48599467528,-27.7876260121782,0 -48.4860291545718,-27.7876433044945,0 -48.4860628480113,-27.7876539278672,0 -48.4861025926669,-27.7876476712596,0 -48.4861184386373,-27.7876263778648,0 -48.4861181355741,-27.7876083358985,0 -48.4861178367927,-27.787590296213,0 -48.4860886104547,-27.7875247829799,0 -48.4860351884402,-27.7873256034189,0 -48.4859678297181,-27.7871781455344,0 -48.4859520287611,-27.7871481967677,0 -48.4859525352656,-27.7871112040626,0 -48.4859691025724,-27.7870728527359,0 -48.4859991604492,-27.7870434953682,0 -48.4860349898137,-27.7870038943432,0 -48.4860725045762,-27.7869747894457,0 -48.4861168569612,-27.7869354735065,0 -48.4861386719239,-27.7868991968839,0 -48.4861497906583,-27.7868635108542,0 -48.4861401234323,-27.7868147881296,0 -48.4860989528381,-27.7867792417778,0 -48.4860522959471,-27.7867473061481,0 -48.4860209555971,-27.7867063953933,0 -48.4859936047263,-27.7865716715596,0 -48.4859638722065,-27.7865431510228,0 -48.4859387643459,-27.7865062460382,0 -48.4859288786337,-27.786437587924,0 -48.4859329430614,-27.7863921753849,0 -48.4859271749375,-27.7863521233229,0 -48.4859109554411,-27.7863069764907,0 -48.485891837108,-27.7862797626728,0 -48.4858600141409,-27.7862502243718,0 -48.4858111631351,-27.7862447857495,0 -48.485757805529,-27.7862448898931,0 -48.4857550837547,-27.7862436948918,0 -48.4857180025283,-27.7862274196566,0 -48.4856870860158,-27.7862017069964,0 -48.4856447291629,-27.7861689684123,0 -48.4856184930957,-27.7861585969259,0 -48.4855796106651,-27.7861696254927,0 -48.4855402478707,-27.7861920265697,0 -48.4854961777658,-27.7862247071591,0 -48.4854631249868,-27.7862492188264,0 -48.4854280214815,-27.7862717624008,0 -48.485374341342,-27.7862794485844,0 -48.4853367097221,-27.7862611008649,0 -48.48529829715,-27.7861857896303,0 -48.485222656888,-27.7860323614286,0 -48.4851765758497,-27.7858362725257,0 -48.4851546267951,-27.7857501270412,0 -48.4851284,-27.7857151,0 -48.4851042504271,-27.7857304028454,0 -48.4850862907666,-27.7858265949094,0 -48.4850205755402,-27.7860170260964,0 -48.4849616427904,-27.7861232265652,0 -48.4848777829399,-27.7862134070315,0 -48.4848009406381,-27.7862639653525,0 -48.4847573954419,-27.78628432679,0 -48.484717809729,-27.7862867927215,0 -48.4846605129045,-27.7862791716539,0 -48.4842729390092,-27.7861845276575,0 -48.4842232034719,-27.7861496408987,0 -48.4841259080776,-27.7860789933585,0 -48.483975485824,-27.7859277927917,0 -48.4838158951757,-27.785741172157,0 -48.483675793755,-27.7855229428849,0 -48.4835258217915,-27.7852607284348,0 -48.4834197243476,-27.7849202756026,0 -48.483378189937,-27.7847491842877,0 -48.4833697860945,-27.7847145685257,0 -48.4833064622656,-27.7845870742476,0 -48.4832528267071,-27.7844790848592,0 -48.4830739744433,-27.7841684501519,0 -48.4830318322807,-27.7840303812498,0 -48.4829911754111,-27.7838572506359,0 -48.4829932210887,-27.7837339521307,0 -48.4830119224723,-27.7834698200787,0 -48.483039250344,-27.7833540147023,0 -48.4830626971799,-27.7833045091682,0 -48.4830821793527,-27.7832838143472,0 -48.4830973371229,-27.7832677144863,0 -48.4831384136307,-27.7832301890129,0 -48.4832329040657,-27.7831659896431,0 -48.4833298683013,-27.7831189553555,0 -48.4833992261005,-27.7830937680365,0 -48.4834469510712,-27.7830754447133,0 -48.483470957112,-27.7830629671588,0 -48.4835073267226,-27.7830357210288,0 -48.4836918744364,-27.782785706401,0 -48.4838071767863,-27.7826586265981,0 -48.4838434099806,-27.7826095482363,0 -48.4838718016262,-27.7825440759312,0 -48.4838987636522,-27.7824870946616,0 -48.4839412667295,-27.7824410761669,0 -48.4839988856554,-27.7823908211461,0 -48.4842193100041,-27.7822255209915,0 -48.4842717228642,-27.7821722424084,0 -48.4843060015583,-27.7821439766138,0 -48.4843436556394,-27.7821367026506,0 -48.4843723819138,-27.782138616917,0 -48.4844086468083,-27.7821388880739,0 -48.4844839391918,-27.7820996646844,0 -48.4845507443106,-27.7820592073138,0 -48.4846066125377,-27.7820250258336,0 -48.4846590838122,-27.7819954738597,0 -48.4847006604985,-27.7819712491653,0 -48.4847271953008,-27.7819493674506,0 -48.4847694573536,-27.7819090335396,0 -48.4849349937873,-27.781779844665,0 -48.4850643221468,-27.781724407681,0 -48.4851029820473,-27.7816934420719,0 -48.4851513131904,-27.7816609040747,0 -48.485183578736,-27.7816297245419,0 -48.485227550246,-27.7815742636417,0 -48.4852723031291,-27.7815254737866,0 -48.4853053340988,-27.7814762882218,0 -48.4853542101457,-27.7814058092728,0 -48.485393594886,-27.7813577878872,0 -48.4854337238321,-27.7813173807693,0 -48.4855154905699,-27.7812261813655,0 -48.4855925904978,-27.781144314987,0 -48.4856308288624,-27.7810981532876,0 -48.4857178653092,-27.7809331107594,0 -48.4857604100105,-27.7808358471848,0 -48.4857844346291,-27.7807977471996,0 -48.4858260721509,-27.7807469531576,0 -48.4859308978535,-27.7805901026357,0 -48.486015623699,-27.7804041039513,0 -48.4860553898132,-27.7803219311296,0 -48.4860643788275,-27.7802861721439,0 -48.485986650465,-27.7801317245006,0 -48.4859475962655,-27.7800715757317,0 -48.4859444628443,-27.7800448985047,0 -48.485957028212,-27.7800253929402,0 -48.4859896763192,-27.78001035835,0 -48.4860338399627,-27.7800004554788,0 -48.4860621084703,-27.7799881199829,0 -48.4860820079405,-27.7799717073389,0 -48.4861005884951,-27.779936271051,0 -48.4860883063254,-27.7798988489586,0 -48.4860082021059,-27.779800309022,0 -48.4860070958839,-27.7797952125529,0 -48.4860126129945,-27.7797880409979,0 -48.4860693620496,-27.7796887256264,0 -48.4860803612214,-27.7796841132594,0 -48.4861247670025,-27.779668523844,0 -48.4861652360679,-27.7796452113679,0 -48.4862103504599,-27.7795878924475,0 -48.4862501372827,-27.7795303934,0 -48.4862929183402,-27.7794777399031,0 -48.4863262892846,-27.779445647282,0 -48.4863635633427,-27.7794222259341,0 -48.4864049343014,-27.7794027395231,0 -48.4864317128452,-27.7793751714979,0 -48.4864195548314,-27.7793349062316,0 -48.48640641719,-27.7793246841036,0 -48.4863596508878,-27.7792882915576,0 -48.486323770668,-27.7792538703502,0 -48.4863183652738,-27.7792052912632,0 -48.4863340687613,-27.7791621654907,0 -48.486365932561,-27.7791404613339,0 -48.4864131726863,-27.779133509327,0 -48.4864481700376,-27.779138480724,0 -48.4865065884998,-27.7791698629969,0 -48.4865239682253,-27.7791806964834,0 -48.4865564796374,-27.7792009573634,0 -48.4865911167635,-27.7792144574437,0 -48.4866492107602,-27.7792031243474,0 -48.4866838120897,-27.7791672773281,0 -48.4867955448261,-27.7790989123181,0 -48.4868671102278,-27.7790718991342,0 -48.4869594873352,-27.7790322994526,0 -48.4873150685438,-27.7789000053627,0 -48.487365667914,-27.7788390740824,0 -48.4874481515908,-27.7787811116766,0 -48.4875098891627,-27.7787594610554,0 -48.4875550387023,-27.778751488724,0 -48.4876539843998,-27.7787329857867,0 -48.487701464609,-27.7787203478742,0 -48.4877459163227,-27.7787038115388,0 -48.487780814441,-27.7786860038938,0 -48.4878247584001,-27.7786561638812,0 -48.4878691065465,-27.7786168481732,0 -48.4879436087302,-27.7785709536887,0 -48.4880533741475,-27.7785303086769,0 -48.4881000538729,-27.77851798428,0 -48.4881520142962,-27.7784982586805,0 -48.4881909323258,-27.7784679879182,0 -48.4882117775681,-27.7784285861425,0 -48.4882306669211,-27.7783682789665,0 -48.4882407729042,-27.7782975701776,0 -48.4882359769057,-27.778234887243,0 -48.4882290697822,-27.7781718178785,0 -48.4882216982219,-27.7780863134115,0 -48.488214482974,-27.7779970257321,0 -48.4882079049293,-27.7779178626711,0 -48.4882011592961,-27.7778342733494,0 -48.488185231138,-27.7777412196067,0 -48.4881470677849,-27.777653417766,0 -48.4880623036234,-27.7775343671817,0 -48.4880501201888,-27.7774534379721,0 -48.4880110092494,-27.777145516133,0 -48.4879563127259,-27.7769453772348,0 -48.4879437816402,-27.7768893806402,0 -48.4879389005035,-27.7768371153688,0 -48.487935600477,-27.7767811153743,0 -48.4879313945879,-27.7767212924763,0 -48.4879255230477,-27.7766588895524,0 -48.4878333805894,-27.7761619357781,0 -48.4877585953798,-27.7757593294356,0 -48.4877108323387,-27.7755832983862,0 -48.4876394839567,-27.7754082250451,0 -48.487524736666,-27.775181934325,0 -48.4873482270266,-27.7749712426848,0 -48.4872959967173,-27.7749253815403,0 -48.4872294123294,-27.7748884570559,0 -48.4871357514467,-27.7748580575723,0 -48.4870636410091,-27.7748456498258,0 -48.4869789150651,-27.7748289285693,0 -48.4869360612425,-27.7748091328212,0 -48.4869023252238,-27.7747782846475,0 -48.4865912488972,-27.7742681941404,0 -48.4864926964285,-27.7741234264819,0 -48.4864426364712,-27.7740348356285,0 -48.4863864608361,-27.7739402916733,0 -48.4863148413868,-27.7738127777718,0 -48.4862517638349,-27.7736856076071,0 -48.486219419252,-27.7736062906403,0 -48.4861408674614,-27.7734889640035,0 -48.4856852138519,-27.7727504346263,0 -48.4855253580363,-27.7725489714137,0 -48.4853392488947,-27.7723378913356,0 -48.4852141544306,-27.7721892023124,0 -48.4851177930199,-27.7720645020462,0 -48.4850057424599,-27.7718906460346,0 -48.4849649967521,-27.7717208541923,0 -48.484907995896,-27.7715960580578,0 -48.484879845306,-27.771518364096,0 -48.4848398814834,-27.7714337998766,0 -48.4847771667208,-27.771362128528,0 -48.4846528285195,-27.771298952611,0 -48.4845036724611,-27.7711851951979,0 -48.484492180893,-27.7711764275606,0 -48.4839774107677,-27.7707390269345,0 -48.4836501133421,-27.7704014444311,0 -48.48351252547,-27.7702958796578,0 -48.4833072745326,-27.7701383987337,0 -48.4829197370063,-27.7698497735765,0 -48.4827384798786,-27.7697540090268,0 -48.482434684707,-27.7695857715553,0 -48.4823456734517,-27.7695370516816,0 -48.4822827392946,-27.7695026024922,0 -48.4822470240869,-27.7694897509378,0 -48.4822044693546,-27.7694851877458,0 -48.4821592567102,-27.7695119152176,0 -48.4821428110453,-27.7695356589813,0 -48.4821304025833,-27.7695535706334,0 -48.4820993640835,-27.7695960915803,0 -48.4820673997639,-27.7696357193513,0 -48.482005026032,-27.769705524044,0 -48.4819653124528,-27.7697714809478,0 -48.481960702096,-27.7697791870932,0 -48.4819314137334,-27.7698281566227,0 -48.4819026054262,-27.7698688634132,0 -48.4818562852279,-27.7699174288831,0 -48.4818158781234,-27.7699548150095,0 -48.4817848344001,-27.7699764015529,0 -48.4817363645108,-27.7699830174947,0 -48.4817013288185,-27.7699778064457,0</coordinates></LineString><LineString><coordinates>-48.6181503,-27.9875191,0 -48.6182908,-27.987595,0 -48.6184595,-27.9876836,0 -48.6184581,-27.9878207,0 -48.6182165,-27.987981,0 -48.6179462,-27.9881785,0 -48.6179035,-27.9882156,0 -48.6176062,-27.9882882,0 -48.6175497,-27.9882878,0 -48.6174791,-27.9882873,0 -48.6172398,-27.9881981,0 -48.6172119,-27.9881605,0 -48.6171842,-27.9881104,0 -48.6170727,-27.9879599,0 -48.6169476,-27.9877469,0 -48.6169357,-27.9875224,0 -48.6169362,-27.9874725,0 -48.6168815,-27.987285,0 -48.6168115,-27.9872221,0 -48.6166575,-27.9870837,0 -48.6166015,-27.9870334,0 -48.6165181,-27.9868956,0 -48.6165187,-27.9868332,0 -48.6166341,-27.9865847,0 -48.6166627,-27.9865475,0 -48.616763,-27.9863986,0 -48.6167917,-27.9863489,0 -48.6169065,-27.9861627,0 -48.6171471,-27.9861146,0 -48.6173705,-27.9863782,0 -48.6178589,-27.9869931,0 -48.6179542,-27.9873555,0 -48.6181503,-27.9875191,0</coordinates></LineString><LineString><coordinates>-48.5400592,-27.9367024,0 -48.5404149,-27.9369904,0 -48.5404506,-27.9370066,0 -48.5407894,-27.9371836,0 -48.5409192,-27.9367727,0 -48.541179,-27.9359353,0 -48.5412152,-27.9359039,0 -48.5415236,-27.9355579,0 -48.5415422,-27.9354947,0 -48.5416331,-27.9353687,0 -48.5416878,-27.9352899,0 -48.541742,-27.9352428,0 -48.5418786,-27.9341826,0 -48.5418533,-27.9331685,0 -48.5418543,-27.9330735,0 -48.5418545,-27.9330577,0 -48.5424369,-27.9322228,0 -48.5429598,-27.9319419,0 -48.5439472,-27.9318232,0 -48.5448761,-27.9319812,0 -48.5455023,-27.9330655,0 -48.5457044,-27.9340526,0 -48.5456435,-27.9348028,0 -48.5452654,-27.9354098,0 -48.544728,-27.9360155,0 -48.5443124,-27.9363568,0 -48.5440361,-27.9370674,0 -48.5438872,-27.9375889,0 -48.5438085,-27.9382695,0 -48.5436558,-27.9391553,0 -48.5435956,-27.9397727,0 -48.5433557,-27.9404202,0 -48.5429782,-27.9405122,0 -48.5428871,-27.940654,0 -48.5428683,-27.9407331,0 -48.5428124,-27.9409386,0 -48.542628,-27.9414282,0 -48.5425916,-27.9414754,0 -48.5422483,-27.9417261,0 -48.5417086,-27.9418959,0 -48.541226,-27.9417495,0 -48.5411906,-27.9417017,0 -48.5411552,-27.9416539,0 -48.5408725,-27.9412555,0 -48.5408547,-27.9412395,0 -48.5406812,-27.9406836,0 -48.5406462,-27.9406041,0 -48.5406463,-27.9405883,0 -48.5404725,-27.9400641,0 -48.5404646,-27.9390977,0 -48.5403681,-27.9380356,0 -48.5400156,-27.9374466,0 -48.5397335,-27.9369849,0 -48.5397339,-27.9369532,0 -48.5396473,-27.9366515,0 -48.5399877,-27.936686,0 -48.5400592,-27.9367024,0</coordinates></LineString><LineString><coordinates>-48.5216866,-27.8382016,0 -48.5209261,-27.8381168,0 -48.5205607,-27.8378782,0 -48.5205358,-27.8378331,0 -48.5203609,-27.8375736,0 -48.5203234,-27.8375172,0 -48.5203111,-27.8374834,0 -48.5202902,-27.8370681,0 -48.5202909,-27.8370008,0 -48.5201192,-27.8364496,0 -48.5195181,-27.8356929,0 -48.5191545,-27.8352634,0 -48.518774,-27.834709,0 -48.5188445,-27.8340476,0 -48.5189242,-27.8337117,0 -48.5191911,-27.833669,0 -48.5195076,-27.833739,0 -48.51952,-27.8337615,0 -48.5197086,-27.8339314,0 -48.5197464,-27.8339542,0 -48.5201132,-27.8340582,0 -48.5201639,-27.8340698,0 -48.5202271,-27.8340928,0 -48.5207456,-27.8342542,0 -48.5207962,-27.8342658,0 -48.5208467,-27.8342887,0 -48.5214654,-27.8345743,0 -48.5214906,-27.8345857,0 -48.5217433,-27.8346888,0 -48.5217937,-27.8347229,0 -48.5218191,-27.8347231,0 -48.5219701,-27.8348365,0 -48.5219952,-27.8348592,0 -48.5220329,-27.8348931,0 -48.5220708,-27.8349159,0 -48.5222093,-27.8350068,0 -48.522412,-27.8350421,0 -48.5224767,-27.8349192,0 -48.5224771,-27.8348856,0 -48.5226057,-27.8347184,0 -48.5226438,-27.8347187,0 -48.5232524,-27.8347574,0 -48.5236068,-27.8348389,0 -48.5241879,-27.8350793,0 -48.5242004,-27.8350906,0 -48.524605,-27.8352286,0 -48.5246176,-27.8352399,0 -48.524755,-27.835443,0 -48.52478,-27.8354768,0 -48.5249175,-27.8356687,0 -48.5250432,-27.8357707,0 -48.5250558,-27.835782,0 -48.5254484,-27.8358526,0 -48.5254738,-27.8358528,0 -48.5258284,-27.8359231,0 -48.5259044,-27.8359349,0 -48.5263082,-27.8361241,0 -48.5270145,-27.8365226,0 -48.5274177,-27.8367952,0 -48.5277043,-27.83728,0 -48.5278293,-27.8374606,0 -48.5278271,-27.8376625,0 -48.5278268,-27.8376961,0 -48.5278232,-27.8380327,0 -48.5278226,-27.8380888,0 -48.5278184,-27.8384814,0 -48.5278182,-27.8385038,0 -48.5277874,-27.8390084,0 -48.5277873,-27.8390196,0 -48.5279972,-27.8395824,0 -48.5281083,-27.839875,0 -48.5281046,-27.8402227,0 -48.5281021,-27.8404583,0 -48.5281019,-27.8404695,0 -48.5281889,-27.8406497,0 -48.5282011,-27.8406947,0 -48.5282263,-27.8407061,0 -48.5283643,-27.8408531,0 -48.5287512,-27.8411319,0 -48.5289915,-27.8412012,0 -48.5290168,-27.8412126,0 -48.5292064,-27.8412815,0 -48.5292694,-27.8413269,0 -48.5292692,-27.8413381,0 -48.5293815,-27.8415185,0 -48.5294308,-27.8416536,0 -48.5294562,-27.8416538,0 -48.5296209,-27.8416776,0 -48.5297733,-27.8416676,0 -48.5298241,-27.841668,0 -48.5299756,-27.8417366,0 -48.5300125,-27.8418491,0 -48.5300748,-27.8419618,0 -48.5302521,-27.8419969,0 -48.5305053,-27.8420551,0 -48.53054,-27.8423696,0 -48.5305398,-27.842392,0 -48.5305742,-27.8427401,0 -48.5305739,-27.8427625,0 -48.5304672,-27.8432553,0 -48.5303116,-27.8435794,0 -48.5300304,-27.8437679,0 -48.5299413,-27.8437895,0 -48.5296222,-27.8439663,0 -48.5295964,-27.844011,0 -48.5290084,-27.8444213,0 -48.5289574,-27.8444434,0 -48.5283573,-27.8447975,0 -48.5282542,-27.8449537,0 -48.5282282,-27.8450096,0 -48.5281896,-27.8450654,0 -48.5281382,-27.8451211,0 -48.5280997,-27.8451656,0 -48.5280094,-27.8452995,0 -48.5279583,-27.8453328,0 -48.5279455,-27.8453439,0 -48.5278438,-27.8453655,0 -48.5277557,-27.8452974,0 -48.5277577,-27.8451067,0 -48.5276835,-27.8449265,0 -48.5276456,-27.8449038,0 -48.5276077,-27.8448922,0 -48.5274684,-27.8448686,0 -48.5270742,-27.8449439,0 -48.5270359,-27.8449661,0 -48.5266677,-27.8449855,0 -48.5265919,-27.8449624,0 -48.5261881,-27.8447459,0 -48.5261755,-27.8447346,0 -48.5253673,-27.8443578,0 -48.525078,-27.8441198,0 -48.5250782,-27.8440973,0 -48.5249811,-27.8436926,0 -48.5249812,-27.8436813,0 -48.5248734,-27.8430746,0 -48.5250522,-27.8429639,0 -48.525321,-27.8427529,0 -48.5254907,-27.8423055,0 -48.5254942,-27.8419801,0 -48.5253045,-27.8419113,0 -48.5252918,-27.8419112,0 -48.5250015,-27.8417629,0 -48.5249765,-27.8417291,0 -48.5243636,-27.8408825,0 -48.5241132,-27.8402974,0 -48.5240285,-27.839904,0 -48.5241839,-27.8396135,0 -48.524184,-27.8396023,0 -48.5242106,-27.8394791,0 -48.5241986,-27.8394229,0 -48.5240999,-27.8391528,0 -48.5240748,-27.8391302,0 -48.5239874,-27.8389948,0 -48.523937,-27.8389607,0 -48.5238992,-27.838938,0 -48.5234454,-27.8386538,0 -48.5234329,-27.8386424,0 -48.522762,-27.838491,0 -48.5216866,-27.8382016,0</coordinates></LineString><LineString><coordinates>-48.5012972,-27.8366476,0 -48.5012802,-27.8366013,0 -48.5010997,-27.8355671,0 -48.5013848,-27.8349838,0 -48.5015186,-27.8348945,0 -48.5015215,-27.8347324,0 -48.5015804,-27.8345817,0 -48.5017181,-27.8346327,0 -48.5019513,-27.8346347,0 -48.5023107,-27.8346108,0 -48.5025206,-27.834716,0 -48.5028537,-27.8345338,0 -48.503309,-27.8343373,0 -48.5037427,-27.8345259,0 -48.5037771,-27.8345724,0 -48.5038969,-27.8347738,0 -48.5039488,-27.8348051,0 -48.5041048,-27.8348835,0 -48.5041221,-27.834899,0 -48.504505,-27.8349485,0 -48.5045398,-27.8349488,0 -48.5048207,-27.8347662,0 -48.5048559,-27.8347356,0 -48.5052595,-27.8344924,0 -48.5057466,-27.8345735,0 -48.5060216,-27.8349304,0 -48.5060385,-27.8349768,0 -48.5062253,-27.8354253,0 -48.5062926,-27.8356417,0 -48.5063101,-27.8356418,0 -48.5064487,-27.83572,0 -48.5067973,-27.8357229,0 -48.5068671,-27.8357235,0 -48.5073552,-27.8357276,0 -48.5074071,-27.8357588,0 -48.5077364,-27.8359311,0 -48.5079258,-27.8361485,0 -48.5080282,-27.8363497,0 -48.508245,-27.8372455,0 -48.5085343,-27.8379107,0 -48.508601,-27.8382041,0 -48.5083002,-27.8386177,0 -48.5082826,-27.838633,0 -48.5080697,-27.8389857,0 -48.5080521,-27.8390009,0 -48.507807,-27.8390913,0 -48.5074408,-27.8391036,0 -48.5072642,-27.8393179,0 -48.5072461,-27.8393795,0 -48.5071375,-27.8397639,0 -48.5071373,-27.8397793,0 -48.507135,-27.8400106,0 -48.5068193,-27.8401929,0 -48.5061942,-27.8399564,0 -48.5061768,-27.8399562,0 -48.5059158,-27.8399077,0 -48.5058984,-27.8399076,0 -48.5056879,-27.8400291,0 -48.5056876,-27.8400599,0 -48.505387,-27.8404581,0 -48.5053692,-27.8404888,0 -48.5052275,-27.8407034,0 -48.5049263,-27.8411633,0 -48.5046283,-27.841315,0 -48.5043672,-27.8412819,0 -48.5042128,-27.8410494,0 -48.5041612,-27.8409872,0 -48.5039035,-27.8406304,0 -48.5036242,-27.8406744,0 -48.5035366,-27.8407199,0 -48.5035017,-27.8407196,0 -48.5034317,-27.8407499,0 -48.5031699,-27.8407785,0 -48.5031176,-27.8407781,0 -48.5030303,-27.8407928,0 -48.5025777,-27.8407427,0 -48.502543,-27.840727,0 -48.5021438,-27.8405696,0 -48.5020396,-27.8405379,0 -48.5016434,-27.840103,0 -48.5014251,-27.8393305,0 -48.501258,-27.8386664,0 -48.5013322,-27.8382508,0 -48.5013323,-27.8382354,0 -48.5013068,-27.8373721,0 -48.5013073,-27.8373259,0 -48.5012972,-27.8366476,0</coordinates></LineString><LineString><coordinates>-48.5179667,-27.8350953,0 -48.517807,-27.8351307,0 -48.5176472,-27.835016,0 -48.5174673,-27.8347953,0 -48.5173674,-27.8346629,0 -48.5173774,-27.8345746,0 -48.5174972,-27.8345569,0 -48.5176469,-27.8345039,0 -48.518042,-27.834649,0 -48.5180423,-27.8348213,0 -48.5179966,-27.8349894,0 -48.5179667,-27.8350953,0</coordinates></LineString><LineString><coordinates>-48.5295457,-27.8326624,0 -48.5294453,-27.8325606,0 -48.5293295,-27.8327055,0 -48.5291234,-27.8330067,0 -48.5289422,-27.8333418,0 -48.5289272,-27.8335661,0 -48.5287994,-27.8336548,0 -48.5284568,-27.833652,0 -48.5284316,-27.8336406,0 -48.5279892,-27.8334799,0 -48.5276739,-27.8332977,0 -48.5275647,-27.8328256,0 -48.5275194,-27.8323091,0 -48.5275197,-27.8322867,0 -48.5275735,-27.8319954,0 -48.5275738,-27.8319617,0 -48.5277583,-27.8313125,0 -48.5279012,-27.8309996,0 -48.5279014,-27.8309771,0 -48.5279298,-27.8306857,0 -48.5277909,-27.8306284,0 -48.5274629,-27.8304462,0 -48.5274377,-27.8304347,0 -48.5269828,-27.8302514,0 -48.5267804,-27.8301937,0 -48.5267063,-27.8300023,0 -48.5268226,-27.8298013,0 -48.5268485,-27.8297566,0 -48.526913,-27.8296562,0 -48.5269259,-27.8296339,0 -48.5270819,-27.8292761,0 -48.5273486,-27.8292559,0 -48.5275899,-27.8292354,0 -48.5277429,-27.8291581,0 -48.527908,-27.8291483,0 -48.5281853,-27.8293189,0 -48.5284369,-27.8295229,0 -48.52874,-27.8296489,0 -48.5287653,-27.8296603,0 -48.5290564,-27.82973,0 -48.5292838,-27.8298216,0 -48.5293579,-27.830013,0 -48.5295826,-27.8303626,0 -48.5297444,-27.8306557,0 -48.5299293,-27.8311733,0 -48.5301037,-27.8314777,0 -48.5301035,-27.8315001,0 -48.5302024,-27.8317478,0 -48.5302019,-27.8317926,0 -48.5302759,-27.8319952,0 -48.5302346,-27.832309,0 -48.5300917,-27.832622,0 -48.5299627,-27.8328229,0 -48.5296713,-27.8327869,0 -48.5295457,-27.8326624,0</coordinates></LineString><LineString><coordinates>-48.4440932,-27.8526811,0 -48.4442521,-27.8527748,0 -48.4442698,-27.8527956,0 -48.4444581,-27.8529934,0 -48.4445346,-27.8530506,0 -48.4445993,-27.853212,0 -48.4447522,-27.853545,0 -48.4447051,-27.8536491,0 -48.4446933,-27.8536595,0 -48.4446521,-27.8537531,0 -48.4445756,-27.8537687,0 -48.4444814,-27.8536959,0 -48.4444638,-27.8536751,0 -48.4444285,-27.8536178,0 -48.4444226,-27.8535918,0 -48.4443814,-27.8534565,0 -48.4443697,-27.8534305,0 -48.444352,-27.8534044,0 -48.4442696,-27.8533212,0 -48.4442579,-27.8533056,0 -48.4442285,-27.8532743,0 -48.4440578,-27.8530818,0 -48.4440461,-27.853061,0 -48.4439637,-27.8529256,0 -48.4439637,-27.8528996,0 -48.443952,-27.8527279,0 -48.4440756,-27.8526811,0 -48.4440932,-27.8526811,0</coordinates></LineString><LineString><coordinates>-48.4340658,-27.8484,0 -48.4333201,-27.8481915,0 -48.4328026,-27.8479738,0 -48.4327649,-27.847951,0 -48.43217,-27.847856,0 -48.4319292,-27.8478539,0 -48.431801,-27.8479761,0 -48.4315476,-27.8479627,0 -48.4313082,-27.847826,0 -48.4312598,-27.8476237,0 -48.4312868,-27.8474782,0 -48.431287,-27.847467,0 -48.4311867,-27.8473652,0 -48.430856,-27.847452,0 -48.4305158,-27.8472696,0 -48.4305159,-27.8472583,0 -48.4303662,-27.847044,0 -48.4303539,-27.8470102,0 -48.4303291,-27.8469652,0 -48.4302548,-27.8468075,0 -48.4301936,-27.8466164,0 -48.4301564,-27.8465488,0 -48.4301064,-27.8464811,0 -48.4299576,-27.8461994,0 -48.4299075,-27.8461429,0 -48.4298828,-27.8460867,0 -48.4296573,-27.8458492,0 -48.4296068,-27.8458264,0 -48.4291145,-27.8456314,0 -48.4291019,-27.8456201,0 -48.428736,-27.8454599,0 -48.4286985,-27.8454147,0 -48.4285735,-27.8452566,0 -48.428536,-27.8452114,0 -48.4284507,-27.844908,0 -48.4284513,-27.8448519,0 -48.4286839,-27.8444728,0 -48.4287234,-27.8443499,0 -48.428713,-27.844148,0 -48.428803,-27.8440367,0 -48.4288413,-27.8440146,0 -48.4290582,-27.8439044,0 -48.4290966,-27.8438712,0 -48.4293766,-27.843784,0 -48.4294276,-27.8437621,0 -48.4297463,-27.843608,0 -48.4298226,-27.8435862,0 -48.4299624,-27.8435538,0 -48.4300511,-27.8435546,0 -48.4301525,-27.8435555,0 -48.4304314,-27.843558,0 -48.4304821,-27.8435584,0 -48.4305454,-27.8435702,0 -48.4307979,-27.8436621,0 -48.4308105,-27.8436734,0 -48.4310493,-27.8438549,0 -48.4310744,-27.8438776,0 -48.4311983,-27.8441253,0 -48.4312106,-27.8441591,0 -48.4313958,-27.844598,0 -48.4314605,-27.844785,0 -48.431667,-27.8452731,0 -48.4318907,-27.8456674,0 -48.4322438,-27.8458388,0 -48.43247,-27.8460202,0 -48.432695,-27.8463025,0 -48.4328312,-27.846584,0 -48.4328562,-27.8466178,0 -48.4328937,-27.846663,0 -48.433181,-27.8470467,0 -48.4332312,-27.847092,0 -48.4336584,-27.8474322,0 -48.434162,-27.8477506,0 -48.4344133,-27.8479547,0 -48.4346766,-27.8482149,0 -48.4347633,-27.8483951,0 -48.4340658,-27.8484,0</coordinates></LineString><LineString><coordinates>-48.4289773,-27.8424085,0 -48.4290543,-27.8423307,0 -48.4290431,-27.842196,0 -48.429018,-27.8421734,0 -48.4288788,-27.8421497,0 -48.4288284,-27.8421269,0 -48.4287651,-27.8421151,0 -48.4284228,-27.842112,0 -48.4283486,-27.8419544,0 -48.4284388,-27.8418207,0 -48.4285024,-27.84181,0 -48.4285278,-27.8417991,0 -48.428718,-27.8418008,0 -48.429276,-27.8417945,0 -48.4293395,-27.8417839,0 -48.4300118,-27.8417563,0 -48.4303666,-27.8417707,0 -48.4305931,-27.8419184,0 -48.4307303,-27.8421215,0 -48.4307144,-27.8424016,0 -48.4305719,-27.8426694,0 -48.4303406,-27.8429363,0 -48.4300859,-27.8430349,0 -48.4300605,-27.8430347,0 -48.4296297,-27.8430084,0 -48.4295918,-27.8429969,0 -48.4289213,-27.8428676,0 -48.4289124,-27.8425424,0 -48.4289514,-27.8424531,0 -48.4289773,-27.8424085,0</coordinates></LineString><LineString><coordinates>-48.4305614,-27.8402589,0 -48.4305389,-27.840012,0 -48.4305391,-27.8399896,0 -48.4305536,-27.8398328,0 -48.4306568,-27.8396768,0 -48.4309738,-27.8396796,0 -48.4313277,-27.8397724,0 -48.431466,-27.8398746,0 -48.4316144,-27.840201,0 -48.4315354,-27.8404582,0 -48.4313809,-27.8406698,0 -48.4310365,-27.8408461,0 -48.4307346,-27.8406416,0 -48.4305614,-27.8402589,0</coordinates></LineString><LineString><coordinates>-48.4311846,-27.8390634,0 -48.4312949,-27.839048,0 -48.4313703,-27.8391558,0 -48.4313819,-27.8392379,0 -48.4313354,-27.8393097,0 -48.431318,-27.8393097,0 -48.4311497,-27.8393046,0 -48.4310917,-27.8392532,0 -48.431115,-27.839166,0 -48.4311846,-27.8390634,0</coordinates></LineString></MultiGeometry>
  </Placemark>
  <Placemark id="limites_apabf_linha.2">
	<Style><LineStyle><color>ff0000ff</color></LineStyle><PolyStyle><fill>0</fill></PolyStyle></Style>
	<ExtendedData><SchemaData schemaUrl="#limites_apabf_linha">
		<SimpleData name="fid">2</SimpleData>
	</SchemaData></ExtendedData>
      <MultiGeometry><LineString><coordinates>-48.5775193401171,-27.8526446555112,0 -48.5775095904965,-27.8526356363791,0 -48.5775000349636,-27.8526177763807,0 -48.5775002316056,-27.8526089337701,0 -48.5774906715185,-27.8525910732438,0 -48.5774709725886,-27.852581881112,0 -48.5774713659171,-27.8525641940676,0 -48.5774518615768,-27.8525461597687,0 -48.5774421074015,-27.8525371423422,0 -48.5774224064745,-27.8525279483447,0 -48.5773533527377,-27.852500196984,0 -48.5773334531177,-27.8524998473724,0 -48.577313555511,-27.8524994977934,0 -48.5772837070886,-27.852498973384,0 -48.5772437157188,-27.8525071168266,0 -48.5772435190568,-27.8525159594356,0 -48.577233176383,-27.8525334716724,0 -48.5772230309135,-27.8525421394847,0 -48.5772226375963,-27.8525598242206,0 -48.577212096701,-27.8525861790368,0 -48.5772013612162,-27.8526213751201,0 -48.5771810702135,-27.8526387125267,0 -48.5771808735454,-27.8526475551351,0 -48.5771804802188,-27.8526652399047,0 -48.5771802834999,-27.8526740847839,0 -48.5771800868422,-27.8526829269106,0 -48.5771699413538,-27.8526915947176,0 -48.5771697446843,-27.8527004373259,0 -48.5771695480048,-27.8527092803815,0 -48.5771594005001,-27.8527179481521,0 -48.5771287652885,-27.8527527959611,0 -48.5771285686152,-27.8527616385691,0 -48.5771182289173,-27.8527791508127,0 -48.5770776443814,-27.8528138219692,0 -48.5770577467212,-27.8528134723497,0 -48.5770278981798,-27.8528129478789,0 -48.5770179473371,-27.8528127730305,0 -48.5770079985075,-27.8528125982168,0 -48.5769590411103,-27.8527763537103,0 -48.5769490922845,-27.8527761788926,0 -48.5769092949689,-27.852775479579,0 -48.5768499939398,-27.8527567436123,0 -48.5768400446133,-27.852756568778,0 -48.5768201454186,-27.8527562190976,0 -48.5767803496238,-27.8527555197738,0 -48.5767405503079,-27.8527548203767,0 -48.5767306040017,-27.8527546455875,0 -48.5767206551795,-27.8527544707534,0 -48.5766908061973,-27.8527539462026,0 -48.5766311092029,-27.8527528970986,0 -48.5765911151485,-27.8527610420874,0 -48.5765809721252,-27.8527697098918,0 -48.5765606805479,-27.8527870449533,0 -48.5765505350035,-27.8527957127109,0 -48.5765405841659,-27.8527955378282,0 -48.576530241887,-27.8528130486354,0 -48.5765101454195,-27.8528215432938,0 -48.5764799034737,-27.8528387039123,0 -48.576479706747,-27.8528475465159,0 -48.5764598116443,-27.8528471968546,0 -48.5764397167152,-27.8528556897393,0 -48.5764297663762,-27.8528555148571,0 -48.5764198170438,-27.8528553399919,0 -48.5764096714416,-27.8528640095615,0 -48.5763895770479,-27.852872502448,0 -48.5763796262045,-27.8528723275532,0 -48.5763696773741,-27.8528721526931,0 -48.5763495809245,-27.8528806455374,0 -48.5763396320936,-27.8528804706751,0 -48.5763095894125,-27.8528887882486,0 -48.5762795456722,-27.8528971062441,0 -48.5762695968404,-27.8528969313766,0 -48.5762496971252,-27.8528965816035,0 -48.5762395495348,-27.8529052492661,0 -48.5762296007024,-27.8529050743957,0 -48.5762196518702,-27.8529048995246,0 -48.5762097055542,-27.852904724697,0 -48.576169514165,-27.8529217121848,0 -48.5761492209671,-27.8529390480475,0 -48.5761390753773,-27.8529477157717,0 -48.5761291265418,-27.8529475408938,0 -48.5760879497499,-27.8530087426406,0 -48.5760867691388,-27.853061800516,0 -48.5760756396948,-27.8531146825793,0 -48.5760752461712,-27.8531323677804,0 -48.5760342706255,-27.8531847260888,0 -48.5760243212659,-27.8531845511931,0 -48.5760139788344,-27.8532020633293,0 -48.5760038332084,-27.853210731041,0 -48.5759837367086,-27.8532192238265,0 -48.5759532977721,-27.853245226468,0 -48.5759519202713,-27.8533071286905,0 -48.575961475593,-27.8533249887823,0 -48.5759610820573,-27.8533426735342,0 -48.5759706393943,-27.8533605354852,0 -48.5759889649335,-27.8534316283369,0 -48.575988768172,-27.8534404704892,0 -48.5760273835326,-27.8534942278924,0 -48.5760757500175,-27.8535570041312,0 -48.5760952562942,-27.8535750386893,0 -48.5761050104752,-27.8535840562094,0 -48.5761249082621,-27.8535844059753,0 -48.5761344636239,-27.8536022665051,0 -48.5761539698687,-27.8536203032923,0 -48.5761535763494,-27.8536379884932,0 -48.5761631317301,-27.8536558485742,0 -48.5761726875763,-27.8536737104871,0 -48.5761724908285,-27.8536825526059,0 -48.5761822444833,-27.8536915701119,0 -48.5761820477254,-27.8537004127125,0 -48.5761918003355,-27.8537094320238,0 -48.5761916035782,-27.8537182746244,0 -48.5762013532018,-27.8537272925059,0 -48.5762011564451,-27.8537361351065,0 -48.5762007629316,-27.8537538203077,0 -48.5762107118411,-27.853753995185,0 -48.5762105150452,-27.8537628395748,0 -48.5762389864817,-27.8538252637855,0 -48.5762385929629,-27.8538429494342,0 -48.5762582960977,-27.8538521418206,0 -48.5762678514715,-27.8538700037197,0 -48.5762676547191,-27.8538788463206,0 -48.5762674579665,-27.8538876889214,0 -48.5762670644214,-27.8539053759122,0 -48.5762666709257,-27.8539230606666,0 -48.5762559349448,-27.8539582579843,0 -48.576245198986,-27.8539934539587,0 -48.5762350512465,-27.8540021216469,0 -48.5762251023141,-27.8540019467699,0 -48.5762249055165,-27.8540107911938,0 -48.5762149545704,-27.8540106162806,0 -48.5762048088787,-27.8540192840024,0 -48.5761847167778,-27.8540277764058,0 -48.5761745705789,-27.8540364441162,0 -48.5761542771291,-27.8540537813403,0 -48.5761540803659,-27.8540626239402,0 -48.5761339857165,-27.8540711172201,0 -48.5761238379998,-27.8540797848997,0 -48.5761136922945,-27.8540884526138,0 -48.5761033498199,-27.8541059629266,0 -48.5760830563078,-27.8541233001034,0 -48.5760727138346,-27.854140809966,0 -48.576072123483,-27.8541673395528,0 -48.5760719267122,-27.854176182152,0 -48.5760715331605,-27.8541938677977,0 -48.5760711395777,-27.8542115548195,0 -48.5760709428065,-27.8542203974187,0 -48.5760806949872,-27.8542294149073,0 -48.5760900556415,-27.8542561194189,0 -48.5760896621112,-27.85427380417,0 -48.576099414298,-27.8542828216576,0 -48.5761189186366,-27.8543008584201,0 -48.5761288696085,-27.8543010333419,0 -48.5761587169891,-27.8543015580056,0 -48.5761686674581,-27.8543017329156,0 -48.5761786169207,-27.8543019078073,0 -48.5761885633639,-27.8543020826451,0 -48.5762084612831,-27.8543024324072,0 -48.5762186090456,-27.8542937633806,0 -48.5762285580046,-27.8542939382598,0 -48.5762387057836,-27.8542852701269,0 -48.5762490482566,-27.8542677598041,0 -48.5762591939598,-27.8542590925278,0 -48.576269142916,-27.8542592674039,0 -48.5762894363889,-27.854241930199,0 -48.5762995825999,-27.854233262481,0 -48.5762997793526,-27.8542244198803,0 -48.5763099225029,-27.8542157521076,0 -48.5763101192547,-27.8542069095069,0 -48.576310316047,-27.8541980650827,0 -48.5763308042087,-27.854171886576,0 -48.576340951958,-27.8541632188815,0 -48.5763510976433,-27.8541545516317,0 -48.5763610486036,-27.8541547265359,0 -48.5763809464984,-27.8541550762713,0 -48.5764008448968,-27.8541554260128,0 -48.5764304970611,-27.8541647927622,0 -48.5764404434549,-27.8541649675804,0 -48.5764597531377,-27.8541918455925,0 -48.5764695053505,-27.8542008630554,0 -48.5764790607862,-27.8542187249431,0 -48.576478864048,-27.8542275675449,0 -48.5764886183171,-27.8542365850429,0 -48.5764884215795,-27.8542454276447,0 -48.5764981737594,-27.8542544468952,0 -48.5765079259808,-27.8542634643559,0 -48.5765172867556,-27.8542901666081,0 -48.5765270389716,-27.854299184515,0 -48.5765367911694,-27.8543082033159,0 -48.5765363976908,-27.8543258889673,0 -48.5765461504247,-27.8543349064347,0 -48.5765559001408,-27.8543439238484,0 -48.5765557034078,-27.8543527664505,0 -48.5765754065825,-27.8543619606214,0 -48.5765849620987,-27.8543798202326,0 -48.5765947143382,-27.8543888376882,0 -48.5766044685922,-27.8543978551785,0 -48.5766040750933,-27.8544155421724,0 -48.576623778353,-27.8544247349617,0 -48.5766524448795,-27.8544783169167,0 -48.5766719514112,-27.8544963514074,0 -48.5766819008953,-27.8544965262639,0 -48.5766817041207,-27.8545053711375,0 -48.5767014028555,-27.8545145629421,0 -48.5767207126608,-27.8545414409243,0 -48.576749577995,-27.8545861802955,0 -48.5767788352767,-27.8546132344289,0 -48.5767881956781,-27.8546399366594,0 -48.5768170569887,-27.8546846764295,0 -48.5768168602741,-27.854693519033,0 -48.5768166635593,-27.8547023616364,0 -48.5768164668047,-27.8547112060289,0 -48.5768160733848,-27.8547288907884,0 -48.5768055367788,-27.8547552442511,0 -48.5767844579171,-27.8548079519689,0 -48.576784261159,-27.8548167963611,0 -48.5767641643657,-27.854825289243,0 -48.5767639676456,-27.8548341318459,0 -48.5767637709354,-27.8548429740016,0 -48.5767635742151,-27.8548518166044,0 -48.5767518546171,-27.8549312292453,0 -48.5767516578951,-27.854940071848,0 -48.5767512644111,-27.8549577588425,0 -48.5767510676988,-27.8549666009978,0 -48.5767508709765,-27.8549754436005,0 -48.5767506742541,-27.8549842862031,0 -48.5767498873129,-27.8550196588842,0 -48.5767494938671,-27.8550373440894,0 -48.5767588526911,-27.8550640485314,0 -48.5767586559786,-27.8550728906867,0 -48.576758459256,-27.8550817332892,0 -48.5767684087941,-27.8550819081428,0 -48.5767976677526,-27.8551089623063,0 -48.5768173665451,-27.8551181549951,0 -48.5768271209181,-27.8551271724748,0 -48.5768470189586,-27.8551275221535,0 -48.576856773335,-27.8551365396313,0 -48.5768862270316,-27.8551547493497,0 -48.5769061271297,-27.8551550990563,0 -48.5769158799246,-27.8551641183267,0 -48.5769256297422,-27.8551731357199,0 -48.5769455298442,-27.855173485421,0 -48.5769853280365,-27.8551741847793,0 -48.5769952770815,-27.8551743596082,0 -48.5770251262688,-27.8551748841267,0 -48.5770450263727,-27.8551752338135,0 -48.5770748714967,-27.8551757582499,0 -48.5770947716014,-27.8551761079295,0 -48.5771146717065,-27.8551764576063,0 -48.5771445188454,-27.855176982063,0 -48.5771544678918,-27.8551771568804,0 -48.5771743680367,-27.8551775065493,0 -48.5771942640786,-27.8551778561431,0 -48.5772042131255,-27.855178030957,0 -48.5772141642242,-27.8551782058063,0 -48.5772241132713,-27.8551783806187,0 -48.5772440133787,-27.8551787302768,0 -48.5772539624261,-27.8551789050871,0 -48.577263714791,-27.8551879225024,0 -48.5772736638394,-27.8551880973114,0 -48.5772933672799,-27.8551972890867,0 -48.5773130666871,-27.8552064812703,0 -48.5773230157375,-27.8552066560758,0 -48.5773429158516,-27.85520700572,0 -48.5773524715106,-27.8552248675594,0 -48.5773721749931,-27.8552340598066,0 -48.5773916817577,-27.8552520951043,0 -48.5774014341409,-27.8552611125109,0 -48.5774410362131,-27.8552706543553,0 -48.5774607351043,-27.8552798482996,0 -48.5774706841624,-27.8552800230949,0 -48.5775001420739,-27.855298232762,0 -48.5775397416252,-27.8553077740872,0 -48.5775793411625,-27.8553173181202,0 -48.5775890935785,-27.8553263350332,0 -48.577608993757,-27.855326684641,0 -48.5776386463076,-27.8553360516367,0 -48.5776681006931,-27.8553542616553,0 -48.5776876075787,-27.8553722964686,0 -48.5776874108884,-27.8553811409004,0 -48.5777069131753,-27.8553991756305,0 -48.5777357791407,-27.8554439143827,0 -48.5777453369664,-27.8554617748595,0 -48.5777451403206,-27.855470617468,0 -48.577744746989,-27.8554883044741,0 -48.577744550343,-27.8554971470826,0 -48.5777632686042,-27.8555505536616,0 -48.577772824361,-27.8555684154429,0 -48.5777722344175,-27.8555949437159,0 -48.577771841128,-27.8556126289329,0 -48.5777712511533,-27.8556391585475,0 -48.5777710545082,-27.8556480011559,0 -48.577770661177,-27.8556656881964,0 -48.5777704645416,-27.8556745303575,0 -48.5777702678961,-27.8556833729659,0 -48.5777802190064,-27.8556835477765,0 -48.5777897748058,-27.8557014082154,0 -48.577799134438,-27.855728112613,0 -48.5778086902539,-27.8557459726036,0 -48.5778081002849,-27.8557725022184,0 -48.5778272139423,-27.8558082222337,0 -48.5778369638939,-27.85581723957,0 -48.5778459297608,-27.8558616291739,0 -48.5778552909268,-27.8558883336297,0 -48.5778550942963,-27.8558971757912,0 -48.5778548976559,-27.8559060183998,0 -48.5778547010153,-27.8559148610085,0 -48.5778644534547,-27.8559238801768,0 -48.5778642568148,-27.8559327227856,0 -48.577873812647,-27.8559505832203,0 -48.5778736160076,-27.855959425829,0 -48.5778734193681,-27.8559682684377,0 -48.5778732226888,-27.8559771128355,0 -48.5778829772265,-27.8559861302499,0 -48.5778925330858,-27.8560039897891,0 -48.5778921397685,-27.8560216768302,0 -48.5779016956221,-27.8560395368162,0 -48.5779108581543,-27.8560750842559,0 -48.5779106615169,-27.8560839268647,0 -48.5779104648793,-27.8560927694735,0 -48.5779094816605,-27.8561369838592,0 -48.5779090883744,-27.8561546695239,0 -48.5779084984188,-27.8561811991735,0 -48.5779083017803,-27.8561900417822,0 -48.5779079085031,-27.8562077269995,0 -48.5779075151856,-27.8562254140058,0 -48.5779073185467,-27.8562342566144,0 -48.5778969761283,-27.8562517666149,0 -48.5778967794883,-27.8562606092234,0 -48.5778963861682,-27.8562782962295,0 -48.5778961895179,-27.8562871392853,0 -48.5778959928776,-27.8562959818937,0 -48.5778856504408,-27.85631349234,0 -48.5778854537994,-27.8563223349484,0 -48.5778753079601,-27.8563310046089,0 -48.5778546209876,-27.8563660268021,0 -48.5778542276987,-27.8563837120183,0 -48.5778540310442,-27.8563925550736,0 -48.5778536377547,-27.8564102402897,0 -48.5778534411099,-27.8564190828977,0 -48.5778532444251,-27.8564279272948,0 -48.5778530477801,-27.8564367699028,0 -48.577852851135,-27.8564456125108,0 -48.5778522611585,-27.8564721421582,0 -48.5778520645237,-27.8564809842844,0 -48.5778618170497,-27.8564900016663,0 -48.5778813241482,-27.8565080369117,0 -48.5779008291708,-27.8565260734949,0 -48.577920532894,-27.8565352656792,0 -48.5779402325945,-27.8565444577901,0 -48.5779696888264,-27.8565626691335,0 -48.5779792447336,-27.8565805291167,0 -48.5780184535812,-27.8566077555884,0 -48.5780182569381,-27.8566165986446,0 -48.5780379606972,-27.8566257921562,0 -48.5780572671157,-27.8566526699166,0 -48.5780668230444,-27.8566705298949,0 -48.5780865267681,-27.8566797238814,0 -48.5780857402647,-27.8567150938708,0 -48.5780855435964,-27.8567239382691,0 -48.5780752011329,-27.8567414491753,0 -48.5780650532934,-27.8567501169888,0 -48.5780648566629,-27.8567589595978,0 -48.5780545141626,-27.8567764718438,0 -48.5780443708861,-27.8567851397357,0 -48.5780342245497,-27.856793807573,0 -48.5780340279263,-27.8568026497345,0 -48.5780238805421,-27.8568113175525,0 -48.5780035883223,-27.8568286550551,0 -48.5780033916868,-27.8568374976292,0 -48.5779926558833,-27.8568726955677,0 -48.5779922626084,-27.8568903807843,0 -48.5779920659708,-27.8568992233926,0 -48.5780109811796,-27.8569437873082,0 -48.5780205376156,-27.8569616477463,0 -48.5780300950691,-27.8569795095785,0 -48.5780297017992,-27.856997194761,0 -48.5780490082436,-27.8570240739016,0 -48.5780587608321,-27.857033091273,0 -48.5780683188124,-27.8570509508405,0 -48.5780876273277,-27.8570778299783,0 -48.5780874306864,-27.8570866730343,0 -48.5781069379339,-27.8571047078081,0 -48.5781168871634,-27.8571048825673,0 -48.578126443136,-27.8571227425435,0 -48.5781361977128,-27.8571317617348,0 -48.5781457537006,-27.8571496212627,0 -48.5781553101343,-27.857167483517,0 -48.5781652593699,-27.857167658273,0 -48.578165062754,-27.8571765004348,0 -48.578164866128,-27.8571853430439,0 -48.5781746202886,-27.8571943604357,0 -48.5781845700301,-27.8571945351993,0 -48.5781943200798,-27.857203552965,0 -48.578204072696,-27.8572125703277,0 -48.5782138273268,-27.8572215877252,0 -48.5782335291484,-27.8572307816272,0 -48.5782629856894,-27.8572489911326,0 -48.5782826880635,-27.8572581832479,0 -48.5782924421621,-27.8572672024207,0 -48.5783021952955,-27.8572762197861,0 -48.5783220912726,-27.8572765692333,0 -48.5783417951769,-27.85728576092,0 -48.578351547813,-27.8572947782734,0 -48.5783614990747,-27.8572949530514,0 -48.5783813975724,-27.8572953025344,0 -48.578381200963,-27.8573041451447,0 -48.5784106575402,-27.8573223550685,0 -48.5784795856908,-27.8574007404065,0 -48.5785720734062,-27.8574453372169,0 -48.5787351865479,-27.8575026315341,0 -48.5788435243546,-27.8575511170303,0 -48.5788634249192,-27.8575514664821,0 -48.5788733741951,-27.8575516411892,0 -48.578943019129,-27.8575528641192,0 -48.5790130612524,-27.8575364018572,0 -48.579023012541,-27.8575365765888,0 -48.5790331583652,-27.8575279091174,0 -48.5790934437167,-27.857502427642,0 -48.5791135408277,-27.8574939344423,0 -48.5791837794798,-27.8574686276505,0 -48.5791937292537,-27.8574688023429,0 -48.5792036759695,-27.8574689769809,0 -48.5792136252404,-27.857469151663,0 -48.5792335258342,-27.8574695010612,0 -48.5792434751053,-27.8574696757412,0 -48.5792733249324,-27.8574701998122,0 -48.5793031747989,-27.8574707238775,0 -48.5793230738458,-27.8574710732355,0 -48.5794217839457,-27.8575081922918,0 -48.5794709407189,-27.8575355952585,0 -48.5794806934856,-27.8575446120917,0 -48.579490446244,-27.8575536293716,0 -48.5795003975377,-27.8575538040689,0 -48.5795101502986,-27.8575628213475,0 -48.579519905103,-27.8575718391089,0 -48.5795296578671,-27.8575808563863,0 -48.5795394106328,-27.8575898736631,0 -48.5795491633604,-27.8575988927285,0 -48.5795788172181,-27.8576082593622,0 -48.5795887665045,-27.8576084340181,0 -48.5796086625612,-27.8576087832836,0 -48.5796285631476,-27.8576091326257,0 -48.5796385144474,-27.8576093073133,0 -48.5797592834973,-27.8575495025517,0 -48.5797694312815,-27.8575408350577,0 -48.5797797735986,-27.8575233226719,0 -48.5797897228787,-27.8575234973128,0 -48.579799868655,-27.8575148293337,0 -48.5798100164427,-27.857506161389,0 -48.5798199657214,-27.8575063360276,0 -48.5798400587994,-27.8574978408242,0 -48.5798798579258,-27.8574985394009,0 -48.5798898092561,-27.8574987140705,0 -48.5799196591054,-27.8574992380022,0 -48.5799594582347,-27.8574999365559,0 -48.5799895005403,-27.8574916177813,0 -48.5800293016819,-27.85749231635,0 -48.5800690987988,-27.8574930148367,0 -48.5800889994096,-27.8574933641117,0 -48.5802286842678,-27.8574781234955,0 -48.5802485848395,-27.8574784727467,0 -48.5802686798562,-27.8574699793372,0 -48.5802989226649,-27.8574528174944,0 -48.580328969003,-27.8574444969247,0 -48.5803590158005,-27.8574361781462,0 -48.5803791082854,-27.8574276846753,0 -48.5804495430824,-27.8573935350747,0 -48.5805406600856,-27.857324363145,0 -48.5805510042232,-27.8573068529634,0 -48.5805609534892,-27.8573070275475,0 -48.5805712956584,-27.8572895150923,0 -48.5806226134495,-27.8572196447606,0 -48.5806230063436,-27.8572019576868,0 -48.5806552132919,-27.8570963663714,0 -48.5806653589618,-27.8570876983212,0 -48.5806657517963,-27.8570700135173,0 -48.5806661446809,-27.8570523264425,0 -48.5806764888183,-27.8570348158014,0 -48.5806766852384,-27.8570259732101,0 -48.5806868309104,-27.857017304676,0 -48.5806969765999,-27.8570086352808,0 -48.5806971730289,-27.8569997922076,0 -48.5807377581543,-27.856965120477,0 -48.5807477073905,-27.8569652950457,0 -48.5807578545901,-27.8569566252246,0 -48.5807779474603,-27.8569481316963,0 -48.5807878966952,-27.8569483062619,0 -48.5808079935879,-27.8569398127997,0 -48.5808280905164,-27.8569313193349,0 -48.580857938218,-27.8569318430185,0 -48.5808780351029,-27.8569233495454,0 -48.5809080772313,-27.8569150287663,0 -48.5809281741097,-27.8569065352854,0 -48.5809480745873,-27.8569068844291,0 -48.5809681694591,-27.8568983904252,0 -48.5809984119931,-27.8568812288923,0 -48.5810183084023,-27.8568815779542,0 -48.5810282576329,-27.8568817525021,0 -48.5810284540141,-27.8568729103212,0 -48.5810483545258,-27.8568732594507,0 -48.5810586965447,-27.8568557464681,0 -48.581068647825,-27.8568559210489,0 -48.5810785970536,-27.856856095593,0 -48.5810885462824,-27.8568562701364,0 -48.5810986918865,-27.8568476024977,0 -48.5811088395119,-27.8568389344461,0 -48.5811289348526,-27.8568304409076,0 -48.5811488348548,-27.8568307900133,0 -48.5812097084838,-27.8567787792177,0 -48.5812198561726,-27.8567701093685,0 -48.5812300017684,-27.8567614412715,0 -48.5813012172916,-27.8566919205624,0 -48.5813224923336,-27.8566303694477,0 -48.5813537165941,-27.8565689910269,0 -48.5813640585311,-27.8565514798399,0 -48.5813642548922,-27.8565426372091,0 -48.5813646476035,-27.856524952429,0 -48.5813745968041,-27.8565251269499,0 -48.5813749895646,-27.8565074398645,0 -48.5813751859244,-27.8564985972335,0 -48.5813753822842,-27.8564897546025,0 -48.5813755786836,-27.8564809101824,0 -48.5813757750432,-27.8564720675514,0 -48.5813759714027,-27.8564632249204,0 -48.5813761677621,-27.8564543822894,0 -48.5813767568498,-27.8564278539489,0 -48.5813771496083,-27.8564101668632,0 -48.5813775423152,-27.8563924820827,0 -48.581377935073,-27.8563747949968,0 -48.58137832779,-27.8563571097345,0 -48.5813785241483,-27.8563482671033,0 -48.5813789168747,-27.8563305813936,0 -48.5813791132725,-27.8563217369733,0 -48.5813793096305,-27.8563128943421,0 -48.5813797023362,-27.8562952095268,0 -48.5813802914488,-27.8562686798439,0 -48.581371127714,-27.8562331343525,0 -48.5813613749293,-27.8562241158256,0 -48.5812472829146,-27.8559832628012,0 -48.5812281680617,-27.855947541846,0 -48.5811805830385,-27.8558493962126,0 -48.5811706333978,-27.8558492216728,0 -48.5811612718171,-27.85582251967,0 -48.5811513226821,-27.8558223451377,0 -48.5811419622029,-27.8557956409158,0 -48.5811222582999,-27.8557864491826,0 -48.5811027528289,-27.8557684130629,0 -48.5810732961939,-27.8557502037098,0 -48.5810537886462,-27.8557321693371,0 -48.5810344821231,-27.8557052910368,0 -48.5810149745898,-27.8556872566594,0 -48.5810052213878,-27.8556782376898,0 -48.5809956650347,-27.855660377888,0 -48.5809857159159,-27.8556602033448,0 -48.5809761595774,-27.8556423430946,0 -48.5809662084472,-27.8556421685148,0 -48.5809467009752,-27.8556241341297,0 -48.5809369482878,-27.8556151151647,0 -48.5809174453447,-27.8555970813028,0 -48.5808877918829,-27.8555877149819,0 -48.5808684828805,-27.85556083617,0 -48.5808004088477,-27.8554888710014,0 -48.5807516428239,-27.8554437836848,0 -48.5807225791753,-27.8554078876327,0 -48.5807132193046,-27.8553811847398,0 -48.5807034645559,-27.8553721679954,0 -48.5806937119216,-27.855363148534,0 -48.5806843520413,-27.8553364465342,0 -48.5806845484872,-27.8553276021171,0 -48.5806749902017,-27.8553097422622,0 -48.5806654339421,-27.8552918819949,0 -48.5806656303495,-27.855283039367,0 -48.5806666124147,-27.8552388248856,0 -48.5806668088215,-27.8552299822576,0 -48.5806670052688,-27.8552211378061,0 -48.5806673980819,-27.8552034525501,0 -48.5806675944884,-27.8551946099221,0 -48.5806677908948,-27.8551857672941,0 -48.580667987311,-27.8551769242188,0 -48.5806584336473,-27.8551590626544,0 -48.5806586300541,-27.8551502200264,0 -48.5806488768498,-27.8551412028243,0 -48.5806492696547,-27.8551235180156,0 -48.5806399098898,-27.8550968137782,0 -48.5806223666959,-27.8549903494627,0 -48.5806225631043,-27.8549815068347,0 -48.5806229559604,-27.8549638197896,0 -48.5806132033168,-27.8549548025955,0 -48.5806133997355,-27.8549459595202,0 -48.5806135961442,-27.8549371168923,0 -48.5806137925528,-27.8549282742643,0 -48.5806139890019,-27.8549194298127,0 -48.5806044327619,-27.8549015704376,0 -48.580604629171,-27.8548927278096,0 -48.5806050220286,-27.8548750407645,0 -48.5806054148461,-27.8548573555084,0 -48.5805960530283,-27.854830652575,0 -48.5805962494673,-27.8548218086052,0 -48.5805864968477,-27.8548127909627,0 -48.580567775216,-27.8547593846811,0 -48.5805681680376,-27.8547416994252,0 -48.5805584154172,-27.8547326822285,0 -48.5805588082805,-27.8547149951492,0 -48.5805492546399,-27.8546971349217,0 -48.5805494510518,-27.8546882922938,0 -48.5805400907889,-27.8546615884898,0 -48.5805303381777,-27.8546525712916,0 -48.5805106345325,-27.8546433794858,0 -48.5805008819253,-27.8546343622858,0 -48.5804911293596,-27.8546253432961,0 -48.5804129101503,-27.8545620459899,0 -48.5803350798512,-27.8544810638021,0 -48.580325523741,-27.8544632021755,0 -48.5803155747363,-27.8544630275908,0 -48.5803058247163,-27.8544540104236,0 -48.5802962639955,-27.8544361509516,0 -48.5802572537618,-27.8544000802719,0 -48.5802274067669,-27.8543995565019,0 -48.5802075067577,-27.8543992072831,0 -48.5801876067102,-27.8543988580606,0 -48.5801776577124,-27.8543986834664,0 -48.5801577617688,-27.8543983343117,0 -48.5801378617222,-27.8543979850821,0 -48.5801277162812,-27.8544066531097,0 -48.5801175708386,-27.8544153211365,0 -48.5800871324576,-27.8544413265526,0 -48.5800769870086,-27.854449994576,0 -48.580067035994,-27.8544498199381,0 -48.580016505628,-27.8544843196586,0 -48.5800065561205,-27.8544841450427,0 -48.5799864616563,-27.8544926384508,0 -48.5799466615727,-27.8544919399378,0 -48.5798573149887,-27.8544815257434,0 -48.5798376134608,-27.8544723334348,0 -48.5798278589144,-27.8544633161561,0 -48.5798183028916,-27.8544454544996,0 -48.5798083538923,-27.8544452798784,0 -48.5797886503137,-27.8544360879747,0 -48.5797689508321,-27.8544268965876,0 -48.5797295457846,-27.8544085109796,0 -48.5797197932661,-27.8543994937294,0 -48.5797100407492,-27.8543904764786,0 -48.5797004826991,-27.8543726165692,0 -48.5796807791922,-27.8543634242047,0 -48.5796708302013,-27.8543632495741,0 -48.5796608837268,-27.8543630749869,0 -48.5796308382486,-27.8543713941229,0 -48.5796208887542,-27.8543712194798,0 -48.5795703557931,-27.8544057167491,0 -48.579560208256,-27.8544143865203,0 -48.5795399172939,-27.8544317220363,0 -48.5795098743154,-27.8544400407409,0 -48.5794601268173,-27.8544391674726,0 -48.5794404232732,-27.854429975521,0 -48.5794006252803,-27.854429276888,0 -48.5793809258371,-27.8544200854477,0 -48.5793514698583,-27.8544018743875,0 -48.5793118683881,-27.8543923331093,0 -48.5792919683551,-27.8543919837578,0 -48.5792822158766,-27.854382966479,0 -48.579232864,-27.8543644079358,0 -48.5792233080855,-27.8543465462445,0 -48.5792034101138,-27.8543461969168,0 -48.5791936556053,-27.8543371791491,0 -48.5791840996597,-27.8543193192447,0 -48.5791741486636,-27.8543191445432,0 -48.5791643961917,-27.8543101277043,0 -48.5791546437313,-27.8543011104175,0 -48.5791351408682,-27.8542830740883,0 -48.5791353373914,-27.8542742314692,0 -48.5791062745846,-27.8542383351239,0 -48.5791066676447,-27.8542206494385,0 -48.5791068641697,-27.8542118068195,0 -48.5790971117119,-27.8542027900111,0 -48.5790873573039,-27.8541937704142,0 -48.5790684420305,-27.8541492066325,0 -48.5790489351035,-27.8541311720112,0 -48.5790294327994,-27.854113137021,0 -48.5789999764612,-27.8540949258851,0 -48.5789902240332,-27.8540859085884,0 -48.5789806666205,-27.854068049128,0 -48.5789611613114,-27.8540500126995,0 -48.5789416564715,-27.854031978101,0 -48.5789320985785,-27.8540141181474,0 -48.5789125917377,-27.8539960817202,0 -48.5789030358752,-27.853978221353,0 -48.5788930869253,-27.8539780466686,0 -48.5788835336025,-27.8539601872397,0 -48.5788837301434,-27.8539513446218,0 -48.5788739772344,-27.8539423273094,0 -48.5788642233604,-27.8539333081895,0 -48.5788646164447,-27.8539156229539,0 -48.5788457007829,-27.8538710582103,0 -48.5788462904023,-27.8538445308042,0 -48.578846486995,-27.85383568595,0 -48.5788468800707,-27.8538180011616,0 -48.5788470766134,-27.8538091585437,0 -48.5788472731957,-27.8538003141367,0 -48.5788474697382,-27.8537914715189,0 -48.5788476662806,-27.853782628901,0 -48.5788478628229,-27.8537737862831,0 -48.5788691370491,-27.8537122355493,0 -48.5788693336296,-27.8537033911076,0 -48.5788695301695,-27.8536945484894,0 -48.5788697267093,-27.8536857058713,0 -48.5788904127602,-27.8536506830125,0 -48.5788908058456,-27.8536329973285,0 -48.5788910023831,-27.8536241547101,0 -48.5788913954481,-27.8536064699206,0 -48.5788923781735,-27.8535622550392,0 -48.5788925747509,-27.8535534105972,0 -48.5788927712877,-27.8535445679787,0 -48.5788929678244,-27.8535357253602,0 -48.5788939505562,-27.8534915100311,0 -48.5788943436184,-27.8534738252411,0 -48.5788947367301,-27.8534561382148,0 -48.5788851803977,-27.8534382782867,0 -48.5788656736311,-27.8534202432004,0 -48.5788660667067,-27.8534025579634,0 -48.5788664598225,-27.8533848709028,0 -48.5788668528874,-27.853367186113,0 -48.5788569039936,-27.8533670114294,0 -48.5788471516387,-27.8533579941267,0 -48.578837792443,-27.8533312897981,0 -48.5788284311311,-27.8533045867742,0 -48.5788089244652,-27.8532865503405,0 -48.5788041444764,-27.8532776167279,0 -48.5787993686534,-27.853268690864,0 -48.5787995651954,-27.8532598482458,0 -48.578779866488,-27.8532506562954,0 -48.578780063072,-27.8532418118538,0 -48.5787802596153,-27.8532329692356,0 -48.5787703102311,-27.8532327945377,0 -48.5787607529301,-27.8532149345853,0 -48.5787609494847,-27.85320609152,0 -48.5787511966782,-27.853197072861,0 -48.5787513932235,-27.853188230243,0 -48.5787416409028,-27.8531792124868,0 -48.5787125784953,-27.8531433161144,0 -48.5786930738399,-27.8531252819386,0 -48.5786831229177,-27.8531251072079,0 -48.5786733705983,-27.8531160898948,0 -48.578653667399,-27.8531068978491,0 -48.5786142670893,-27.8530885120666,0 -48.5785945639004,-27.853079320013,0 -48.5785746661693,-27.8530789706092,0 -48.5785551595567,-27.8530609354516,0 -48.578525507477,-27.8530515686838,0 -48.5784861051982,-27.8530331828319,0 -48.5784566517424,-27.853014973917,0 -48.5784074931785,-27.8529875706463,0 -48.5783778436884,-27.8529782038935,0 -48.5783288832217,-27.8529419575254,0 -48.5783093786768,-27.8529239228883,0 -48.5782898721163,-27.8529058886263,0 -48.5782604192831,-27.8528876774115,0 -48.5782309654131,-27.8528694679968,0 -48.5782311619979,-27.8528606253817,0 -48.5782116555114,-27.8528425888736,0 -48.5782118520975,-27.8528337462587,0 -48.5782120486935,-27.8528249031965,0 -48.578192347602,-27.8528157111255,0 -48.5781443687361,-27.8527352507051,0 -48.5780956075546,-27.8526901640004,0 -48.5780858553737,-27.85268114438,0 -48.5780659557099,-27.852680794872,0 -48.5780560068846,-27.8526806201346,0 -48.5780361071826,-27.8526802706216,0 -48.5780162120874,-27.8526799211867,0 -48.5779961172817,-27.8526884165797,0 -48.5779559267667,-27.8527054023154,0 -48.5779358304542,-27.852713895401,0 -48.5779258816268,-27.852713720654,0 -48.5779157341675,-27.8527223889314,0 -48.5779055887295,-27.852731056796,0 -48.5778755461343,-27.8527393751678,0 -48.5778554513178,-27.8527478700916,0 -48.5778152607507,-27.852764856265,0 -48.5778053119196,-27.8527646815091,0 -48.5777854122059,-27.852764331959,0 -48.5777555637006,-27.8527638076472,0 -48.5777356680524,-27.8527634581613,0 -48.5777058195485,-27.8527629338387,0 -48.5776958707183,-27.8527627590749,0 -48.5776759710453,-27.8527624095097,0 -48.5776660222154,-27.8527622347437,0 -48.5776162780673,-27.8527613609031,0 -48.577606329238,-27.8527611861328,0 -48.577596378357,-27.8527610113258,0 -48.5775864295279,-27.852760836554,0 -48.5775667285463,-27.8527516443983,0 -48.577527912424,-27.8527067299036,0 -48.5775281090644,-27.852697887293,0 -48.5775285023344,-27.8526802025534,0 -48.5775185535131,-27.8526800277772,0 -48.5775191434763,-27.8526534981218,0 -48.5775193401171,-27.8526446555112,0</coordinates></LineString></MultiGeometry>
  </Placemark>
</Folder>
</Document></kml>
